"Order consignment id","Order created at","Order description","Merchant order id","Recipient name","Recipient address","Recipient phone","Payment Status","Collectable Amount","Collected amount","Total fee","Cod fee","Delivery fee","Cash on delivery","Order status","Order status updated at","Store name","Order type",item_type
DS020726VXELRK,"2026-07-02 07:24:54","Cairo S shirt","""N/A""","Shahariar ridom","Thanthania Gak Office ( Royal Life Madok Niramoy Centre r opposite e ) , banker wahed&#039;s resident.
BD
",01601893368,Paid,1030,1030,110.3,10.3,100,Yes,Delivered,"2026-07-04 05:28:32","Shingara Banani",Delivery,Parcel
RS28062687ZXZB,"2026-06-29 13:12:49","Farro Xl","""N/A""","SHINGARA PRODUCTION (Shingara HQ)","254 (ROYAL HAFIZ GARDEN) , In front of ibrahimpur primary school, North Ibrahimpur, Dhaka",01731012345,Paid,0,0,0,0,0,No,"Returned To Merchant","2026-06-30 11:34:24","Reverse Logistics @ Pathao",Return,Parcel
DS280626BU66CN,"2026-06-28 06:12:03","Midnight muse M","""N/A""","Tahsin Kamal","
R9 H565 Mirpur DOHS Dhaka
Dhaka
Bangladesh
",01720906479,Paid,2080,2080,70.4,10.4,60,Yes,Delivered,"2026-06-29 08:18:36","Shingara HQ",Delivery,Parcel
DS280626Y8XVGB,"2026-06-28 06:10:58","Black formal pant S
Cream formal pant S
Ashford denim pant S
Miles denim pant S","""N/A""","Rezwan Ahmed","
Bulus Center (17th floor), Road: 34, Plot: CWS- (A)-1, Gulshan Avenue, Dhaka-1212
BD
",01302267680,Paid,6380,6380,136.9,31.9,105,Yes,Delivered,"2026-06-29 12:12:48","Shingara Banani",Delivery,Parcel
DS28062687ZXZB,"2026-06-28 06:09:36","Farro Xl","""N/A""","Jarin Sadaf","518/C, Khilgaon, Dhaka (house name: Biroti Vita)
BD
",01735429493,Paid,2330,80,70.4,0.4,70,Yes,"Paid Return","2026-06-29 12:49:17","Shingara Banani",Delivery,Parcel
DS270626JASYJN,"2026-06-27 09:22:35","ROOK L","""N/A""","Rozain Alvee ","Kanchan bazar, Rupganj, Narayanganj. 

Phone number :",01307718934,Paid,1220,1220,92.2,12.2,80,Yes,Delivered,"2026-06-28 06:46:04","Shingara HQ",Delivery,Parcel
DS240626CS2MY3,"2026-06-24 09:39:53","Milo L, Blanc L","""N/A""",Mahim,"
Nak kata bari, Mosjid Goli, Pagla, Fatullah, Narayanganj
BD
",01642174549,Paid,2320,2320,143.2,23.2,120,Yes,Delivered,"2026-06-25 08:30:23","Shingara HQ",Delivery,Parcel
DS230626SNX9QU,"2026-06-23 09:03:43","Mauve | Hoodie - M, Noah | Hoodie - M","""7666""","Samiul Islam","House#F2 Block-F Road#8 Arambagh Eastern Housing Ltd. Mirpur Section-7, Dhaka, 1216",01751382318,Paid,2278,2278,101.39,11.39,90,Yes,Delivered,"2026-06-24 08:18:24","Shingara HQ",Delivery,Parcel
DS230626GB7YT8,"2026-06-23 09:03:43","Cairo | Half Sleeve Shirt - M","""7667""",Prachurjo,"Uttara Sector 11 road 9 house 26",01560012380,Paid,1179,1179,65.9,5.9,60,Yes,Delivered,"2026-06-24 09:14:45","Shingara HQ",Delivery,Parcel
RE070626TDTBXL,"2026-06-22 14:52:42","Aster | Half Sleeve Shirt - M, Cairo | Half Sleeve Shirt - M exchanged product of DS070626TDTBXL","""7625""","SHINGARA PRODUCTION (Shingara HQ)","254 (ROYAL HAFIZ GARDEN) , In front of ibrahimpur primary school, North Ibrahimpur, Dhaka",01731012345,Paid,0,0,0,0,0,No,"Returned To Merchant","2026-06-23 11:41:44","Reverse Logistics @ Pathao",Return,Parcel
RS200626R3R4B2,"2026-06-21 15:11:04","Exchange denim pant","""N/A""","SHINGARA PRODUCTION (Shingara HQ)","254 (ROYAL HAFIZ GARDEN) , In front of ibrahimpur primary school, North Ibrahimpur, Dhaka",01731012345,Paid,0,0,0,0,0,No,"Returned To Merchant","2026-06-22 13:04:08","Reverse Logistics @ Pathao",Return,Parcel
RS2006269TKAVS,"2026-06-21 14:46:04","Aster | Half Sleeve Shirt - M","""7664""","SHINGARA PRODUCTION (Shingara HQ)","254 (ROYAL HAFIZ GARDEN) , In front of ibrahimpur primary school, North Ibrahimpur, Dhaka",01731012345,Paid,0,0,0,0,0,No,"Returned To Merchant","2026-06-22 13:04:08","Reverse Logistics @ Pathao",Return,Parcel
RS130626QMV3WU,"2026-06-21 12:04:11","Ashford | Denim Pant - L","""7649""","SHINGARA PRODUCTION (Shingara HQ)","254 (ROYAL HAFIZ GARDEN) , In front of ibrahimpur primary school, North Ibrahimpur, Dhaka",01731012345,Paid,0,0,0,0,0,No,"Returned To Merchant","2026-06-22 13:04:08","Reverse Logistics @ Pathao",Return,Parcel
RE1406266AC5J6,"2026-06-21 11:16:47","Ash | Gurkha Pant - S exchanged product of DS1406266AC5J6","""7647""","SHINGARA PRODUCTION (Shingara HQ)","254 (ROYAL HAFIZ GARDEN) , In front of ibrahimpur primary school, North Ibrahimpur, Dhaka",01731012345,Paid,0,0,50,0,50,No,"Returned To Merchant","2026-06-22 13:04:08","Reverse Logistics @ Pathao",Return,Parcel
RS200626P5U548,"2026-06-21 11:00:48","Cairo | Half Sleeve Shirt - XL
Aster | Half Sleeve Shirt - XL","""N/A""","SHINGARA PRODUCTION (Shingara HQ)","254 (ROYAL HAFIZ GARDEN) , In front of ibrahimpur primary school, North Ibrahimpur, Dhaka",01731012345,Paid,0,0,0,0,0,No,"Returned To Merchant","2026-06-22 13:04:08","Reverse Logistics @ Pathao",Return,Parcel
DS200626R3R4B2,"2026-06-20 15:25:17","Exchange denim pant","""N/A""","Faiyaz Ahmed ","
Mirpur DOHS road:1 house:104 ave:1 
faiyaz.khan1369@gmail.com",01344119330,Paid,80,80,70.4,0.4,70,Yes,"Paid Return","2026-06-21 06:35:15","Shingara Banani",Delivery,Parcel
ES070626TDTBXL,"2026-06-20 09:45:06","Aster | Half Sleeve Shirt - M, Cairo | Half Sleeve Shirt - M exchanged product of DS070626TDTBXL","""7625""",Anis,"7th floor Rooftop, H 473, R 12, Block E, Bashundhara R/A, Vatara, Dhaka",01815864714,Paid,80,80,60.4,0.4,60,Yes,Exchange,"2026-06-22 10:38:38","Shingara Banani",Delivery,Parcel
ES1406266AC5J6,"2026-06-20 09:44:32","Ash | Gurkha Pant - S exchanged product of DS1406266AC5J6","""7647""",Sompod,"Aysha store, kandapara road, shanarpar, Narayanganj",01810681656,Paid,1580,1580,115.8,15.8,100,Yes,Exchange,"2026-06-21 07:52:13","Shingara Banani",Delivery,Parcel
DS20062693XVUC,"2026-06-20 09:43:34","Alden | Full Sleeve Shirt - S","""7656""","Rayhan kamala","House 10/a, road 09, mohammadia housing society, Mohammadpur, , , ,",01909279927,Paid,1180,1180,65.9,5.9,60,Yes,Delivered,"2026-06-22 12:11:00","Shingara Banani",Delivery,Parcel
DS200626P5U548,"2026-06-20 09:43:00","Cairo | Half Sleeve Shirt - XL
Aster | Half Sleeve Shirt - XL","""N/A""",Rashed,"14/2, East Bashabo, 5 number lane, Dhaka -1214",01778031591,Paid,2280,80,60.4,0.4,60,Yes,"Paid Return","2026-06-21 10:18:28","Shingara Banani",Delivery,Parcel
DS200626JTPFUN,"2026-06-20 09:41:31","Jasper | Denim Jacket - L","""7663""",Aditya,"House 33 (opposite of Kanon), Nandankanan 2nd lane, Buddhist temple road, Chittagong, , , ,",01730877824,Paid,2230,2230,142.3,22.3,120,Yes,Delivered,"2026-06-21 07:10:26","Shingara Banani",Delivery,Parcel
DS2006269TKAVS,"2026-06-20 09:41:11","Aster | Half Sleeve Shirt - M","""7664""","Rujmanul Islam","170/1mohammadia housing limited-4, mohammadpur, , , ,",01836696749,Paid,1180,80,60.4,0.4,60,Yes,"Paid Return","2026-06-21 07:36:19","Shingara Banani",Delivery,Parcel
RE1406267FWYGX,"2026-06-19 14:42:04","Diego | Denim Jacket - M, Hazel | Denim Jacket - M","""7650""","SHINGARA PRODUCTION (Shingara HQ)","254 (ROYAL HAFIZ GARDEN) , In front of ibrahimpur primary school, North Ibrahimpur, Dhaka",01731012345,Paid,0,0,75,0,75,No,"Returned To Merchant","2026-06-22 13:04:08","Reverse Logistics @ Pathao",Return,Parcel
DS180626ZDBYED,"2026-06-18 08:50:48","Miles | Denim Pant - XL","""7662""","Sadid simat","Flat#2D,House#23,Road#6, Dhanmondi Dhaka",01747431267,Paid,1730,1730,78.65,8.65,70,Yes,Delivered,"2026-06-19 07:05:44","Shingara HQ",Delivery,Parcel
RS160626825W8A,"2026-06-17 15:06:45","Ashford | Denim Pant - L","""7655""","SHINGARA PRODUCTION (Shingara HQ)","254 (ROYAL HAFIZ GARDEN) , In front of ibrahimpur primary school, North Ibrahimpur, Dhaka",01731012345,Paid,0,0,0,0,0,No,"Returned To Merchant","2026-06-18 13:43:21","Reverse Logistics @ Pathao",Return,Parcel
RS160626RL98VD,"2026-06-17 15:00:44","Ashford | Denim Pant - L","""7654""","SHINGARA PRODUCTION (Shingara HQ)","254 (ROYAL HAFIZ GARDEN) , In front of ibrahimpur primary school, North Ibrahimpur, Dhaka",01731012345,Paid,0,0,50,0,50,No,"Returned To Merchant","2026-06-18 13:43:21","Reverse Logistics @ Pathao",Return,Parcel
ES1406267FWYGX,"2026-06-17 06:48:19","Diego | Denim Jacket - M, Hazel | Denim Jacket - M","""7650""",Arman,"Cumilla, Laksham, Bipulashar, Jawra No2",01604285221,Paid,200,200,152,2,150,Yes,Exchange,"2026-06-19 12:15:35","Shingara HQ",Delivery,Parcel
RS1406267BQBX4,"2026-06-16 13:50:44","Bubblegum S","""N/A""","SHINGARA PRODUCTION (Shingara HQ)","254 (ROYAL HAFIZ GARDEN) , In front of ibrahimpur primary school, North Ibrahimpur, Dhaka",01731012345,Paid,0,0,0,0,0,No,"Returned To Merchant","2026-06-17 13:23:45","Reverse Logistics @ Pathao",Return,Parcel
DS160626RL98VD,"2026-06-16 09:35:40","Ashford | Denim Pant - L","""7654""",Abdullah,"Hirajhil road 1, shiddhirgonj, Narayangonj",01639124504,Paid,1730,130,101.3,1.3,100,Yes,"Paid Return","2026-06-17 13:30:40","Shingara HQ",Delivery,Parcel
DS160626K39P7F,"2026-06-16 09:35:40","Elio - M","""7660""","Md shahariar Rahman Sami","Chitagangroad, housing, narayangonj",01992395637,Paid,1930,1930,99.3,19.3,80,Yes,Delivered,"2026-06-17 10:32:59","Shingara HQ",Delivery,Parcel
DS160626DET9MD,"2026-06-16 09:35:39","Reid - XL","""7659""","Md hasfi","Gulshan 1, Badda Gudharaghat, Road No.12, House no.4",01608902948,Paid,2080,2080,70.4,10.4,60,Yes,Delivered,"2026-06-17 11:53:25","Shingara HQ",Delivery,Parcel
DS160626825W8A,"2026-06-16 09:35:39","Ashford | Denim Pant - L","""7655""",Dihan,"Dhaka eliphent road, Multiplane center,Floor-4th /shop no-414",01941697367,Paid,1730,80,70.4,0.4,70,Yes,"Paid Return","2026-06-17 12:41:45","Shingara HQ",Delivery,Parcel
DS160626GCQKBE,"2026-06-16 09:35:39","Rook | Half Sleeve Shirt - M","""7657""",Aadi,"HOUSE-136, ROAD- W/2, BLOCK- D, EASTERN HOUSING, PALLABI 2ND PHASE.",01912295589,Paid,1179,1179,65.9,5.9,60,Yes,Delivered,"2026-06-17 10:12:02","Shingara HQ",Delivery,Parcel
RS07062666YWXX,"2026-06-15 13:06:01","Bubblegum | Full Sleeve Shirt - M","""7631""","SHINGARA PRODUCTION (Shingara HQ)","254 (ROYAL HAFIZ GARDEN) , In front of ibrahimpur primary school, North Ibrahimpur, Dhaka",01731012345,Paid,0,0,0,0,0,No,"Returned To Merchant","2026-06-16 12:37:13","Reverse Logistics @ Pathao",Return,Parcel
DS140626R4V9DS,"2026-06-14 10:33:19","Aster | Half Sleeve Shirt - L","""N/A""",Shahriar,"
Nirjhor residential area dhaka cantonment",01805231002,Paid,1180,1180,65.9,5.9,60,Yes,Delivered,"2026-06-16 16:18:59","Shingara Banani",Delivery,Parcel
DS1406266AC5J6,"2026-06-14 10:32:20","Ash | Gurkha Pant - S","""7647""",Sompod,"Aysha store, kandapara road, shanarpar, Narayanganj",01810681656,Paid,1580,1580,95.8,15.8,80,Yes,Delivered,"2026-06-15 10:06:35","Shingara Banani",Delivery,Parcel
DS140626FCN5DT,"2026-06-14 10:31:43","Vance | Half Sleeve Shirt - L","""7651""",Nur,"Banasree Block-A, Baitul Atik Jame Masjid,NS road, Rampura, Dhaka",01571069828,Paid,1180,1180,65.9,5.9,60,Yes,Delivered,"2026-06-15 11:55:37","Shingara Banani",Delivery,Parcel
DS1406267BQBX4,"2026-06-14 09:50:48","Bubblegum S","""N/A""",Wasif,"Wasif Zakaria Rakin
Road 15A, Block A, Bashundhara R/A
BD
",01621989607,Paid,1180,80,60.4,0.4,60,Yes,"Paid Return","2026-06-16 08:52:03","Shingara Banani",Delivery,Parcel
DS1406267FWYGX,"2026-06-14 09:07:07","Diego | Denim Jacket - M, Hazel | Denim Jacket - M","""7650""",Arman,"Cumilla, Laksham, Bipulashar, Jawra No2",01818426847,Paid,4530,4530,195.3,45.3,150,Yes,Delivered,"2026-06-16 10:34:10","Shingara HQ",Delivery,Parcel
DS130626QMV3WU,"2026-06-13 08:26:19","Ashford | Denim Pant - L","""7649""","Sheikh Zidan","12/3 karatitola, mashallah house , dhaka, , dhaka, ,",01638853178,Paid,1730,0,70,0,70,Yes,Return,"2026-06-21 10:41:13","Shingara Banani",Delivery,Parcel
DS130626NA4EGR,"2026-06-13 08:25:41","Ashford | Denim Pant - S","""7648""","Sifat Rahman","Sultan Mahmud pur (poschim para),Habiganj, , Habiganj, ,",01738006806,Paid,1730,1530,135.3,15.3,120,Yes,Delivered,"2026-06-14 13:55:35","Shingara Banani",Delivery,Parcel
DS130626VUJ2X5,"2026-06-13 08:06:19","Enric | Quarter-Zip - M Bruno | Zipper Jacket - M","""7640""",Nabila,"Bashundhara r/a,block D, road 4, house 45",01883461146,Paid,4030,4030,110.15,20.15,90,Yes,Delivered,"2026-06-15 13:01:38","Shingara Banani",Delivery,Parcel
DS130626NN3HFR,"2026-06-13 08:05:50","Alden | Full Sleeve Shirt - S","""7646""","Shaheel Ahmed Khan","Q/2, GBB Harmony, Nurjahan Road, Dhaka, , , ,",01991821950,Paid,1180,1180,65.9,5.9,60,Yes,Delivered,"2026-06-14 10:35:16","Shingara Banani",Delivery,Parcel
DS130626ECHQ29,"2026-06-13 08:05:35","Ashford | Denim Pant - L","""7645""","Mahir Labib","House 1 Road 4 Sector 3 Flat 5/A Uttara Dhaka 1230",01742467516,Paid,1730,1730,78.65,8.65,70,Yes,Delivered,"2026-06-14 11:34:21","Shingara Banani",Delivery,Parcel
RS100626MP4KS9,"2026-06-11 16:50:21","Black | Zipper Jacket - M","""7642""","SHINGARA PRODUCTION (Shingara HQ)","254 (ROYAL HAFIZ GARDEN) , In front of ibrahimpur primary school, North Ibrahimpur, Dhaka",01731012345,Paid,0,0,0,0,0,No,"Returned To Merchant","2026-06-12 13:12:53","Reverse Logistics @ Pathao",Return,Parcel
RS1006265XDFJL,"2026-06-11 16:47:25","Alden | Full Sleeve Shirt - M","""N/A""","SHINGARA PRODUCTION (Shingara HQ)","254 (ROYAL HAFIZ GARDEN) , In front of ibrahimpur primary school, North Ibrahimpur, Dhaka",01731012345,Paid,0,0,0,0,0,No,"Returned To Merchant","2026-06-13 15:56:01","Reverse Logistics @ Pathao",Return,Parcel
RS080626CCULR7,"2026-06-10 12:25:05","Rook | Half Sleeve Shirt - S","""7636""","SHINGARA PRODUCTION (Shingara HQ)","254 (ROYAL HAFIZ GARDEN) , In front of ibrahimpur primary school, North Ibrahimpur, Dhaka",01731012345,Paid,0,0,0,0,0,No,"Returned To Merchant","2026-06-11 12:19:20","Reverse Logistics @ Pathao",Return,Parcel
DS100626MP4KS9,"2026-06-10 09:53:30","Black | Zipper Jacket - M","""7642""","Imrose ahsan","Gulshan-1,House 16, Road 141, , Road 141, ,",01709081160,Paid,2330,70,70.35,0.35,70,Yes,"Paid Return","2026-06-11 12:50:52","Shingara Banani",Delivery,Parcel
DS1006265XDFJL,"2026-06-10 09:34:57","Alden | Full Sleeve Shirt - M","""N/A""","Ashaz Zayan Sadeque","
Uttara,Sector 13,Road 5,House 51,Flat A4",01711220030,Paid,1180,80,60.4,0.4,60,Yes,"Paid Return","2026-06-11 13:51:22","Shingara Banani",Delivery,Parcel
RS0806262FKTSH,"2026-06-09 15:36:26","HAZEL DENIM JACKET M,
DIEO  DENIM JACKET M,
MILO HOODIE M","""N/A""","SHINGARA PRODUCTION (Shingara HQ)","254 (ROYAL HAFIZ GARDEN) , In front of ibrahimpur primary school, North Ibrahimpur, Dhaka",01731012345,Paid,0,0,87.5,0,87.5,No,"Returned To Merchant","2026-06-12 13:12:53","Reverse Logistics @ Pathao",Return,Parcel
DS090626LRATQ7,"2026-06-09 07:59:31","Rook | Half Sleeve Shirt - XL","""7623""",Tasfik,"14/7-b moneshwar road hazaribagh jigatala dhaka 1209",01843785380,Paid,1179,1179,65.9,5.9,60,Yes,Delivered,"2026-06-11 11:50:29","Shingara HQ",Delivery,Parcel
DS080626LDXTCV,"2026-06-08 10:02:52","Bubblegum | Full Sleeve Shirt - L","""7639""",RAFI,"141/B, Sher Shah Suri Road, Mohammadpur, Dhk-1307",01917210358,Paid,1180,1180,75.9,5.9,70,Yes,Delivered,"2026-06-09 11:55:58","Shingara Banani",Delivery,Parcel
DS080626ERJEXY,"2026-06-08 10:02:27","Rook | Half Sleeve Shirt - XL,","""7638""",Tonoy,"Bornogor road, kaligonj, gazipur, , , ,",01957360987,Paid,1230,1230,92.3,12.3,80,Yes,Delivered,"2026-06-09 12:26:47","Shingara Banani",Delivery,Parcel
DS080626CCULR7,"2026-06-08 10:02:11","Rook | Half Sleeve Shirt - S","""7636""",Sud,"Road 05, House 02, baridhara",01751862031,Paid,1180,80,60.4,0.4,60,Yes,"Paid Return","2026-06-10 09:02:17","Shingara Banani",Delivery,Parcel
DS080626Y67QJ6,"2026-06-08 10:01:40","Bubblegum | Full Sleeve Shirt - M","""7635""",Shahporan,"Aftabnagar,B block, road 1 , house 28",01648021529,Paid,1180,1180,65.9,5.9,60,Yes,Delivered,"2026-06-09 05:18:52","Shingara Banani",Delivery,Parcel
DS080626ZXT57M,"2026-06-08 10:00:58","Aster | Half Sleeve Shirt - XL, Rook | Half Sleeve Shirt - XL","""7634""","Bd Towhid D","House 04,Rd 10,Sector 14,uttara",01682064208,Paid,2280,2280,71.4,11.4,60,Yes,Delivered,"2026-06-09 08:02:26","Shingara Banani",Delivery,Parcel
DS080626J7CHK6,"2026-06-08 10:00:27","Alden | Full Sleeve Shirt - S","""7633""","Ehsanul Haque","6th Floor, Cha-90, The Pearl Trade Center, 3 Pragati Sarani, Uttar Badda, Dhaka 1212, , , ,",01796686121,Paid,1180,1180,65.9,5.9,60,Yes,Delivered,"2026-06-09 04:49:52","Shingara Banani",Delivery,Parcel
DS0806262PQQM6,"2026-06-08 10:00:14",,"""7632""","Abid Hasan","Rupali Garden ashkona airport dhaka, , , ,",01949200562,Paid,1180,1180,65.9,5.9,60,Yes,Delivered,"2026-06-09 07:47:31","Shingara Banani",Delivery,Parcel
DS08062633BVAX,"2026-06-08 09:52:01","MILES DENIM PANT M","""N/A""","Mahdi Mahfuz Alam","Tarartek Main Road, Tara Moshjid, Nolvog, Uttara, Dhaka-1230
Dhaka-1230",01575321154,Paid,1730,1730,78.65,8.65,70,Yes,Delivered,"2026-06-09 16:35:36","Shingara HQ",Delivery,Parcel
DS0806262FKTSH,"2026-06-08 09:50:44","HAZEL DENIM JACKET M,
DIEO  DENIM JACKET M,
MILO HOODIE M","""N/A""",Tahsin,"BAT Office, Nazimgarh Sylhet City, Kollogram, Sylhet",01720906479,Paid,3800,2700,202,27,175,Yes,"Partial Delivery","2026-06-09 13:59:53","Shingara HQ",Delivery,Parcel
RS030626BM2S8Q,"2026-06-07 16:02:57","Aster | Half Sleeve Shirt - M, Alden | Full Sleeve Shirt - M","""7621""","SHINGARA PRODUCTION (Shingara HQ)","254 (ROYAL HAFIZ GARDEN) , In front of ibrahimpur primary school, North Ibrahimpur, Dhaka",01731012345,Paid,0,0,0,0,0,No,"Returned To Merchant","2026-06-08 14:13:23","Reverse Logistics @ Pathao",Return,Parcel
DS070626HPBR28,"2026-06-07 09:35:53","NAVAJO M, BRUNO ZIPPER JACKET M","""N/A""",Tahsin,"BAT Office, Nazimgarh Sylhet City, Kollogram, Sylhet",01720906479,Paid,4500,4500,195,45,150,Yes,Delivered,"2026-06-08 14:14:07","Shingara Banani",Delivery,Parcel
DS070626M6K676,"2026-06-07 09:34:06","Rook | Half Sleeve Shirt - XL","""7623""",Tasfik,"14/7-b moneshwar road hazaribagh jigatala dhaka 1209",01843785380,Unpaid,1179,0,65.9,5.9,60,Yes,"Pickup Failed","2026-06-09 23:59:59","Shingara Banani",Delivery,Parcel
DS070626EPS9RN,"2026-06-07 09:34:06","Rook | Half Sleeve Shirt - M","""7630""","Elma Rahman","584/C khilgaon (near old police faari), (8 storied building),Dhaka-1219.",01842999793,Paid,1179,1179,65.9,5.9,60,Yes,Delivered,"2026-06-08 07:09:34","Shingara Banani",Delivery,Parcel
DS070626TDTBXL,"2026-06-07 09:34:06","Aster | Half Sleeve Shirt - M, Cairo | Half Sleeve Shirt - M","""7625""",Anis,"7th floor Rooftop, H 473, R 12, Block E, Bashundhara R/A, Vatara, Dhaka",01815864714,Paid,2278,2278,71.39,11.39,60,Yes,Delivered,"2026-06-10 14:57:18","Shingara Banani",Delivery,Parcel
DS0706262WNJE3,"2026-06-07 09:34:06","Miles | Denim Pant - M","""7629""","Mahdi Mahfuz Alam","Tarartek Main Road, Tara Moshjid, Nolvog, Uttara, Dhaka-1230",01575321154,Unpaid,1730,0,68.65,8.65,60,Yes,"Pickup Cancel","2026-06-08 14:34:15","Shingara Banani",Delivery,Parcel
DS070626GEKUCP,"2026-06-07 09:34:06","Rook | Half Sleeve Shirt - L","""7626""",Porosh,"
Shariatpur Bhedarganj ",01861330555,Paid,1179,1030,110.3,10.3,100,Yes,Delivered,"2026-06-10 04:20:43","Shingara Banani",Delivery,Parcel
DS07062666YWXX,"2026-06-07 09:34:06","Bubblegum | Full Sleeve Shirt - M","""7631""","Rbk Ninadh","Nikunja 2 Road number 16 Dhaka khilkhet",01866394096,Paid,1179,0,65.9,5.9,60,Yes,Return,"2026-06-15 12:31:05","Shingara Banani",Delivery,Parcel
DS070626XBFR5Y,"2026-06-07 09:34:06","Miles | Denim Pant - XL","""7627""",Riasat,"road 66, house 18, flat B/4, gulshan 2, dhaka",01793533927,Paid,1730,1730,78.65,8.65,70,Yes,Delivered,"2026-06-09 15:41:17","Shingara Banani",Delivery,Parcel
RS250526U5366C,"2026-06-03 12:31:43",,"""7605""","SHINGARA PRODUCTION (Shingara HQ)","254 (ROYAL HAFIZ GARDEN) , In front of ibrahimpur primary school, North Ibrahimpur, Dhaka",01731012345,Paid,0,0,0,0,0,No,"Returned To Merchant","2026-06-04 14:01:35","Reverse Logistics @ Pathao",Return,Parcel
RS250526GP73HE,"2026-06-03 11:11:51","Reid - M","""7602""","SHINGARA PRODUCTION (Shingara HQ)","254 (ROYAL HAFIZ GARDEN) , In front of ibrahimpur primary school, North Ibrahimpur, Dhaka",01731012345,Paid,0,0,50,0,50,No,"Returned To Merchant","2026-06-05 14:49:26","Reverse Logistics @ Pathao",Return,Parcel
DS030626BM2S8Q,"2026-06-03 09:44:34","Aster | Half Sleeve Shirt - M, Alden | Full Sleeve Shirt - M","""7621""","ohid reza","609, Zehera Living, North Shahjahanpur, Dhaka",01844289938,Paid,2280,80,70.4,0.4,70,Yes,"Paid Return","2026-06-07 14:56:21","Shingara Banani",Delivery,Parcel
DS030626GYM5BQ,"2026-06-03 09:39:36","Bubblegum | Full Sleeve Shirt - L,","""7616""",Hridoy,"Comilla.nangolkota.jodda bazar",01321827171,Paid,1030,1030,110.3,10.3,100,Yes,Delivered,"2026-06-05 17:01:22","Shingara Banani",Delivery,Parcel
DS030626KCG7Z2,"2026-06-03 09:39:17","Black | Zipper Jacket - S","""7617""",Shamim,"19/1,Tikatuli,Fakirbanu bhaban, , , ,",01608002155,Paid,2330,2330,81.65,11.65,70,Yes,Delivered,"2026-06-04 12:26:22","Shingara Banani",Delivery,Parcel
DS030626YB7XWX,"2026-06-03 09:38:39","Aster | Half Sleeve Shirt - M, Cairo | Half Sleeve Shirt - M, Bubblegum | Full Sleeve Shirt - M","""7619""",Tanjil,"10/A, Sara Ranita, Road 8, Kaderabad Housing, Mohammadpur",01626683051,Paid,3380,3380,86.9,16.9,70,Yes,Delivered,"2026-06-05 12:07:09","Shingara Banani",Delivery,Parcel
DS0206268MQDMC,"2026-06-02 09:41:52","Black | Zipper Jacket - L","""7615""","Sheikh Awsaf Mahir Samin","Adorsh road , kajla , jatrabari , dhaka - 1236",01750460401,Paid,2230,2230,81.15,11.15,70,Yes,Delivered,"2026-06-04 13:38:07","Shingara HQ",Delivery,Parcel
DS020626RN54WD,"2026-06-02 09:37:52","Elio S","""N/A""","ASHIKUR RAHAMAN","PATHAN BARI ROAD NEAR ZOOM INTERNATIONAL SCHOOL MEHEDI COTTAGE,FENI.
realashikurrahaman@gmail.com",01570242125,Paid,2330,2330,123.3,23.3,100,Yes,Delivered,"2026-06-03 10:10:28","Shingara HQ",Delivery,Parcel
DS020626SDDXAU,"2026-06-02 04:59:33","Reid m","""N/A""",Tanzid,"
Opposite of Sheikh Fazilatunnesa Mujib govt college, Mahadi Nagar, Hazaribagh, Dhaka
BD
",01928040001,Paid,2650,2500,132.5,12.5,120,Yes,Delivered,"2026-06-02 11:08:58","Shingara HQ",Delivery,Parcel
RS010626QX3ZEF,"2026-06-01 17:23:31",,"""9638""","SHINGARA PRODUCTION (Shingara HQ)","254 (ROYAL HAFIZ GARDEN) , In front of ibrahimpur primary school, North Ibrahimpur, Dhaka",01731012345,Paid,0,0,0,0,0,No,"Returned To Merchant","2026-06-02 14:59:01","Reverse Logistics @ Pathao",Return,Parcel
DS010626QX3ZEF,"2026-06-01 17:23:03",,"""9638"""," Ashraful Islam"," Nirapod Housing, Donchamber Road Narayanganj",01861949152,Paid,1580,0,0,0,0,Yes,Return,"2026-06-01 17:23:30","Shingara HQ",Delivery,Parcel
DS290526DL9JLG,"2026-05-29 09:14:33","Reid - M","""7612""",Tanzid,"Opposite of “Sheikh Fazilatunnesa Mujib govt college”, Mahadi Nagar, Hazaribagh, Dhaka",01928040001,Unpaid,2579,0,72.9,12.9,60,Yes,"Pickup Cancel","2026-05-29 09:15:19","Shingara HQ",Delivery,Parcel
DS290526UYJ8GK,"2026-05-29 09:07:14","Reid - M","""7612""",Tanzid,"Opposite of “Sheikh Fazilatunnesa Mujib govt college”, Mahadi Nagar, Hazaribagh, Dhaka",01928040001,Unpaid,2579,0,72.9,12.9,60,Yes,"Pickup Cancel","2026-05-29 09:15:28","Shingara HQ",Delivery,Parcel
DS290526G8LL4H,"2026-05-29 05:22:51","Reid - M","""7612""",Tanzid,"Opposite of “Sheikh Fazilatunnesa Mujib govt college”, Mahadi Nagar, Hazaribagh, Dhaka",01928040001,Unpaid,2579,0,125.79,25.79,100,Yes,"Pickup Cancel","2026-05-29 09:15:43","Shingara HQ",Delivery,Parcel
DS29052638Y5LV,"2026-05-29 05:06:53","Test Item","""TEST-DRY-001""","Tanzid Test","Hazaribagh, Dhaka",01928040001,Unpaid,2579,0,72.9,12.9,60,Yes,"Pickup Cancel","2026-06-01 10:55:54","Shingara HQ",Delivery,Parcel
RS250526W5RVSE,"2026-05-26 11:17:36","Elio - M","""7603""","SHINGARA PRODUCTION (Shingara HQ)","254 (ROYAL HAFIZ GARDEN) , In front of ibrahimpur primary school, North Ibrahimpur, Dhaka",01731012345,Paid,0,0,0,0,0,No,"Returned To Merchant","2026-06-02 14:59:01","Reverse Logistics @ Pathao",Return,Parcel
RS240526L5H3KQ,"2026-05-26 09:13:03","Midnight muse L, Xl","""N/A""","SHINGARA PRODUCTION (Shingara HQ)","254 (ROYAL HAFIZ GARDEN) , In front of ibrahimpur primary school, North Ibrahimpur, Dhaka",01731012345,Paid,0,0,0,0,0,No,"Returned To Merchant","2026-06-02 14:59:01","Reverse Logistics @ Pathao",Return,Parcel
RS240526RRRE4K,"2026-05-25 15:43:51","Cairo | Half Sleeve Shirt - M,","""7588""","SHINGARA PRODUCTION (Shingara HQ)","254 (ROYAL HAFIZ GARDEN) , In front of ibrahimpur primary school, North Ibrahimpur, Dhaka",01731012345,Paid,0,0,0,0,0,No,"Returned To Merchant","2026-06-02 14:59:01","Reverse Logistics @ Pathao",Return,Parcel
RS240526KZ9BFL,"2026-05-25 14:31:28","Reid - XL","""7595""","SHINGARA PRODUCTION (Shingara HQ)","254 (ROYAL HAFIZ GARDEN) , In front of ibrahimpur primary school, North Ibrahimpur, Dhaka",01731012345,Paid,0,0,50,0,50,No,"Returned To Merchant","2026-06-03 13:34:16","Reverse Logistics @ Pathao",Return,Parcel
DS25052655LMBC,"2026-05-25 10:33:42","Midnight Muse - L","""7609""","Alif Ahmed","Gangair bazar , madhupur , Tangail, , , ,",01630001105,Paid,2630,2630,146.3,26.3,120,Yes,Delivered,"2026-05-26 14:28:06","Shingara HQ",Delivery,Parcel
RS240526KHV57B,"2026-05-25 10:09:33","Rook | Half Sleeve Shirt - M","""7580""","SHINGARA PRODUCTION (Shingara HQ)","254 (ROYAL HAFIZ GARDEN) , In front of ibrahimpur primary school, North Ibrahimpur, Dhaka",01731012345,Paid,0,0,0,0,0,No,"Returned To Merchant","2026-06-02 14:59:01","Reverse Logistics @ Pathao",Return,Parcel
DS250526625JYT,"2026-05-25 10:01:03","MIDNIGHT MUSE M","""N/A""","amir hamza ","dhaka mirpur 14 ibrahimpur habbib ullah road house number :1043",01771783690,Paid,2480,2480,82.4,12.4,70,Yes,Delivered,"2026-05-26 09:10:12","Shingara HQ",Delivery,Parcel
DS250526C62ZM2,"2026-05-25 10:00:00","Blue color 
Size : M","""N/A""","Hossain Sami","Gouripur bazar,Daudkandi, Comilla.
",01859418212,Paid,2430,2430,144.3,24.3,120,Yes,Delivered,"2026-05-26 09:32:56","Shingara HQ",Delivery,Parcel
DS250526FYFKVC,"2026-05-25 09:59:15","ELIO L","""N/A""",নাজমুল,"City Hospital &amp; Diagnostic Center, Satmasjid Road, Mohammadpur
মোহাম্মদপুর সিটি হসপিটাল সামনে",01856710746,Paid,2100,2100,70.5,10.5,60,Yes,Delivered,"2026-05-26 12:57:45","Shingara HQ",Delivery,Parcel
DS250526GP73HE,"2026-05-25 09:55:53","Reid - M","""7602""","Imam Reza Alvi","gazipur tongi bridge sopna",01577319206,Paid,2580,0,125.8,25.8,100,Yes,Return,"2026-06-03 11:11:51","Shingara HQ",Delivery,Parcel
DS250526W5RVSE,"2026-05-25 09:55:31","Elio - M","""7603""","Rafi ahmed","mirpur 13 pallabi house 34/2, , , ,",01306215829,Paid,2480,0,72.4,12.4,60,Yes,Return,"2026-05-26 11:17:36","Shingara HQ",Delivery,Parcel
DS250526U5366C,"2026-05-25 09:55:14",,"""7605""","Ifteker Sulaiman","Vatara Notun bazar, saidnagar auto stand - Muktijoddha road ( kamal vila ) dhaka -1212, , , ,",01403800188,Paid,2580,0,70,0,70,Yes,Return,"2026-06-03 11:48:23","Shingara HQ",Delivery,Parcel
DS250526AUG6DA,"2026-05-25 09:54:41","Midnight Muse - L","""7607""","Mohammad siam","Gawair,kazibari,dakshinkhan, Dhaka-1230",01753366639,Paid,2580,2580,82.9,12.9,70,Yes,Delivered,"2026-05-26 08:41:17","Shingara HQ",Delivery,Parcel
DS250526EL7MW5,"2026-05-25 09:54:14","Reid - S","""7608""","Abrar huda","Hazaribagh Puran Thana Er Shamne",01818092597,Paid,2580,2580,82.9,12.9,70,Yes,Delivered,"2026-05-26 17:04:37","Shingara HQ",Delivery,Parcel
DS240526L5H3KQ,"2026-05-24 18:20:28","Midnight muse L, Xl","""N/A""",Afrayeen,"subhanbagh Moshjid, dhanmondi road no 14, house 6/A, building name: zeal view",01312111226,Paid,4950,2500,132.5,12.5,120,Yes,"Partial Delivery","2026-05-25 13:37:43","Shingara HQ",Delivery,Parcel
RS230526GTVYJD,"2026-05-24 17:48:09","Midnight Muse M
","""N/A""","SHINGARA PRODUCTION (Shingara HQ)","254 (ROYAL HAFIZ GARDEN) , In front of ibrahimpur primary school, North Ibrahimpur, Dhaka",01731012345,Paid,0,0,0,0,0,No,"Returned To Merchant","2026-05-25 12:29:11","Reverse Logistics @ Pathao",Return,Parcel
RS230526VDH2EG,"2026-05-24 16:29:31","Elio - M","""7585""","SHINGARA PRODUCTION (Shingara HQ)","254 (ROYAL HAFIZ GARDEN) , In front of ibrahimpur primary school, North Ibrahimpur, Dhaka",01731012345,Paid,0,0,50,0,50,No,"Returned To Merchant","2026-06-03 13:34:16","Reverse Logistics @ Pathao",Return,Parcel
DS240526KCXSVG,"2026-05-24 11:59:26","Rook | Half Sleeve Shirt - XL","""7601""",Rikaz,"2B/B, 2ND COLONY, MAZAR ROAD, DHAKA-1216 (SUMONA SWEET HOME), , , ,",01813884557,Paid,1179,1179,65.9,5.9,60,Yes,Delivered,"2026-05-25 13:06:36","Shingara Banani",Delivery,Parcel
DS240526KHV57B,"2026-05-24 10:00:46","Rook | Half Sleeve Shirt - M","""7580""",Arik,"Flat-a9,Shahid munir chowdhury bhaban, isha khan road, dhaka university, dhaka-1000, , , ,",01771767814,Paid,1180,80,60.4,0.4,60,Yes,"Paid Return","2026-05-25 06:23:16","Shingara Banani",Delivery,Parcel
DS240526SGLXDB,"2026-05-24 10:00:32","Aster | Half Sleeve Shirt - M,","""7587""","Mahfuzur Rahman Rifat","354,Senpara Porbota,Ramizuddin Road,Mirpur-10 Anchor Suchona,B3, , , ,",01643035520,Paid,1180,1180,65.9,5.9,60,Yes,Delivered,"2026-05-25 08:15:34","Shingara Banani",Delivery,Parcel
DS240526RRRE4K,"2026-05-24 10:00:20","Cairo | Half Sleeve Shirt - M,","""7588""","Ohid Reza","609, North Shahjahanpur, Dhaka, , , ,",01844289938,Paid,1180,80,60.4,0.4,60,Yes,"Paid Return","2026-05-25 14:13:38","Shingara Banani",Delivery,Parcel
DS240526S5BCSP,"2026-05-24 09:53:47","Elio - XL","""7592""","Muhit Ahmed","Dhaka Cantonment , kochukhet,East kafrul , Mitali housing, house-24",01769027774,Unpaid,2480,0,72.4,12.4,60,Yes,"Pickup Cancel","2026-05-24 20:40:41","Shingara Banani",Delivery,Parcel
DS2405269MD8J3,"2026-05-24 09:53:20","Ash | Gurkha Pant - M,","""7600""",Shabab,"Faser tek, water pump, notun bazar badda, Dhaka",01705697474,Paid,1580,1580,67.9,7.9,60,Yes,Delivered,"2026-05-25 14:31:02","Shingara HQ",Delivery,Parcel
DS2405264HM6JV,"2026-05-24 09:53:04","Reid - M","""7599""",Tahsin,"R9 H565 Mirpur DOHS Dhaka",01720906479,Paid,2580,2580,72.9,12.9,60,Yes,Delivered,"2026-05-25 15:05:22","Shingara HQ",Delivery,Parcel
DS240526NCKQM4,"2026-05-24 09:52:44","Midnight Muse - S","""7598""",Shakib,"813,monipur mirpur 2 Dhaka 1216",01816317906,Paid,2580,2580,72.9,12.9,60,Yes,Delivered,"2026-05-25 11:44:31","Shingara HQ",Delivery,Parcel
DS240526HPPTTN,"2026-05-24 09:52:14","Reid - XL","""7597""","Abdullah al mamun","Abed textile ltd , Ghoradia - Narsingdi -1603",01785529053,Paid,2430,2430,144.3,24.3,120,Yes,Delivered,"2026-05-25 11:10:05","Shingara HQ",Delivery,Parcel
DS2405263QEZA7,"2026-05-24 09:50:46","Elio - L,","""7596""","Joynab Fakeha","Ukilpara , Labaid Diagonistic , Bhola",01309166107,Paid,2330,2330,123.3,23.3,100,Yes,Delivered,"2026-05-26 12:30:00","Shingara HQ",Delivery,Parcel
DS240526KZ9BFL,"2026-05-24 09:50:22","Reid - XL","""7595""",Fahim,"monohordiKalibari,arihazer,narayanganj, , , ,",01880289641,Paid,2580,90,100.9,0.9,100,Yes,"Paid Return","2026-05-25 12:02:48","Shingara HQ",Delivery,Parcel
DS24052634SG6A,"2026-05-24 09:49:32","Black | Gurkha Pant - M","""7594""","Ashraful Islam","Nirapod Housing, Donchamber Road Narayanganj",01861949152,Paid,1580,1580,95.8,15.8,80,Yes,Delivered,"2026-05-25 08:41:55","Shingara HQ",Delivery,Parcel
DS2405267QGY32,"2026-05-24 09:46:26","ELIO M","""N/A""","sanvir ","savar, radio colony vaitpara ",01327362102,Paid,2380,2380,103.8,23.8,80,Yes,Delivered,"2026-05-25 07:38:22","Shingara HQ",Delivery,Parcel
DS240526HDQEB5,"2026-05-24 09:45:11","ELIO L","""N/A""",siam,"ichakhali, rupganj, Narayanganj",01852552254,Paid,2400,2400,124,24,100,Yes,Delivered,"2026-05-26 15:52:42","Shingara HQ",Delivery,Parcel
DS240526NT7KBM,"2026-05-24 09:44:17","REID L","""N/A""","Saifur Rahman"," Adress: Cox,s bazar, Teknaf , leda station Numbar: ",01941318414,Paid,2430,2430,144.3,24.3,120,Yes,Delivered,"2026-05-26 08:05:21","Shingara HQ",Delivery,Parcel
DS240526FQ86GS,"2026-05-24 09:43:26","MIDNIGHT MUSE S","""N/A""",Antu,"House - 33, Road - 8, Block - A, Mirpur 12, Pallabi, Dhaka",01684852747,Paid,2480,2480,82.4,12.4,70,Yes,Delivered,"2026-05-25 10:31:27","Shingara HQ",Delivery,Parcel
DS240526BZXZTW,"2026-05-24 09:42:38","ELIO L","""N/A""",nafish," Dhaka Keranigonj kharakandi madrasa road",01948305753,Paid,2380,2380,103.8,23.8,80,Yes,Delivered,"2026-05-25 13:11:05","Shingara HQ",Delivery,Parcel
DS240526BYNU3A,"2026-05-24 09:41:15","REID S","""N/A""","Rafi ","zinzira,apical garments,savar ,dhaka ",01997601552,Paid,2480,2480,104.8,24.8,80,Yes,Delivered,"2026-05-25 15:16:32","Shingara HQ",Delivery,Parcel
DS240526ZPJ4F6,"2026-05-24 09:40:22","black panjabi M","""N/A""","Mahir Abrar Rahman"," 41/a And 41/2(Zigatola Zenith)flat No.6E,Zigatola
West Dhanmondi Dhaka, Dhaka,Dhaka - South,Hazaribagh
Number:",01780111144,Paid,2380,2380,71.9,11.9,60,Yes,Delivered,"2026-05-26 04:46:52","Shingara HQ",Delivery,Parcel
DS24052698EXN5,"2026-05-24 05:38:38","REID L","""N/A""",kabir,"Flat-2b, road-13/A, dhanmondi,dhaka
",01782777357,Paid,2450,2450,132.25,12.25,120,Yes,Delivered,"2026-05-24 13:22:05","Shingara HQ",Delivery,Parcel
DS230526JVC5AR,"2026-05-23 15:37:00",,"""7584""","Sabbir Ahmed","House 33, Road 3, K block, Eastern Housing, Mirpur 12 (Pallabi), Dhaka-1216, , , ,",01315270554,Paid,2579,2579,82.9,12.9,70,Yes,Delivered,"2026-05-24 07:23:36","Shingara HQ",Delivery,Parcel
RS200526Y8E9U5,"2026-05-23 15:32:13","Midnight Muse - L","""7567""","SHINGARA PRODUCTION (Shingara HQ)","254 (ROYAL HAFIZ GARDEN) , In front of ibrahimpur primary school, North Ibrahimpur, Dhaka",01731012345,Paid,0,0,0,0,0,No,"Returned To Merchant","2026-05-25 12:29:11","Reverse Logistics @ Pathao",Return,Parcel
DS230526N3G6GT,"2026-05-23 10:00:16","Reid L","""N/A""","Numair Arshaq","sector 5 road 5a house 8 uttara dhaka 1230
",01817095602,Paid,2480,2480,82.4,12.4,70,Yes,Delivered,"2026-05-24 10:49:16","Shingara HQ",Delivery,Parcel
DS230526LJNUZV,"2026-05-23 09:59:21","Black panjabi M","""N/A""","farzana surovie","House no 12 , road no 14 ,Block c, Mirpur section 6",01723107972,Paid,2580,2580,72.9,12.9,60,Yes,Delivered,"2026-05-24 15:59:33","Shingara HQ",Delivery,Parcel
DS230526GTVYJD,"2026-05-23 09:58:08","Midnight Muse M
","""N/A""","Aabir ","azumpur kachabazar, dakkhinkhan, Uttara , dhaka",01314540109,Paid,2580,80,70.4,0.4,70,Yes,"Paid Return","2026-05-24 09:55:45","Shingara HQ",Delivery,Parcel
DS230526PFNVP4,"2026-05-23 09:57:12","REID L","""N/A""","Ashiqur Rahman","Jagutpur Bazar ,kachua Chandpur. 
   ",01311134179,Paid,2430,2430,144.3,24.3,120,Yes,Delivered,"2026-05-24 11:25:54","Shingara HQ",Delivery,Parcel
DS230526LZBFCT,"2026-05-23 09:55:23","Midnight Muse M
","""N/A""","alif ","61judge goli,golibagh
",01797176444,Paid,2480,2480,82.4,12.4,70,Yes,Delivered,"2026-05-24 15:31:05","Shingara HQ",Delivery,Parcel
DS230526VDH2EG,"2026-05-23 09:50:36","Elio - M","""7585""",Alauddin,"Chandpur, Kachua, সহদেবপুর",01604821654,Paid,2480,120,101.2,1.2,100,Yes,"Paid Return","2026-05-24 15:20:16","Shingara HQ",Delivery,Parcel
DS230526SEAQKC,"2026-05-23 09:50:16","Elio - M","""7586""","Munna Hasan","Nokla Sherpur",01770307401,Paid,2530,2330,123.3,23.3,100,Yes,Delivered,"2026-05-25 06:32:59","Shingara HQ",Delivery,Parcel
DS230526XD7V6Y,"2026-05-23 09:49:47","Elio - L","""7589""",Towsif,"7/A, Gangchill Officers\&#039; Quarters, Captains\&#039; Bakery, Workshop, Dhaka Cantonment",01339810387,Paid,2480,2480,82.4,12.4,70,Yes,Delivered,"2026-05-24 10:53:52","Shingara HQ",Delivery,Parcel
DS2305266JH44W,"2026-05-23 09:49:29","Reid - L","""7590""",Kayes,"Nure Ebrahim, College Road, Patuakhali",01319479311,Paid,2430,2430,144.3,24.3,120,Yes,Delivered,"2026-05-24 10:23:08","Shingara HQ",Delivery,Parcel
DS2305269VM6V8,"2026-05-23 09:47:12","Midnight Muse - M","""7591""","Safeer Hossain","Nasirabad Housing Society, House 10, Road 3, Alfa Dream",01711720820,Paid,2630,2630,146.3,26.3,120,Yes,Delivered,"2026-05-26 11:24:04","Shingara HQ",Delivery,Parcel
DS230526X4AXAN,"2026-05-23 09:45:18","Reid - XL","""7593""",Abida,"House No 702, Flat No 502, Road No 10 Avenue 2 Mirpur Dohs Mirpur12",01715160523,Paid,2580,2580,82.9,12.9,70,Yes,Delivered,"2026-05-24 09:57:53","Shingara HQ",Delivery,Parcel
RS200526GFY56M,"2026-05-23 05:49:13","Rook | Half Sleeve Shirt - XL","""7573""","SHINGARA PRODUCTION (Shingara HQ)","254 (ROYAL HAFIZ GARDEN) , In front of ibrahimpur primary school, North Ibrahimpur, Dhaka",01731012345,Paid,0,0,0,0,0,No,"Returned To Merchant","2026-05-25 12:29:11","Reverse Logistics @ Pathao",Return,Parcel
RS180526DBEJZC,"2026-05-22 06:15:34","Reid - XL","""7557""","SHINGARA PRODUCTION (Shingara HQ)","254 (ROYAL HAFIZ GARDEN) , In front of ibrahimpur primary school, North Ibrahimpur, Dhaka",01731012345,Paid,0,0,0,0,0,No,"Returned To Merchant","2026-05-23 14:22:01","Reverse Logistics @ Pathao",Return,Parcel
RS2005266JUM86,"2026-05-21 15:16:38","Reid - M","""7572""","SHINGARA PRODUCTION (Shingara HQ)","254 (ROYAL HAFIZ GARDEN) , In front of ibrahimpur primary school, North Ibrahimpur, Dhaka",01731012345,Paid,0,0,0,0,0,No,"Returned To Merchant","2026-05-22 13:20:58","Reverse Logistics @ Pathao",Return,Parcel
RS200526TVEPQE,"2026-05-21 14:14:51","REID S","""N/A""","SHINGARA PRODUCTION (Shingara HQ)","254 (ROYAL HAFIZ GARDEN) , In front of ibrahimpur primary school, North Ibrahimpur, Dhaka",01731012345,Paid,0,0,50,0,50,No,"Returned To Merchant","2026-05-23 16:44:36","Reverse Logistics @ Pathao",Return,Parcel
RS2005269Z9EYX,"2026-05-21 13:08:34","Reid - M","""7576""","SHINGARA PRODUCTION (Shingara HQ)","254 (ROYAL HAFIZ GARDEN) , In front of ibrahimpur primary school, North Ibrahimpur, Dhaka",01731012345,Paid,0,0,0,0,0,No,"Returned To Merchant","2026-05-22 13:20:58","Reverse Logistics @ Pathao",Return,Parcel
DS21052626M3QJ,"2026-05-21 09:38:01","BLACK PANJABI L","""N/A""","Shahriar Hassan","222/1 Eureka ruby garden,malibagh, Dhaka
",01601036564,Paid,2480,2480,72.4,12.4,60,Yes,Delivered,"2026-05-23 10:35:58","Shingara HQ",Delivery,Parcel
DS210526VG3M97,"2026-05-21 09:34:34","Midnight Muse - M","""7578""","Tahmin ila","H 21, Road 28, K block banani, , , ,",01766876825,Paid,2580,2580,72.9,12.9,60,Yes,Delivered,"2026-05-23 06:17:27","Shingara HQ",Delivery,Parcel
DS210526C462X2,"2026-05-21 09:34:20","Midnight Muse - M","""7579""",Tamim,"Mirpur Eastern Housing Shonali Bazar, , , ,",01878549566,Paid,2580,2580,72.9,12.9,60,Yes,Delivered,"2026-05-22 08:29:12","Shingara HQ",Delivery,Parcel
DS210526DYJV79,"2026-05-21 09:34:07","Elio - M","""7581""",Sifat,"Mr. Live bakery, masterpara, maijdee bazar, Noakhali, , , ,",01522114856,Paid,2530,2530,145.3,25.3,120,Yes,Delivered,"2026-05-22 10:11:29","Shingara HQ",Delivery,Parcel
DS2105269XZXR3,"2026-05-21 09:33:52","Reid - S","""7582""",Soheb,"58/1/a.aga Sadek Road (shatroja Dhaka)",01894749212,Paid,2580,2580,72.9,12.9,60,Yes,Delivered,"2026-05-22 13:05:54","Shingara HQ",Delivery,Parcel
DS200526SEDW6W,"2026-05-20 20:51:29","Roman - M","""7577""",tamim,"khailgaon,goran,tempu stand,231/2,Rd-07,level-11,Bhuiya tower, , , ,",01344396731,Paid,2479,2479,72.4,12.4,60,Yes,Delivered,"2026-05-22 08:14:44","Shingara HQ",Delivery,Parcel
DS2005269FDX7X,"2026-05-20 19:24:02","Bubblegum | Full Sleeve Shirt - S,","""7575""","Ratul Hasan","Prottashar mor,Vashantek,Mirpur 14, , , ,",01780634760,Paid,1180,1180,65.9,5.9,60,Yes,Delivered,"2026-05-22 15:24:54","Shingara Banani",Delivery,Parcel
RS160526R6N5LM,"2026-05-20 14:52:38","Ash | Gurkha Pant - M,","""7531""","SHINGARA PRODUCTION (Shingara HQ)","254 (ROYAL HAFIZ GARDEN) , In front of ibrahimpur primary school, North Ibrahimpur, Dhaka",01731012345,Paid,0,0,0,0,0,No,"Returned To Merchant","2026-05-21 13:08:38","Reverse Logistics @ Pathao",Return,Parcel
DS200526A283PB,"2026-05-20 10:12:04","midnight muse S","""N/A""","fahad ","shutrapur idgamath, bogura sadar ",01611313822,Paid,2430,2430,124.3,24.3,100,Yes,Delivered,"2026-05-22 09:16:32","Shingara HQ",Delivery,Parcel
DS200526CRMGZ9,"2026-05-20 10:10:40","JULIAN ZIPPER JACKET M","""N/A""","Anika Ibnat ","Madina bhaban. Bawani nagar residential area, Demra-1360.
",01717475677,Unpaid,2330,0,71.65,11.65,60,Yes,"Pickup Cancel","2026-05-21 18:50:47","Shingara Banani",Delivery,Parcel
DS200526456W5Y,"2026-05-20 10:09:52","ROMAN M","""N/A""","Abir Islam"," Mulovibazar &#039; kulaura &#039; jalaliya madresa samne ",01837312167,Paid,2400,2400,144,24,120,Yes,Delivered,"2026-05-22 14:44:32","Shingara Banani",Delivery,Parcel
DS200526ULJCVT,"2026-05-20 10:08:44","ROMAN L","""N/A""","Tanif Yousuf.","Tongi , college gate. Bonomala road, Bonomala primary school.
",01813736127,Paid,2380,2380,103.8,23.8,80,Yes,Delivered,"2026-05-21 16:08:00","Shingara Banani",Delivery,Parcel
DS200526FXTL7M,"2026-05-20 10:07:42","Roman Size M","""N/A""","alif ","61judge goli,golibagh
",01797176444,Unpaid,2380,0,71.9,11.9,60,Yes,"Pickup Cancel","2026-05-21 18:51:01","Shingara Banani",Delivery,Parcel
DS200526TVEPQE,"2026-05-20 10:06:27","REID S","""N/A""","Tian ahmed","Faridpur sadar ki pailam mor white palace 12/b
",01720024219,Paid,2480,50,100.5,0.5,100,Yes,"Paid Return","2026-05-21 13:33:19","Shingara HQ",Delivery,Parcel
DS200526X8FR74,"2026-05-20 10:05:16","BLACK PANJABI L","""N/A""","nasif khan","presspotti bogra sadar
",01756545241,Paid,2300,2300,123,23,100,Yes,Delivered,"2026-05-21 06:59:33","Shingara Banani",Delivery,Parcel
DS200526GFY56M,"2026-05-20 09:36:02","Rook | Half Sleeve Shirt - XL","""7573""",Mehezid,"কাপড়ের ফ্যাক্টরির সামনে, বড়ভাঙ্গা, সারুলিয়া, ডেমরা, ঢাকা",01810678228,Paid,1200,0,60,0,60,Yes,Return,"2026-05-23 05:28:39","Shingara Banani",Delivery,Parcel
DS200526Y8E9U5,"2026-05-20 09:19:23","Midnight Muse - L","""7567""",Akib,"Kalunagar, Notun rasta, Hazaribagh, Dhaka 1209, , , ,",01970450401,Paid,2580,0,60,0,60,Yes,Return,"2026-05-23 13:50:29","Shingara HQ",Delivery,Parcel
DS2005269CPK2G,"2026-05-20 09:18:53","Reid - XL","""7570""",SHEIKH,"Flat#2D,H#23,R#6,Dhanmondi,Dhaka",01747431267,Paid,2580,2580,82.9,12.9,70,Yes,Delivered,"2026-05-21 08:17:39","Shingara HQ",Delivery,Parcel
DS2005266JUM86,"2026-05-20 09:18:36","Reid - M","""7572""",Ajid,"Hazaribagh,shah jahan sir road,dhaka",01604492485,Paid,2580,80,60.4,0.4,60,Yes,"Paid Return","2026-05-21 13:12:07","Shingara HQ",Delivery,Parcel
DS2005262BJMSJ,"2026-05-20 09:17:05","Reid - S","""7574""",Istiak,"130 north bashaboo, , , ,",01403608273,Paid,2580,2580,72.9,12.9,60,Yes,Delivered,"2026-05-21 10:40:50","Shingara HQ",Delivery,Parcel
DS2005269Z9EYX,"2026-05-20 09:16:13","Reid - M","""7576""","Jahid Ahmed Jisan","Gabtoli khalek City Dhaka, , , ,",01825910657,Paid,2580,80,70.4,0.4,70,Yes,"Paid Return","2026-05-21 08:15:38","Shingara HQ",Delivery,Parcel
RS16052694YC8J,"2026-05-19 15:07:39","Rook | Half Sleeve Shirt - L","""7545""","SHINGARA PRODUCTION (Shingara HQ)","254 (ROYAL HAFIZ GARDEN) , In front of ibrahimpur primary school, North Ibrahimpur, Dhaka",01731012345,Paid,0,0,0,0,0,No,"Returned To Merchant","2026-05-20 13:00:30","Reverse Logistics @ Pathao",Return,Parcel
RS160526KJD33A,"2026-05-18 12:01:20","REID S","""N/A""","SHINGARA PRODUCTION (Shingara HQ)","254 (ROYAL HAFIZ GARDEN) , In front of ibrahimpur primary school, North Ibrahimpur, Dhaka",01731012345,Paid,0,0,0,0,0,No,"Returned To Merchant","2026-05-19 12:17:47","Reverse Logistics @ Pathao",Return,Parcel
DS180526JD365S,"2026-05-18 10:00:29","BLACK ZIPPER JACKET XL","""N/A""","Mufakkir Rabab","Banani 
Road 22 
House 16 
Block K 
Opposite York Hospital
Flat A4 
Floor 4th",01775400310,Paid,2330,2330,81.65,11.65,70,Yes,Delivered,"2026-05-19 09:44:37","Shingara Banani",Delivery,Parcel
DS180526Q63QTE,"2026-05-18 09:59:06","Roman - M","""7555""","Rafia Zaman","Chanchra Dalmil,Jashore, , , ,",01783892680,Paid,0,0,120,0,120,No,Delivered,"2026-05-20 09:36:08","Shingara Banani",Delivery,Parcel
DS180526BGBESJ,"2026-05-18 09:58:48","Bubblegum | Full Sleeve Shirt - XL Alden | Full Sleeve Shirt - XL","""7559""","Rasheed Haque","House-77/a, Rd-6, Banani Dohs",01841476852,Paid,2280,2280,81.4,11.4,70,Yes,Delivered,"2026-05-19 10:57:50","Shingara Banani",Delivery,Parcel
DS180526P9QKZF,"2026-05-18 09:58:18","Rook | Half Sleeve Shirt - M","""7560""","Ohid Reza","609, North Shahjahanpur, Dhaka, , , ,",01844289938,Paid,1180,1180,65.9,5.9,60,Yes,Delivered,"2026-05-19 16:01:18","Shingara Banani",Delivery,Parcel
DS1805262YGT5F,"2026-05-18 09:58:03","Cairo | Half Sleeve Shirt - M","""7564""",Redoan,"Brac university, 3rd gate, , , ,",01886937260,Paid,1180,1180,65.9,5.9,60,Yes,Delivered,"2026-05-20 08:26:37","Shingara Banani",Delivery,Parcel
DS180526NUPB97,"2026-05-18 09:27:17","Damon - L","""7563""",Raihan,"Chattogram fatikchhari Azadi bazar shamlahat rohmaniya madrasha",01841652446,Paid,2530,2330,123.3,23.3,100,Yes,Delivered,"2026-05-20 07:20:14","Shingara Banani",Delivery,Parcel
DS180526LDDHAK,"2026-05-18 09:27:00","Damon - XL","""7561""",Ayan,"1093/A khilgaon tilpapara Dhaka road 21 . 1219,",01622654782,Paid,2480,2480,72.4,12.4,60,Yes,Delivered,"2026-05-19 09:24:06","Shingara HQ",Delivery,Parcel
DS180526DBEJZC,"2026-05-18 09:26:38","Reid - XL","""7557""","RAJ Khan","House19 Road18 Sector 3, uttara",01768098264,Paid,2580,0,70,0,70,Yes,Return,"2026-05-22 05:54:14","Shingara HQ",Delivery,Parcel
RS160526U6VE3V,"2026-05-17 17:12:41","Black | Gurkha Pant - M, Ash | Gurkha Pant - M,","""7537""","SHINGARA PRODUCTION (Shingara HQ)","254 (ROYAL HAFIZ GARDEN) , In front of ibrahimpur primary school, North Ibrahimpur, Dhaka",01731012345,Paid,0,0,0,0,0,No,"Returned To Merchant","2026-05-18 13:20:44","Reverse Logistics @ Pathao",Return,Parcel
RE140526QWT88Q,"2026-05-17 16:59:29","Rook | Half Sleeve Shirt - S, exchanged product of DS140526QWT88Q","""7535""","SHINGARA PRODUCTION (Shingara HQ)","254 (ROYAL HAFIZ GARDEN) , In front of ibrahimpur primary school, North Ibrahimpur, Dhaka",01731012345,Paid,0,0,0,0,0,No,"Returned To Merchant","2026-05-18 13:20:45","Reverse Logistics @ Pathao",Return,Parcel
RS14052682ZFLN,"2026-05-16 14:23:19","Aster | Half Sleeve Shirt - XL","""7532""","SHINGARA PRODUCTION (Shingara HQ)","254 (ROYAL HAFIZ GARDEN) , In front of ibrahimpur primary school, North Ibrahimpur, Dhaka",01731012345,Paid,0,0,0,0,0,No,"Returned To Merchant","2026-05-17 16:46:06","Reverse Logistics @ Pathao",Return,Parcel
RS1405264HEC9B,"2026-05-16 13:40:11","Ashford | Denim Pant - L","""7534""","SHINGARA PRODUCTION (Shingara HQ)","254 (ROYAL HAFIZ GARDEN) , In front of ibrahimpur primary school, North Ibrahimpur, Dhaka",01731012345,Paid,0,0,0,0,0,No,"Returned To Merchant","2026-05-17 16:46:06","Reverse Logistics @ Pathao",Return,Parcel
ES140526QWT88Q,"2026-05-16 11:40:09","Rook | Half Sleeve Shirt - S, exchanged product of DS140526QWT88Q","""7535""","Md Nasim Al Mamun","Airport, ashkona , uchartek, panir pamp, , , ,",01777988738,Paid,70,70,60.35,0.35,60,Yes,Exchange,"2026-05-17 12:28:55","Shingara Banani",Delivery,Parcel
DS160526WGRB8Y,"2026-05-16 11:38:35","Bubblegum Xl size","""N/A""","Syed Maruf Nafiz","Flat-D3
House-2/4, Road-1, Block-B, Niketon
01610366448
Syed Maruf Nafiz
",01610366448,Paid,1180,1180,65.9,5.9,60,Yes,Delivered,"2026-05-18 06:28:41","Shingara Banani",Delivery,Parcel
DS160526R6N5LM,"2026-05-16 11:32:12","Ash | Gurkha Pant - M,","""7531""",Adad,"Faser tek, water pump, notun bazar badda, Dhaka,",01705697474,Paid,1580,0,60,0,60,Yes,Return,"2026-05-20 13:56:36","Shingara Banani",Delivery,Parcel
DS160526U6VE3V,"2026-05-16 11:31:51","Black | Gurkha Pant - M, Ash | Gurkha Pant - M,","""7537""",Nadim,"14 Muslim modern School Road, mirpur 14",01568097173,Paid,3080,80,70.4,0.4,70,Yes,"Paid Return","2026-05-17 14:51:24","Shingara Banani",Delivery,Parcel
DS16052694YC8J,"2026-05-16 11:31:21","Rook | Half Sleeve Shirt - L","""7545""","Sakib Mahmud","Nirjhor Residential Area Dhaka Cantonment, , , ,",01781759435,Paid,1180,0,60,0,60,Yes,Return,"2026-05-19 12:41:38","Shingara Banani",Delivery,Parcel
DS160526DTWHV5,"2026-05-16 11:31:04","Rook | Half Sleeve Shirt - M","""7546""",Arco,"137/11,hazi akther hossain road,west dhanmondi, , , ,",01314032674,Paid,1180,1180,65.9,5.9,60,Yes,Delivered,"2026-05-17 11:00:17","Shingara Banani",Delivery,Parcel
DS160526XY3QXZ,"2026-05-16 11:30:34","Vance | Half Sleeve Shirt - M","""7549""",Tahmid,"Sector-7, Road-13, House-7, Flat-8, Uttara, Dhaka-1230, , , ,",01743708310,Paid,1180,1180,65.9,5.9,60,Yes,Delivered,"2026-05-17 07:38:06","Shingara Banani",Delivery,Parcel
DS160526SAVKT9,"2026-05-16 11:30:09","Roman - XL","""7550""","Jidne Al nahian Zidan","23/9, jalil vila, Munsi bari road, Jhigatola, , , ,",01305554840,Paid,2480,2480,72.4,12.4,60,Yes,Delivered,"2026-05-18 09:56:54","Shingara Banani",Delivery,Parcel
DS160526D2HNG8,"2026-05-16 09:34:03","Aster | Half Sleeve Shirt - XL","""7553""",Sherbaz,"2 Gulshan road 68 House 14/D",01919210210,Paid,1180,1180,65.9,5.9,60,Yes,Delivered,"2026-05-17 10:44:30","Shingara Banani",Delivery,Parcel
DS160526KJD33A,"2026-05-16 09:22:50","REID S","""N/A""",arabi,"mirpur 14 kamal khan road",01675022201,Paid,2580,0,82.9,12.9,70,Yes,Return,"2026-05-18 12:00:04","Shingara HQ",Delivery,Parcel
DS160526GAAZRH,"2026-05-16 09:22:14","MIDNIGHT MUSE S","""N/A""",Fardin,"lalbagh khan Mohamed mashjid er shamna ",01975742931,Paid,2480,2480,82.4,12.4,70,Yes,Delivered,"2026-05-18 06:20:28","Shingara HQ",Delivery,Parcel
RS140526LAD2QP,"2026-05-16 05:51:32","Rook | Half Sleeve Shirt - S","""7530""","SHINGARA PRODUCTION (Shingara HQ)","254 (ROYAL HAFIZ GARDEN) , In front of ibrahimpur primary school, North Ibrahimpur, Dhaka",01731012345,Paid,0,0,0,0,0,No,"Returned To Merchant","2026-05-17 16:46:06","Reverse Logistics @ Pathao",Return,Parcel
RE120526TKEHMQ,"2026-05-15 14:34:27","Brown | Gurkha Pant - S exchanged product of DS120526TKEHMQ","""7526""","SHINGARA PRODUCTION (Shingara HQ)","254 (ROYAL HAFIZ GARDEN) , In front of ibrahimpur primary school, North Ibrahimpur, Dhaka",01731012345,Paid,0,0,0,0,0,No,"Returned To Merchant","2026-05-16 13:17:32","Reverse Logistics @ Pathao",Return,Parcel
RS1405266WZMK8,"2026-05-15 14:00:29","ASHFORD M","""N/A""","SHINGARA PRODUCTION (Shingara HQ)","254 (ROYAL HAFIZ GARDEN) , In front of ibrahimpur primary school, North Ibrahimpur, Dhaka",01731012345,Paid,0,0,0,0,0,No,"Returned To Merchant","2026-05-16 13:17:32","Reverse Logistics @ Pathao",Return,Parcel
RS120526E4HZRF,"2026-05-15 10:38:43","Rook | Half Sleeve Shirt - L","""7520""","SHINGARA PRODUCTION (Shingara HQ)","254 (ROYAL HAFIZ GARDEN) , In front of ibrahimpur primary school, North Ibrahimpur, Dhaka",01731012345,Paid,0,0,40,0,40,No,"Returned To Merchant","2026-05-16 13:17:32","Reverse Logistics @ Pathao",Return,Parcel
DS1505266KW2FX,"2026-05-15 09:44:57","Midnight Muse - L","""7543""","Wafy Abrar","5, Gareeb e Newaz avenue",01716235209,Paid,2580,2580,82.9,12.9,70,Yes,Delivered,"2026-05-16 07:24:50","Shingara HQ",Delivery,Parcel
DS150526WJPGTA,"2026-05-15 09:44:40","Midnight Muse - S","""7548""","Afraz Rezwan","Dhanmondi 10/A hosue 39 flat d3, , , ,",01622888888,Paid,2580,2580,82.9,12.9,70,Yes,Delivered,"2026-05-16 11:12:41","Shingara HQ",Delivery,Parcel
RS12052623SVHX,"2026-05-14 15:16:43","Cairo | Half Sleeve Shirt - M","""7525""","SHINGARA PRODUCTION (Shingara HQ)","254 (ROYAL HAFIZ GARDEN) , In front of ibrahimpur primary school, North Ibrahimpur, Dhaka",01731012345,Paid,0,0,0,0,0,No,"Returned To Merchant","2026-05-15 14:05:48","Reverse Logistics @ Pathao",Return,Parcel
ES120526TKEHMQ,"2026-05-14 09:59:17","Brown | Gurkha Pant - S exchanged product of DS120526TKEHMQ","""7526""",Abesh,"304,ahmed Nagar.mirpur 1",01780174075,Paid,0,0,60,0,60,No,Exchange,"2026-05-15 09:07:58","Shingara Banani",Delivery,Parcel
DS1405266WZMK8,"2026-05-14 09:57:43","ASHFORD M","""N/A""",SPONDON,"H#157, R#5, Mohammadia Housing Society, Mohammadpur, Dhaka",01410171022,Paid,1730,80,70.4,0.4,70,Yes,"Paid Return","2026-05-15 09:39:00","Shingara Banani",Delivery,Parcel
DS140526Q837TB,"2026-05-14 09:57:03","MIDNIGHT MUSE M","""N/A""","Mir Dihan","984,Sheltech Verbena,7th Sharani,6th Avenue,Block I,Bashundhara R/A,Dhaka",01730264774,Paid,2580,2580,82.9,12.9,70,Yes,Delivered,"2026-05-15 08:17:59","Shingara Banani",Delivery,Parcel
DS140526WNNEHC,"2026-05-14 09:53:47","Bubblegum | Full Sleeve Shirt - M","""7542""",Mostafa,"642 KB heights , bank colony goli, noyatola moghbazar, , , ,",01933125255,Paid,1180,1180,65.9,5.9,60,Yes,Delivered,"2026-05-15 06:22:41","Shingara Banani",Delivery,Parcel
DS1405262TKD3N,"2026-05-14 09:53:35","Alden | Full Sleeve Shirt - XL","""7541""",Tamim,"57/d Organ Dahlia Kalabagan Lake Circus Dhaka, , , ,",01745845758,Paid,1180,1180,65.9,5.9,60,Yes,Delivered,"2026-05-16 07:43:45","Shingara Banani",Delivery,Parcel
DS140526FMF33T,"2026-05-14 09:53:18","Ashford | Denim Pant - XL","""7540""",Muttasin,"Dhaka, Demra, Sanarpar, Chorrasta, , , ,",01797452814,Paid,1730,1730,78.65,8.65,70,Yes,Delivered,"2026-05-15 11:38:49","Shingara Banani",Delivery,Parcel
DS140526QWT88Q,"2026-05-14 09:53:06","Rook | Half Sleeve Shirt - S,","""7535""","Md Nasim Al Mamun","Airport, ashkona , uchartek, panir pamp, , , ,",01777988738,Paid,1180,1180,65.9,5.9,60,Yes,Delivered,"2026-05-15 06:04:23","Shingara Banani",Delivery,Parcel
DS1405264HEC9B,"2026-05-14 09:52:48","Ashford | Denim Pant - L","""7534""","Bishwajit Roy Chowdhury","Charuta Private Limited, Road 94, House 03, Gulshan 2, Dhaka",01711392271,Paid,1730,80,70.4,0.4,70,Yes,"Paid Return","2026-05-16 07:47:07","Shingara Banani",Delivery,Parcel
DS1405263MV6GF,"2026-05-14 09:52:35","Roman - XL","""7533""","Minhazur Rahman","Jolchaya Whitestone House 45, Sonatongar, Bou Bazar, Hazaribag জলছায়া হোয়াইটস্টোন হাউস 45, সনাতনগড়, বৌ বাজার, হাজারীবাগ, , , ,",01772320437,Paid,2480,2480,82.4,12.4,70,Yes,Delivered,"2026-05-15 14:21:26","Shingara Banani",Delivery,Parcel
DS14052682ZFLN,"2026-05-14 09:52:14","Aster | Half Sleeve Shirt - XL","""7532""",Rashik,"South banasree, block - m, road - 12, h- 19/21, , , ,",01786633874,Paid,1180,80,60.4,0.4,60,Yes,"Paid Return","2026-05-16 12:31:56","Shingara Banani",Delivery,Parcel
DS140526LAD2QP,"2026-05-14 09:51:51","Rook | Half Sleeve Shirt - S","""7530""",Fuad,"Road : 8 ; Block:D,Bashundhara R/A",01759605635,Paid,1180,0,65.9,5.9,60,Yes,Return,"2026-05-16 05:51:32","Shingara Banani",Delivery,Parcel
DS14052639PXCM,"2026-05-14 09:51:34","Midnight Muse - XL,","""7529""",Mahir,"Rajuk Uttara Apartment Project Sector 18 uttara",01644874993,Paid,2580,2580,82.9,12.9,70,Yes,Delivered,"2026-05-15 11:53:18","Shingara Banani",Delivery,Parcel
RS120526AAQ5CW,"2026-05-13 15:20:23","Ashford | Denim Pant - XL","""7524""","SHINGARA PRODUCTION (Shingara HQ)","254 (ROYAL HAFIZ GARDEN) , In front of ibrahimpur primary school, North Ibrahimpur, Dhaka",01731012345,Paid,0,0,0,0,0,No,"Returned To Merchant","2026-05-14 14:15:39","Reverse Logistics @ Pathao",Return,Parcel
RS1205266X44RE,"2026-05-13 15:05:37","Bubblegum | Full Sleeve Shirt - M, Alden | Full Sleeve Shirt - L, Alden | Full Sleeve Shirt - M, Bubblegum | Full Sleeve Shirt - L","""7519""","SHINGARA PRODUCTION (Shingara HQ)","254 (ROYAL HAFIZ GARDEN) , In front of ibrahimpur primary school, North Ibrahimpur, Dhaka",01731012345,Paid,0,0,0,0,0,No,"Returned To Merchant","2026-05-14 14:15:39","Reverse Logistics @ Pathao",Return,Parcel
RS120526LUA4P9,"2026-05-13 13:46:08","Rook | Half Sleeve Shirt - XL","""7528""","SHINGARA PRODUCTION (Shingara HQ)","254 (ROYAL HAFIZ GARDEN) , In front of ibrahimpur primary school, North Ibrahimpur, Dhaka",01731012345,Paid,0,0,0,0,0,No,"Returned To Merchant","2026-05-14 14:15:39","Reverse Logistics @ Pathao",Return,Parcel
RS1005269MV7FD,"2026-05-13 05:22:11","Black | Gurkha Pant - L","""7516""","SHINGARA PRODUCTION (Shingara HQ)","254 (ROYAL HAFIZ GARDEN) , In front of ibrahimpur primary school, North Ibrahimpur, Dhaka",01731012345,Paid,0,0,0,0,0,No,"Returned To Merchant","2026-05-15 14:05:48","Reverse Logistics @ Pathao",Return,Parcel
RS1005265BVZVM,"2026-05-12 11:15:32","Brown | Gurkha Pant - L,","""7518""","SHINGARA PRODUCTION (Shingara HQ)","254 (ROYAL HAFIZ GARDEN) , In front of ibrahimpur primary school, North Ibrahimpur, Dhaka",01731012345,Paid,0,0,40,0,40,No,"Returned To Merchant","2026-05-13 14:02:51","Reverse Logistics @ Pathao",Return,Parcel
RS100526TVUR94,"2026-05-12 11:04:12","Black | Gurkha Pant - M, Ash | Gurkha Pant - M,","""7488""","SHINGARA PRODUCTION (Shingara HQ)","254 (ROYAL HAFIZ GARDEN) , In front of ibrahimpur primary school, North Ibrahimpur, Dhaka",01731012345,Paid,0,0,0,0,0,No,"Returned To Merchant","2026-05-13 14:02:51","Reverse Logistics @ Pathao",Return,Parcel
DS1205266CUYB9,"2026-05-12 11:03:44","Reid L","""N/A""","Mahabub Sohan","Eidgah East Rampur, Halishahar, Chattagram ",01613161198,Paid,2430,2430,144.3,24.3,120,Yes,Delivered,"2026-05-14 08:29:42","Shingara Banani",Delivery,Parcel
DS120526LUA4P9,"2026-05-12 11:02:17","Rook | Half Sleeve Shirt - XL","""7528""",Rashed,"14/2, East Bashabo, 5 number lane, Dhaka -1214, , , ,",01778031591,Paid,1180,80,60.4,0.4,60,Yes,"Paid Return","2026-05-13 12:50:29","Shingara Banani",Delivery,Parcel
DS120526TYC5LC,"2026-05-12 11:01:53","Rook | Half Sleeve Shirt - M","""7527""",Farhan,": Kha,42/1,Bashtola Masjid Road, Shahjadpur, Gulshan, , , ,",01581846477,Paid,1180,1180,65.9,5.9,60,Yes,Delivered,"2026-05-13 10:09:47","Shingara Banani",Delivery,Parcel
DS120526TKEHMQ,"2026-05-12 11:01:38","Brown | Gurkha Pant - S","""7526""",Abesh,"304,ahmed Nagar.mirpur 1",01780174075,Paid,1580,1580,67.9,7.9,60,Yes,Delivered,"2026-05-13 10:57:27","Shingara Banani",Delivery,Parcel
DS12052623SVHX,"2026-05-12 11:01:20","Cairo | Half Sleeve Shirt - M","""7525""",Tauhidur,"Tauhidur 29/92/1, Nandipara, R/N:6, PO: Bashabo, Thana: Khilgaon, , , ,",01777059065,Paid,1180,80,60.4,0.4,60,Yes,"Paid Return","2026-05-14 13:27:16","Shingara Banani",Delivery,Parcel
DS120526AAQ5CW,"2026-05-12 11:01:00","Ashford | Denim Pant - XL","""7524""",Prottoy,"Uttara sector 7, road 34, house 9, Dhaka, , , ,",01941301230,Paid,1730,80,70.4,0.4,70,Yes,"Paid Return","2026-05-13 14:45:28","Shingara Banani",Delivery,Parcel
DS120526EMN8XF,"2026-05-12 09:40:34","Rook | Half Sleeve Shirt - XL","""7523""",Ubanu,"Balaghata, Bandarban",01628954646,Paid,1230,1230,112.3,12.3,100,Yes,Delivered,"2026-05-15 08:17:47","Shingara Banani",Delivery,Parcel
DS120526XWAUQR,"2026-05-12 09:40:04","Bubblegum | Full Sleeve Shirt - L, Ashford | Denim Pant - L","""7521""",Abrar,"House 16 Road 04 sector 13 uttara dhaka, , , ,",01607004826,Paid,2830,2830,104.15,14.15,90,Yes,Delivered,"2026-05-13 09:25:10","Shingara Banani",Delivery,Parcel
DS120526E4HZRF,"2026-05-12 09:39:38","Rook | Half Sleeve Shirt - L","""7520""",Abir,"Matri Bagan Jame Mosjid,dogorom,savar,dhaka, , , ,",01789818693,Paid,1180,0,80,0,80,Yes,Return,"2026-05-15 06:40:30","Shingara Banani",Delivery,Parcel
DS1205266X44RE,"2026-05-12 09:34:12","Bubblegum | Full Sleeve Shirt - M, Alden | Full Sleeve Shirt - L, Alden | Full Sleeve Shirt - M, Bubblegum | Full Sleeve Shirt - L","""7519""","Chowdhury Sifat","165 Mirhazirbag abu haji school goli, Dhaka 1204, opposite medi bangla hospital,",01711993600,Paid,4480,2280,101.4,11.4,90,Yes,"Partial Delivery","2026-05-13 12:30:52","Shingara Banani",Delivery,Parcel
RS100526BFPWXT,"2026-05-11 15:06:19","Ashford | Denim Pant - XL,","""7450""","SHINGARA PRODUCTION (Shingara HQ)","254 (ROYAL HAFIZ GARDEN) , In front of ibrahimpur primary school, North Ibrahimpur, Dhaka",01731012345,Paid,0,0,0,0,0,No,"Returned To Merchant","2026-05-12 11:53:36","Reverse Logistics @ Pathao",Return,Parcel
DS100526VVPZ7W,"2026-05-10 10:17:29","Black pant S","""N/A""",Fahad,"dhaka commerce college.mirpur 2",01897253231,Paid,1580,1580,67.9,7.9,60,Yes,Delivered,"2026-05-11 08:33:41","Shingara HQ",Delivery,Parcel
DS1005265BVZVM,"2026-05-10 09:23:40","Brown | Gurkha Pant - L,","""7518""",Ifrat,"Bismillah Tower,thana road, savar, , , ,",01846370950,Paid,1580,0,95.8,15.8,80,Yes,Return,"2026-05-12 11:04:10","Shingara HQ",Delivery,Parcel
DS1005269MV7FD,"2026-05-10 09:23:23","Black | Gurkha Pant - L","""7516""",Rakib,"1044, moon dewan munjil,Graveyrd Road shahjadpur gulshan dhaka 1212, , , ,",01799477013,Paid,1579,0,60,0,60,Yes,Return,"2026-05-13 05:14:06","Shingara HQ",Delivery,Parcel
DS100526TVUR94,"2026-05-10 09:23:10","Black | Gurkha Pant - M, Ash | Gurkha Pant - M,","""7488""",Jahidul,"Uttara sector 1, Road 2, House 6, , , ,",01841222834,Paid,3080,0,85.4,15.4,70,Yes,Return,"2026-05-12 11:04:12","Shingara HQ",Delivery,Parcel
DS100526CQNMW2,"2026-05-10 09:22:45","Damon - M,","""7451""","Saminus Sadat Somonnoy","Ahmad and Kazi Tower , Dhanmondi , Dhaka, , , ,",01946923706,Paid,2480,2480,72.4,12.4,60,Yes,Delivered,"2026-05-11 08:38:01","Shingara Banani",Delivery,Parcel
DS100526BFPWXT,"2026-05-10 09:22:26","Ashford | Denim Pant - XL,","""7450""","Tahsin Tazwar","House:35 Road:16 Nikunjo-2, , , ,",01300150686,Paid,1730,80,70.4,0.4,70,Yes,"Paid Return","2026-05-11 09:57:15","Shingara Banani",Delivery,Parcel
DS100526VN4REK,"2026-05-10 09:22:03","Miles | Denim Pant - M","""7449""",Salakin,"Hobigonj sador, Habigonj",01332811643,Paid,1730,1730,137.3,17.3,120,Yes,Delivered,"2026-05-17 08:58:28","Shingara Banani",Delivery,Parcel
RS030526GHHNLC,"2026-05-06 14:19:41","Miles Xl","""N/A""","SHINGARA PRODUCTION (Shingara HQ)","254 (ROYAL HAFIZ GARDEN) , In front of ibrahimpur primary school, North Ibrahimpur, Dhaka",01731012345,Paid,0,0,0,0,0,No,"Returned To Merchant","2026-05-07 13:32:22","Reverse Logistics @ Pathao",Return,Parcel
DS030526GHHNLC,"2026-05-03 09:12:31","Miles Xl","""N/A""",Rashed,"3/1 Borobag (opposite of bashati housing 4 no gate), Mirpur 2, Dhaka 1216",01784803768,Paid,1730,80,70.4,0.4,70,Yes,"Paid Return","2026-05-06 09:34:34","Shingara Banani",Delivery,Parcel
RE230426USCCNQ,"2026-04-29 14:34:56","Brown gurkha L exchanged product of DS230426USCCNQ","""N/A""","SHINGARA PRODUCTION (Shingara HQ)","254 (ROYAL HAFIZ GARDEN) , In front of ibrahimpur primary school, North Ibrahimpur, Dhaka",01731012345,Paid,0,0,0,0,0,No,"Returned To Merchant","2026-04-30 12:54:27","Reverse Logistics @ Pathao",Return,Parcel
ES230426USCCNQ,"2026-04-28 09:29:15","Brown gurkha L exchanged product of DS230426USCCNQ","""N/A""","Farhan Alam","House- 168 (Rahman Tower), Central Bashabo, Atish Dipankar Road, Dhaka- 1214 (Garments Goli)
BD
",01711064717,Paid,0,0,60,0,60,No,Exchange,"2026-04-29 07:36:52","Shingara HQ",Delivery,Parcel
DS2704264V2JET,"2026-04-27 09:39:58","BLACK GURKHA M","""N/A""","Kaif ","226/2/thah west agargaon. Global school and college er pasher goli. 
",01357072852,Paid,1580,1580,67.9,7.9,60,Yes,Delivered,"2026-04-28 06:07:41","Shingara HQ",Delivery,Parcel
DS2504268MWV7X,"2026-04-25 10:16:19","Miles L","""N/A""","Nafis sarkar","
Pubail Bus-stand, Kaliganj Road,Gazipur
BD
",01817441234,Paid,1780,1780,97.8,17.8,80,Yes,Delivered,"2026-04-26 06:14:47","Shingara HQ",Delivery,Parcel
DS250426GXAKLL,"2026-04-25 10:13:57","Miles L","""N/A""","Abrar Islam Shihab","
Joydevpur Bus Stand, Gazipur. Niamat shorok, Mariali Kalabagan.
BD
",01648127673,Paid,1780,1780,117.8,17.8,100,Yes,Delivered,"2026-04-26 10:35:31","Shingara Banani",Delivery,Parcel
RE180426Z7QYPC,"2026-04-24 12:25:20","Ash | Gurkha Pant - S exchanged product of DS180426Z7QYPC","""7439""","SHINGARA PRODUCTION (Shingara HQ)","254 (ROYAL HAFIZ GARDEN) , In front of ibrahimpur primary school, North Ibrahimpur, Dhaka",01731012345,Paid,0,0,0,0,0,No,"Returned To Merchant","2026-04-25 13:21:30","Reverse Logistics @ Pathao",Return,Parcel
RS230426LRRUL5,"2026-04-24 09:57:16","Ash gurkha L","""N/A""","SHINGARA PRODUCTION (Shingara HQ)","254 (ROYAL HAFIZ GARDEN) , In front of ibrahimpur primary school, North Ibrahimpur, Dhaka",01731012345,Paid,0,0,0,0,0,No,"Returned To Merchant","2026-04-25 13:21:30","Reverse Logistics @ Pathao",Return,Parcel
ES180426Z7QYPC,"2026-04-23 08:16:53","Ash | Gurkha Pant - S exchanged product of DS180426Z7QYPC","""7439""",Shahriar,"Mirpur kazipara. Giringir mor, , , ,",01518926113,Paid,0,0,60,0,60,No,Exchange,"2026-04-24 11:36:59","Shingara HQ",Delivery,Parcel
DS2304266TM22W,"2026-04-23 08:16:13","Brown gurkha M","""N/A""","Mohiuddin sumon","Road No 22 house no 4 gulshan -1 dhaka
BD
",01410339711,Paid,1580,1580,67.9,7.9,60,Yes,Delivered,"2026-04-26 07:29:23","Shingara HQ",Delivery,Parcel
DS230426LRRUL5,"2026-04-23 08:15:18","Ash gurkha L","""N/A""",Asif,"
House 8 road 9 sector 6 uttara
BD
",01782302564,Paid,1580,80,60.4,0.4,60,Yes,"Paid Return","2026-04-24 06:41:28","Shingara HQ",Delivery,Parcel
DS230426USCCNQ,"2026-04-23 08:13:58","Brown gurkha L","""N/A""","Farhan Alam","House- 168 (Rahman Tower), Central Bashabo, Atish Dipankar Road, Dhaka- 1214 (Garments Goli)
BD
",01711064717,Paid,1580,1580,67.9,7.9,60,Yes,Delivered,"2026-04-24 08:06:53","Shingara HQ",Delivery,Parcel
DS1804262H23MR,"2026-04-18 08:15:15",,"""7440""",Farhan,"H-9/A, Rd-12, Baridhara Diplomatic Zone, Dhaka-1212",01707072444,Paid,1580,1580,67.9,7.9,60,Yes,Delivered,"2026-04-20 13:43:49","Shingara HQ",Delivery,Parcel
DS180426Z7QYPC,"2026-04-18 08:15:03","Ash | Gurkha Pant - S","""7439""",Shahriar,"Mirpur kazipara. Giringir mor, , , ,",01518926113,Paid,1580,1580,67.9,7.9,60,Yes,Delivered,"2026-04-19 13:45:06","Shingara HQ",Delivery,Parcel
DS180426U3E3KC,"2026-04-18 08:14:46","Black | Bootcut Formal Pant - M","""7438""",Saimon,"House23,road11,sector10 uttara, , , ,",01856233769,Paid,1779,1779,68.9,8.9,60,Yes,Delivered,"2026-04-19 08:07:01","Shingara HQ",Delivery,Parcel
DS150426CZPZXD,"2026-04-15 06:48:50","Cream | Gurkha Pant - M, Ash | Gurkha Pant - M","""7297""",Tarif,"House 96, Road 6/a, Banani Dohs, Dhaka",01708114477,Paid,3080,3080,85.4,15.4,70,Yes,Delivered,"2026-04-16 06:59:00","Shingara HQ",Delivery,Parcel
RE11042683DW5K,"2026-04-14 10:41:17","Elio L","""N/A""","SHINGARA PRODUCTION (Shingara HQ)","254 (ROYAL HAFIZ GARDEN) , In front of ibrahimpur primary school, North Ibrahimpur, Dhaka",01731012345,Paid,0,0,0,0,0,No,"Returned To Merchant","2026-04-15 12:46:49","Reverse Logistics @ Pathao",Return,Parcel
RE08042692WFDZ,"2026-04-13 13:29:34","MILES S, ASHFORD S exchanged product of DS08042692WFDZ","""N/A""","SHINGARA PRODUCTION (Shingara HQ)","254 (ROYAL HAFIZ GARDEN) , In front of ibrahimpur primary school, North Ibrahimpur, Dhaka",01731012345,Paid,0,0,0,0,0,No,"Returned To Merchant","2026-04-14 14:16:59","Reverse Logistics @ Pathao",Return,Parcel
ES11042683DW5K,"2026-04-13 05:59:44","Elio L","""N/A""",Tamim,"
Mirpur Eastern Housing Shonali Bazar
BD
",01878549566,Paid,100,100,60.5,0.5,60,Yes,Exchange,"2026-04-14 09:32:54","Shingara HQ",Delivery,Parcel
RS110426LJG42D,"2026-04-12 18:58:48","Ashford Xl","""N/A""","SHINGARA PRODUCTION (Shingara HQ)","254 (ROYAL HAFIZ GARDEN) , In front of ibrahimpur primary school, North Ibrahimpur, Dhaka",01731012345,Paid,0,0,0,0,0,No,"Returned To Merchant","2026-04-14 14:16:59","Reverse Logistics @ Pathao",Return,Parcel
RE310326G7SAQB,"2026-04-12 14:16:29","Miles | Denim Pant - M exchanged product of DS310326G7SAQB","""7259""","SHINGARA PRODUCTION (Shingara HQ)","254 (ROYAL HAFIZ GARDEN) , In front of ibrahimpur primary school, North Ibrahimpur, Dhaka",01731012345,Paid,0,0,0,0,0,No,"Returned To Merchant","2026-04-13 13:24:43","Reverse Logistics @ Pathao",Return,Parcel
DS120426SXVPEZ,"2026-04-12 08:57:04","Elio Xl","""N/A""",SHEIKH,"
Flat#2D,H#23,R#6,Dhanmondi,Dhaka
BD
",01747431267,Paid,2480,2480,72.4,12.4,60,Yes,Delivered,"2026-04-13 08:28:03","Shingara HQ",Delivery,Parcel
DS120426DZEVLL,"2026-04-12 08:56:06","Ashford xl","""N/A""",Ahmed,"
Dhaka, Kodomtuli, Rayerbag, Block B
BD
",01862219867,Paid,1730,1730,78.65,8.65,70,Yes,Delivered,"2026-04-13 15:05:17","Shingara Banani",Delivery,Parcel
DS110426LJG42D,"2026-04-11 09:21:27","Ashford Xl","""N/A""",Nadeem,"Kuril Kazi Bari La86/c After Pinnacle Cng Station
BD
",01609842262,Paid,1730,0,78.65,8.65,70,Yes,Return,"2026-04-12 18:58:46","Shingara Banani",Delivery,Parcel
DS11042683DW5K,"2026-04-11 09:20:31","Elio L","""N/A""",Tamim,"
Mirpur Eastern Housing Shonali Bazar
BD
",01878549566,Paid,2480,2480,72.4,12.4,60,Yes,Delivered,"2026-04-12 10:10:36","Shingara Banani",Delivery,Parcel
ES310326G7SAQB,"2026-04-11 09:19:12","Miles | Denim Pant - M exchanged product of DS310326G7SAQB","""7259""",Nabil,"Plot # KHA-152,SOUTH BADDA, OPPOSIT OF ALATUNNESA SCHOOL - DHAKA-1212, , , ,",01798065774,Paid,0,0,70,0,70,No,Exchange,"2026-04-12 10:35:48","Shingara Banani",Delivery,Parcel
DS110426YS4USG,"2026-04-11 09:17:42","Miles M","""N/A""","JIT Mondol "," Said Nagar, Water pump Area , Vatara, Dhaka-1212",01703354396,Paid,1730,1730,78.65,8.65,70,Yes,Delivered,"2026-04-12 12:56:18","Shingara Banani",Delivery,Parcel
ES08042692WFDZ,"2026-04-11 08:32:58","MILES S, ASHFORD S exchanged product of DS08042692WFDZ","""N/A""","Anabil Debnath Abir","Lift 4
House 125
Block A
Road 2
Niketon 
Gulshan 1",01313954595,Paid,0,870,64.35,4.35,60,No,Exchange,"2026-04-13 11:42:36","Shingara Banani",Delivery,Parcel
RS080426A5TA52,"2026-04-09 14:45:07","BLACK BOOTCUT L","""N/A""","SHINGARA PRODUCTION (Shingara HQ)","254 (ROYAL HAFIZ GARDEN) , In front of ibrahimpur primary school, North Ibrahimpur, Dhaka",01731012345,Paid,0,0,0,0,0,No,"Returned To Merchant","2026-04-10 15:19:54","Reverse Logistics @ Pathao",Return,Parcel
DS0904269AUWTF,"2026-04-09 09:15:47","Black | Gurkha Pant - L","""7284""","Saif Haider","House-13, Road:02, Block: C, Aftabnagar, Dhaka, , , ,",01636508638,Paid,1579,1579,67.9,7.9,60,Yes,Delivered,"2026-04-10 08:11:12","Shingara Banani",Delivery,Parcel
DS090426Z6EHFT,"2026-04-09 09:14:40","Miles | Denim Pant - S,","""7285""","Sadat Sanim","Road 10B,Uttara 11,House no5, , , ,",01308025040,Paid,1730,1730,78.65,8.65,70,Yes,Delivered,"2026-04-10 08:03:53","Shingara Banani",Delivery,Parcel
RE150326PLWK9E,"2026-04-08 12:08:34","WHITE BOOTCUT XL exchanged product of DS150326PLWK9E","""N/A""","SHINGARA PRODUCTION (Shingara HQ)","254 (ROYAL HAFIZ GARDEN) , In front of ibrahimpur primary school, North Ibrahimpur, Dhaka",01731012345,Paid,0,0,0,0,0,No,"Returned To Merchant","2026-04-09 14:30:13","Reverse Logistics @ Pathao",Return,Parcel
DS080426U82N8J,"2026-04-08 11:38:43","Miles | Denim Pant - Xl","""7283""",Parbon,"House-2, Plot-2, Road-3, Block-F, Sec-1, Area: Aftabnagar, Thana-Badda, Post Office-1212",01962424667,Paid,1730,1730,78.65,8.65,70,Yes,Delivered,"2026-04-09 07:41:44","Shingara Banani",Delivery,Parcel
DS080426KCMGGV,"2026-04-08 09:41:28","MILES M","""N/A""","Arefin Ahnaf","House 22 road 27 Sector 7 Uttara Dhaka",01816411403,Paid,1730,1730,78.65,8.65,70,Yes,Delivered,"2026-04-09 12:37:30","Shingara Banani",Delivery,Parcel
DS080426A5TA52,"2026-04-08 09:40:51","BLACK BOOTCUT L","""N/A""","M Anom","Banasree A Block Road 4 House 17",01924052666,Paid,1780,80,60.4,0.4,60,Yes,"Paid Return","2026-04-09 10:36:20","Shingara HQ",Delivery,Parcel
DS08042692WFDZ,"2026-04-08 09:40:05","MILES S, ASHFORD S","""N/A""","Anabil Debnath Abir","Lift 4
House 125
Block A
Road 2
Niketon 
Gulshan 1",01313954595,Paid,3180,3180,105.9,15.9,90,Yes,Delivered,"2026-04-09 12:19:33","Shingara Banani",Delivery,Parcel
ES150326PLWK9E,"2026-04-07 09:25:02","WHITE BOOTCUT XL exchanged product of DS150326PLWK9E","""N/A""","Awuf Hossain","Dhanmondi 12a , House 60, Green Eden , Flat - B1	",01805222268,Paid,80,80,70.4,0.4,70,Yes,Exchange,"2026-04-08 05:15:54","Shingara HQ",Delivery,Parcel
DS0704263SRNR3,"2026-04-07 09:23:43","Ashford | Denim Pant - XL","""7276""","Ahanf Tahabi","34 Central Road dhanmondi, , , ,",01735384040,Paid,1730,1730,78.65,8.65,70,Yes,Delivered,"2026-04-08 07:44:47","Shingara Banani",Delivery,Parcel
DS070426YVXLWK,"2026-04-07 09:23:26","Black | Gurkha Pant - M","""7281""",Sajjad,"Chowdhury Para, Chandpur Sadar, Chandpur., , , ,",01619721767,Paid,1430,1430,114.3,14.3,100,Yes,Delivered,"2026-04-09 12:42:39","Shingara HQ",Delivery,Parcel
DS070426K3MCGR,"2026-04-07 09:23:10","Black | Bootcut Formal Pant - XL","""7282""","Minhazur Rahman","448, Gawair Dakshin para road, Dakshinkhan, Ashkona, Uttara, , , ,",01819417546,Paid,1780,1780,68.9,8.9,60,Yes,Delivered,"2026-04-08 05:58:12","Shingara Banani",Delivery,Parcel
RS060426HTYV47,"2026-04-06 13:30:52",,"""84614""","SHINGARA PRODUCTION (Shingara HQ)","254 (ROYAL HAFIZ GARDEN) , In front of ibrahimpur primary school, North Ibrahimpur, Dhaka",01731012345,Paid,0,0,0,0,0,No,"Returned To Merchant","2026-04-07 15:48:17","Reverse Logistics @ Pathao",Return,Parcel
DS060426HTYV47,"2026-04-06 13:28:48",,"""84614""","SHINGARA PRODUCTION","254 (ROYAL HAFIZ GARDEN) , In front of ibrahimpur primary school, North Ibrahimpur, Dhaka",01731012345,Paid,0,0,0,0,0,No,Return,"2026-04-06 13:30:51","Shingara HQ",Delivery,Parcel
RS0204269EUR37,"2026-04-05 15:26:32","Miles | Denim Pant - S,","""7270""","SHINGARA PRODUCTION (Shingara HQ)","254 (ROYAL HAFIZ GARDEN) , In front of ibrahimpur primary school, North Ibrahimpur, Dhaka",01731012345,Paid,0,0,0,0,0,No,"Returned To Merchant","2026-04-06 15:02:10","Reverse Logistics @ Pathao",Return,Parcel
RS040426T4E2FR,"2026-04-05 14:17:48","Black | Gurkha Pant - M","""7273""","SHINGARA PRODUCTION (Shingara HQ)","254 (ROYAL HAFIZ GARDEN) , In front of ibrahimpur primary school, North Ibrahimpur, Dhaka",01731012345,Paid,0,0,0,0,0,No,"Returned To Merchant","2026-04-06 15:02:10","Reverse Logistics @ Pathao",Return,Parcel
RS040426BS87RG,"2026-04-05 09:38:43","Miles | Denim Pant - L","""7274""","SHINGARA PRODUCTION (Shingara HQ)","254 (ROYAL HAFIZ GARDEN) , In front of ibrahimpur primary school, North Ibrahimpur, Dhaka",01731012345,Paid,0,0,50,0,50,No,"Returned To Merchant","2026-04-08 16:03:16","Reverse Logistics @ Pathao",Return,Parcel
DS050426T5465Y,"2026-04-05 06:07:49","Elio M","""N/A""",Dibbyojyoti,"
408/1 , kuratoli ,khilkhet Dhaka 1229, ( Zahir pharmacy er pashe ) Dhaka Bangladesh
BD
",01883067751,Paid,2480,2480,72.4,12.4,60,Yes,Delivered,"2026-04-06 12:08:10","Shingara HQ",Delivery,Parcel
DS0504266ERWJS,"2026-04-05 06:07:01","Cream pant L size","""N/A""","Amir Hamza Srabon","Cha-108,Hazi Hakeem Munshi Road, In front of Alif Plastic Door, North Badda Dhaka 1212
BD
",01795411083,Paid,1580,1580,67.9,7.9,60,Yes,Delivered,"2026-04-06 04:20:21","Shingara HQ",Delivery,Parcel
DS040426NFPGHS,"2026-04-04 09:38:33","MILES S","""N/A""","Ahamed Sazid ","House 59, Road 19, Uttara Sector 11, Dhaka",01712928102,Paid,1730,1730,78.65,8.65,70,Yes,Delivered,"2026-04-05 08:53:05","Shingara HQ",Delivery,Parcel
DS0404268G8SAL,"2026-04-04 09:12:37","Miles | Denim Pant - M","""7275""",Sudipto,"Daffodil International University ashulia savar",01841482030,Paid,1730,1730,117.3,17.3,100,Yes,Delivered,"2026-04-06 06:10:50","Shingara HQ",Delivery,Parcel
DS040426BS87RG,"2026-04-04 09:12:10","Miles | Denim Pant - L","""7274""","Noora Alam","ABS tannery ,hahayeatpur tannery ariea ,savar dhaka",01911908401,Paid,1730,100,101,1,100,Yes,"Paid Return","2026-04-05 06:59:03","Shingara HQ",Delivery,Parcel
DS040426T4E2FR,"2026-04-04 09:10:41","Black | Gurkha Pant - M","""7273""",Radeet,"Shomity Bhaban-3, Tolarbag (gate-2), Mirpur-1",01632326396,Paid,1579,80,60.4,0.4,60,Yes,"Paid Return","2026-04-05 08:02:45","Shingara HQ",Delivery,Parcel
DS040426GGHGP6,"2026-04-04 09:10:16","Black | Gurkha Pant - M","""7271""","Fahim Shahriar","Mohammadia Housing Ltd. Road #8 House #130 Nandan Firoza Homes Mohammadpur, Dhaka 1207",01709083005,Paid,1580,1580,67.9,7.9,60,Yes,Delivered,"2026-04-05 10:31:19","Shingara HQ",Delivery,Parcel
DS020426QF5ZWF,"2026-04-02 09:16:47","White | Gurkha Pant - L, Brown | Gurkha Pant - L,","""7266""",Shakhawat,"Aftabnagar, , , ,",01829285647,Unpaid,3080,0,75.4,15.4,60,Yes,"Pickup Cancel","2026-04-03 12:31:52","Shingara Banani",Delivery,Parcel
DS020426QMJ6HF,"2026-04-02 09:16:21","Miles | Denim Pant - XL","""7267""","Siam Al Tahmid","Navana Lupine, A2, plot#297/D, Road#15(shafayet road), block#c, Bashundhara, , , ,",01677008414,Paid,1730,1730,78.65,8.65,70,Yes,Delivered,"2026-04-03 09:09:16","Shingara Banani",Delivery,Parcel
DS020426PT9JZA,"2026-04-02 09:16:07","Miles | Denim Pant - M,","""7269""",Tanvir,"Mirpur 60 feet , amtola, pirer bag , alamin road, noor mosjider opposite a, , , ,",01603165057,Paid,1730,1730,78.65,8.65,70,Yes,Delivered,"2026-04-03 10:27:54","Shingara Banani",Delivery,Parcel
DS0204269EUR37,"2026-04-02 09:15:57","Miles | Denim Pant - S,","""7270""",Shahel,"Samsul haque khan school and college road , shantibagh . Matuail jatrabari Dhaka, , , ,",01766850277,Paid,1730,0,70,0,70,Yes,Return,"2026-04-05 14:53:06","Shingara Banani",Delivery,Parcel
DS020426JFKUUV,"2026-04-02 05:31:02","Black gurkha S","""N/A""",Shanto," Bashundhara RA Block F Road 22 ( House 718 A5) 
",01816490864,Paid,1580,1580,127.9,7.9,120,Yes,Delivered,"2026-04-02 10:43:39","Shingara HQ",Delivery,Parcel
DS020426WAFJXG,"2026-04-02 05:29:04","Black gurkha S","""N/A""",Riyaz," Meghula Bazar, Dohar-Dhaka, , , ,
",01719095034,Unpaid,1580,0,95.8,15.8,80,Yes,"Pickup Cancel","2026-04-03 12:32:49","Shingara HQ",Delivery,Parcel
RE290326SV298V,"2026-04-01 16:33:16","BLACK PANJABI L exchanged product of DS290326SV298V","""N/A""","SHINGARA PRODUCTION (Shingara HQ)","254 (ROYAL HAFIZ GARDEN) , In front of ibrahimpur primary school, North Ibrahimpur, Dhaka",01731012345,Paid,0,0,0,0,0,No,"Returned To Merchant","2026-04-02 15:12:41","Reverse Logistics @ Pathao",Return,Parcel
DS0104266L7TC8,"2026-04-01 07:58:12","Miles | Denim Pant - M","""7265""","Adv. Saquib Rahman","Avenue 12, Road 12 B, Plot 1175, Apartment 6f, DOHS Mirpur, , , ,",01780006920,Paid,1730,1730,78.65,8.65,70,Yes,Delivered,"2026-04-03 11:27:04","Shingara HQ",Delivery,Parcel
DS010426VT57YM,"2026-04-01 07:57:55","Black | Gurkha Pant - M","""7268""","Saqib Ahmed","Road 14, House 5, 4B, Gulshan 1, Dhaka 1212, , , ,",01819222614,Paid,1580,1580,67.9,7.9,60,Yes,Delivered,"2026-04-03 08:58:45","Shingara HQ",Delivery,Parcel
DS010426TPNV7T,"2026-04-01 07:57:24","Ash | Gurkha Pant - M","""7264""",Abdullah,"18,urduroad, chawkbazar thanar agee ali garments er holir bhitore, sabera bhaban, 3rd Floor, dhaka, , , ,",01552370047,Paid,1580,1580,67.9,7.9,60,Yes,Delivered,"2026-04-04 09:46:13","Shingara HQ",Delivery,Parcel
DS010426MQ32PT,"2026-04-01 07:57:12","Black | Gurkha Pant - S","""7263""",Riyaz,"Meghula Bazar, Dohar-Dhaka, , , ,",01719095034,Paid,1580,1580,95.8,15.8,80,Yes,Delivered,"2026-04-03 13:26:54","Shingara HQ",Delivery,Parcel
ES290326SV298V,"2026-03-31 10:26:07","BLACK PANJABI L exchanged product of DS290326SV298V","""N/A""","Rifath Hassan","New Shampur, High School Road, Jurain, Dhaka - 1204.",01627872288,Paid,0,0,60,0,60,No,Exchange,"2026-04-01 14:03:09","Shingara Banani",Delivery,Parcel
PS1503263DYKNF,"2026-03-31 09:16:28","Affan	|01886223258|Building-5, Shopnonagar-1,Mirpur-12, Dhaka-1216|DS1503263DYKNF","""N/A""",Tanzeem,"254 (ROYAL HAFIZ GARDEN) , In front of ibrahimpur primary school, North Ibrahimpur, Dhaka",01731012345,Unpaid,0,0,60,0,60,No,"Pickup Cancel","2026-04-06 04:45:54","Pathao Reverse Pickup Store : Mirpur","Reverse Delivery",Parcel
DS310326GJUNJX,"2026-03-31 09:01:41","Miles | Denim Pant - S","""7262""",Dhrubo,"House 62, road 11, dit project, merul badda",01794772156,Paid,1730,1730,78.65,8.65,70,Yes,Delivered,"2026-04-01 05:08:22","Shingara Banani",Delivery,Parcel
DS310326MAGTRY,"2026-03-31 09:01:27","Black | Bootcut Formal Pant - XL","""7261""","Abdul Jalil","Sector : 14, Road : 15 , House : 48 Dhaka 1230",01722655555,Paid,1780,1780,68.9,8.9,60,Yes,Delivered,"2026-04-01 12:35:49","Shingara Banani",Delivery,Parcel
DS310326CWSFWT,"2026-03-31 09:01:13","Black | Bootcut Formal Pant - XL","""7260""",Ashaduzzaman,"26/A,1 Topkhana Road, Segun Bagicha",01922545251,Paid,1780,1780,68.9,8.9,60,Yes,Delivered,"2026-04-01 09:29:46","Shingara Banani",Delivery,Parcel
DS310326G7SAQB,"2026-03-31 09:00:48","Miles | Denim Pant - M","""7259""",Nabil,"Plot # KHA-152,SOUTH BADDA, OPPOSIT OF ALATUNNESA SCHOOL - DHAKA-1212, , , ,",01798065774,Paid,1730,1730,78.65,8.65,70,Yes,Delivered,"2026-04-01 11:59:39","Shingara Banani",Delivery,Parcel
RS290326XE7UMY,"2026-03-30 15:25:04","Miles | Denim Pant - XL","""7254""","SHINGARA PRODUCTION (Shingara HQ)","254 (ROYAL HAFIZ GARDEN) , In front of ibrahimpur primary school, North Ibrahimpur, Dhaka",01731012345,Paid,0,0,0,0,0,No,"Returned To Merchant","2026-03-31 15:50:06","Reverse Logistics @ Pathao",Return,Parcel
RS280326TFZWYJ,"2026-03-30 15:02:20","Black | Gurkha Pant - S","""7250""","SHINGARA PRODUCTION (Shingara HQ)","254 (ROYAL HAFIZ GARDEN) , In front of ibrahimpur primary school, North Ibrahimpur, Dhaka",01731012345,Paid,0,0,0,0,0,No,"Returned To Merchant","2026-03-31 15:50:06","Reverse Logistics @ Pathao",Return,Parcel
RS290326VSWS8D,"2026-03-30 14:44:41","Miles | Denim Pant - L","""N/A""","SHINGARA PRODUCTION (Shingara HQ)","254 (ROYAL HAFIZ GARDEN) , In front of ibrahimpur primary school, North Ibrahimpur, Dhaka",01731012345,Paid,0,0,0,0,0,No,"Returned To Merchant","2026-03-31 15:50:05","Reverse Logistics @ Pathao",Return,Parcel
RS290326WGP3QD,"2026-03-30 13:01:02","Miles | Denim Pant - M","""7257""","SHINGARA PRODUCTION (Shingara HQ)","254 (ROYAL HAFIZ GARDEN) , In front of ibrahimpur primary school, North Ibrahimpur, Dhaka",01731012345,Paid,0,0,0,0,0,No,"Returned To Merchant","2026-03-31 15:50:05","Reverse Logistics @ Pathao",Return,Parcel
RS280326HDLPBA,"2026-03-30 12:37:25","BLUE DENIM M , L","""N/A""","SHINGARA PRODUCTION (Shingara HQ)","254 (ROYAL HAFIZ GARDEN) , In front of ibrahimpur primary school, North Ibrahimpur, Dhaka",01731012345,Paid,0,0,75,0,75,No,"Returned To Merchant","2026-04-01 15:52:35","Reverse Logistics @ Pathao",Return,Parcel
RS290326QDW6XS,"2026-03-30 11:35:43","Black | Gurkha Pant - XL","""7258""","SHINGARA PRODUCTION (Shingara HQ)","254 (ROYAL HAFIZ GARDEN) , In front of ibrahimpur primary school, North Ibrahimpur, Dhaka",01731012345,Paid,0,0,0,0,0,No,"Returned To Merchant","2026-03-31 15:50:05","Reverse Logistics @ Pathao",Return,Parcel
RS2903268ZPXUS,"2026-03-30 10:22:27","Ash | Gurkha Pant - M","""7256""","SHINGARA PRODUCTION (Shingara HQ)","254 (ROYAL HAFIZ GARDEN) , In front of ibrahimpur primary school, North Ibrahimpur, Dhaka",01731012345,Paid,0,0,0,0,0,No,"Returned To Merchant","2026-03-31 15:50:05","Reverse Logistics @ Pathao",Return,Parcel
RE170326CA9AGX,"2026-03-30 09:17:21","BLACK BOOTCUT M","""N/A""","SHINGARA PRODUCTION (Shingara HQ)","254 (ROYAL HAFIZ GARDEN) , In front of ibrahimpur primary school, North Ibrahimpur, Dhaka",01731012345,Paid,0,0,50,0,50,No,"Returned To Merchant","2026-04-01 15:52:35","Reverse Logistics @ Pathao",Return,Parcel
RS2603268944YG,"2026-03-29 15:32:33","Black | Bootcut Formal Pant - L","""7240""","SHINGARA PRODUCTION (Shingara HQ)","254 (ROYAL HAFIZ GARDEN) , In front of ibrahimpur primary school, North Ibrahimpur, Dhaka",01731012345,Paid,0,0,0,0,0,No,"Returned To Merchant","2026-03-30 13:03:19","Reverse Logistics @ Pathao",Return,Parcel
RS280326S7ECUC,"2026-03-29 13:11:34","Brown | Gurkha Pant - M","""7246""","SHINGARA PRODUCTION (Shingara HQ)","254 (ROYAL HAFIZ GARDEN) , In front of ibrahimpur primary school, North Ibrahimpur, Dhaka",01731012345,Paid,0,0,0,0,0,No,"Returned To Merchant","2026-03-30 13:03:19","Reverse Logistics @ Pathao",Return,Parcel
ES170326CA9AGX,"2026-03-29 09:31:32","BLACK BOOTCUT M","""N/A""",syedayaan,"tangail sadar, Tangail town,thanapara choiani pukur",01993605160,Paid,0,0,100,0,100,No,Exchange,"2026-03-30 06:27:14","Shingara Banani",Delivery,Parcel
DS290326WWAULS,"2026-03-29 09:31:02","Cream Gurkha L","""N/A""",himel,"Khulna,Jashore,Monirampur 
",01734114112,Paid,1430,1430,114.3,14.3,100,Yes,Delivered,"2026-03-31 09:10:10","Shingara Banani",Delivery,Parcel
DS290326SV298V,"2026-03-29 09:25:22","BLACK PANJABI L","""N/A""","Rifath Hassan","New Shampur, High School Road, Jurain, Dhaka - 1204.",01627872288,Paid,2230,2230,71.15,11.15,60,Yes,Delivered,"2026-03-30 13:29:21","Shingara Banani",Delivery,Parcel
DS290326QDW6XS,"2026-03-29 09:05:51","Black | Gurkha Pant - XL","""7258""",Oni,"Flat: 6/D, 160/E/1, Meghna Tower, MA Halim Road, Baganbari, Dhaka Cantonment, Dhaka-1206, , , ,",01646545806,Paid,1579,80,60.4,0.4,60,Yes,"Paid Return","2026-03-30 09:57:06","Shingara Banani",Delivery,Parcel
DS290326WGP3QD,"2026-03-29 09:05:41","Miles | Denim Pant - M","""7257""",Dhrubo,"House 62, road 11, dit project, merul badda, , , ,",01794772156,Paid,1730,80,70.4,0.4,70,Yes,"Paid Return","2026-03-30 11:46:34","Shingara Banani",Delivery,Parcel
DS2903268ZPXUS,"2026-03-29 09:05:33","Ash | Gurkha Pant - M","""7256""","Zisan sunny","250,jafrabad,opposite of rayerbazar community centre, , , ,",01401606030,Paid,1580,80,60.4,0.4,60,Yes,"Paid Return","2026-03-30 08:35:34","Shingara Banani",Delivery,Parcel
DS290326VSWS8D,"2026-03-29 09:05:09","Miles | Denim Pant - L","""N/A""","Abid Hasan Jarif","Flat: D3, 277, Elephant Road, New Market Dhaka",01725401687,Paid,1730,70,70.35,0.35,70,Yes,"Paid Return","2026-03-30 05:09:01","Shingara Banani",Delivery,Parcel
DS290326XE7UMY,"2026-03-29 07:42:42","Miles | Denim Pant - XL","""7254""","Bd customer","Rd 10,house 4,sector 14,Uttara, , , ,",01682064208,Paid,1730,80,70.4,0.4,70,Yes,"Paid Return","2026-03-30 11:19:36","Shingara Banani",Delivery,Parcel
RS280326M3PXG3,"2026-03-28 18:29:38",,"""0023""","SHINGARA PRODUCTION (Shingara HQ)","254 (ROYAL HAFIZ GARDEN) , In front of ibrahimpur primary school, North Ibrahimpur, Dhaka",01731012345,Paid,0,0,0,0,0,No,"Returned To Merchant","2026-03-29 15:01:47","Reverse Logistics @ Pathao",Return,Parcel
DS280326M3PXG3,"2026-03-28 18:28:49",,"""0023""",Tanzeem,"Plot 18, Road 4, Block F, Banani 1213, Dhaka",01731012345,Paid,0,0,0,0,0,No,Return,"2026-03-28 18:29:33","Shingara HQ",Delivery,Parcel
RS2603268UGA4W,"2026-03-28 16:42:06","Brown | Gurkha Pant - M","""7244""","SHINGARA PRODUCTION (Shingara HQ)","254 (ROYAL HAFIZ GARDEN) , In front of ibrahimpur primary school, North Ibrahimpur, Dhaka",01731012345,Paid,0,0,0,0,0,No,"Returned To Merchant","2026-03-29 15:01:47","Reverse Logistics @ Pathao",Return,Parcel
DS280326HDLPBA,"2026-03-28 09:09:04","BLUE DENIM M , L","""N/A""","Mir Rayhan ","Munshiganj Sador GH city center market",01928205484,Paid,3230,1680,166.8,16.8,150,Yes,"Partial Delivery","2026-03-30 09:25:55","Shingara Banani",Delivery,Parcel
DS280326RGR6Z6,"2026-03-28 09:07:59","WHITE GURKHA S","""N/A""",nabil,"boro moghbazar ,kazir goli ,atashi apartment",01971544841,Paid,1580,1580,67.9,7.9,60,Yes,Delivered,"2026-03-29 09:13:07","Shingara Banani",Delivery,Parcel
DS280326R3QK97,"2026-03-28 09:06:27","ASH GURKHA XL","""N/A""",Anisur,"
Address: 6no Prottoy Shudhishomaj Shiddeshori Ramna Dhaka 1217",01711961891,Paid,1580,1580,67.9,7.9,60,Yes,Delivered,"2026-03-29 12:01:21","Shingara Banani",Delivery,Parcel
DS280326P6YJE6,"2026-03-28 09:05:29","JACKET M","""N/A""","Alvi Rahman","146/G, road no.2 , hazi afzal pharmacy goli, north shyamoli, dhaka

",01975558444,Paid,2230,2230,81.15,11.15,70,Yes,Delivered,"2026-03-29 08:15:45","Shingara Banani",Delivery,Parcel
DS280326FL7CXF,"2026-03-28 09:04:42","Miles | Denim Pant - L","""7253""","Abid Hasan Jarif","Flat: D3, 277, Elephant Road, New Market Dhaka, , , ,",01725401687,Unpaid,1730,0,68.65,8.65,60,Yes,"Pickup Cancel","2026-03-28 09:11:57","Shingara Banani",Delivery,Parcel
DS280326VDXD7G,"2026-03-28 09:04:33","Ashford | Denim Pant - M","""7252""",Partha,"21/shukrabad, dhanmondi,dhaka, , , ,",01704535183,Paid,1730,1730,78.65,8.65,70,Yes,Delivered,"2026-03-29 08:44:43","Shingara Banani",Delivery,Parcel
DS280326ZBG2SY,"2026-03-28 09:04:22","Miles | Denim Pant - S","""7251""","Azizur Rahman Abir","Promy ssociety,Moynartek,uttarkhan,Dhaka, , , ,",01619431950,Paid,1730,1730,78.65,8.65,70,Yes,Delivered,"2026-03-29 12:29:27","Shingara Banani",Delivery,Parcel
DS280326TFZWYJ,"2026-03-28 09:04:10","Black | Gurkha Pant - S","""7250""",Mahadi,"35 bcc road, Wari, Dhaka, , , ,",01322375876,Paid,1580,0,67.9,7.9,60,Yes,Return,"2026-03-30 08:39:58","Shingara Banani",Delivery,Parcel
DS2803266U4U4H,"2026-03-28 09:03:58","White | Gurkha Pant - M","""7249""",Rohan,"ally Office to Sikder Medical Road,(Disney Garden-8B), Dhaka, Bangladesh, null",01612164790,Paid,1579,1579,67.9,7.9,60,Yes,Delivered,"2026-03-29 12:50:50","Shingara Banani",Delivery,Parcel
DS2803265X4AFP,"2026-03-28 09:03:49","Black | Gurkha Pant - L","""7248""","Asif Sikder","House 4, Road 5, Sector 11, Uttara, Dhaka, , , ,",01714793133,Paid,1580,1580,67.9,7.9,60,Yes,Delivered,"2026-03-29 07:32:31","Shingara Banani",Delivery,Parcel
DS28032648JVNM,"2026-03-28 09:03:36","White | Gurkha Pant - XL","""7247""",Nirob,"Solmaid Ferazitola, Sapra Moshjid, Asmat Ullha Ideal School Er Pashe. (near Evercare Hospital Bashundhara), , , ,",01892812441,Paid,1580,1580,67.9,7.9,60,Yes,Delivered,"2026-03-29 07:14:52","Shingara Banani",Delivery,Parcel
DS280326S7ECUC,"2026-03-28 09:03:24","Brown | Gurkha Pant - M","""7246""","Humzah Khondker","House 1 road 3 sector 7 Uttara ANZ casa de arif, , , ,",01977560891,Paid,1579,80,60.4,0.4,60,Yes,"Paid Return","2026-03-29 08:19:46","Shingara Banani",Delivery,Parcel
RS260326SYST3N,"2026-03-27 12:28:16","Brown | Gurkha Pant - XL","""7243""","SHINGARA PRODUCTION (Shingara HQ)","254 (ROYAL HAFIZ GARDEN) , In front of ibrahimpur primary school, North Ibrahimpur, Dhaka",01731012345,Paid,0,0,0,0,0,No,"Returned To Merchant","2026-03-28 15:25:44","Reverse Logistics @ Pathao",Return,Parcel
RS250326NBE3LG,"2026-03-26 14:16:21","Miles | Denim Pant - L	1	","""N/A""","SHINGARA PRODUCTION (Shingara HQ)","254 (ROYAL HAFIZ GARDEN) , In front of ibrahimpur primary school, North Ibrahimpur, Dhaka",01731012345,Paid,0,0,0,0,0,No,"Returned To Merchant","2026-03-27 15:34:12","Reverse Logistics @ Pathao",Return,Parcel
DS260326ZKTSQN,"2026-03-26 10:33:36","Black | Bootcut Formal Pant - S","""7239""",Nawas,"Ramu coxbazar, , , ,",01846937177,Paid,1630,1630,116.3,16.3,100,Yes,Delivered,"2026-03-28 07:13:35","Shingara Banani",Delivery,Parcel
DS2603268944YG,"2026-03-26 10:32:55","Black | Bootcut Formal Pant - L","""7240""","Nafis Adnan Safi","Bashundhara R/A Block-D Road-4 House-51/L, , , ,",01707978207,Paid,1780,80,60.4,0.4,60,Yes,"Paid Return","2026-03-29 13:32:55","Shingara Banani",Delivery,Parcel
DS260326FWERXF,"2026-03-26 09:25:48","Cream | Gurkha Pant - M","""7242""","fardeen khan","Holding no. 55 Ward no.1 Washpur (near Bosila bridge) Keraniganj, , , ,",01822933729,Paid,1580,1580,95.8,15.8,80,Yes,Delivered,"2026-03-27 06:19:36","Shingara Banani",Delivery,Parcel
DS260326SYST3N,"2026-03-26 09:10:43","Brown | Gurkha Pant - XL","""7243""",Foyjul,"Mirpur section 6 block b road 2 house no 7",01994578262,Paid,1580,0,67.9,7.9,60,Yes,Return,"2026-03-27 12:06:42","Shingara Banani",Delivery,Parcel
DS2603268UGA4W,"2026-03-26 09:10:25","Brown | Gurkha Pant - M","""7244""",Anim,"Jurain -risipara Ses Mosjid ( Baitul Aman Jame Mosjid )",01304744484,Paid,1580,80,60.4,0.4,60,Yes,"Paid Return","2026-03-28 13:34:38","Shingara Banani",Delivery,Parcel
RS250326U3QBZP,"2026-03-26 08:31:49","Miles | Denim Pant - S	1","""N/A""","SHINGARA PRODUCTION (Shingara HQ)","254 (ROYAL HAFIZ GARDEN) , In front of ibrahimpur primary school, North Ibrahimpur, Dhaka",01731012345,Paid,0,0,0,0,0,No,"Returned To Merchant","2026-03-27 15:34:12","Reverse Logistics @ Pathao",Return,Parcel
RS150326HP4X8K,"2026-03-25 09:49:36","ROMAN -L","""N/A""","SHINGARA PRODUCTION (Shingara HQ)","254 (ROYAL HAFIZ GARDEN) , In front of ibrahimpur primary school, North Ibrahimpur, Dhaka",01731012345,Paid,0,0,60,0,60,No,"Returned To Merchant","2026-03-28 15:25:44","Reverse Logistics @ Pathao",Return,Parcel
DS25032639ZDQP,"2026-03-25 09:43:23","BLACK BOOTCUT PANT S	1","""N/A""",Nawas,"Ramu coxbazar",01846937177,Unpaid,1630,0,116.3,16.3,100,Yes,"Pickup Cancel","2026-03-26 16:03:39","Shingara Banani",Delivery,Parcel
DS2503263PV3SU,"2026-03-25 09:42:56","Miles Denim Pant XL	1","""N/A""","Tahsan Ahmed","H 157, Road 5, mohammadia housing society mohammadpur",01939834610,Paid,1730,1730,78.65,8.65,70,Yes,Delivered,"2026-03-26 07:30:48","Shingara Banani",Delivery,Parcel
DS250326WAR6PQ,"2026-03-25 09:42:34","ASHFORD DENIM PANT M	1","""N/A""","Aman Javed","House 300, Block C, Shafiyat Road, Bashundhara R/A ",01778988348,Paid,1730,1730,68.65,8.65,60,Yes,Delivered,"2026-03-27 09:23:06","Shingara Banani",Delivery,Parcel
DS250326NBE3LG,"2026-03-25 09:42:04","Miles | Denim Pant - L	1	","""N/A""","Redwan Hossain	","Dhaka, Mohammadpur, Tajmohalroad,26/25",01979731199,Paid,1730,80,70.4,0.4,70,Yes,"Paid Return","2026-03-26 12:20:25","Shingara Banani",Delivery,Parcel
DS250326U3QBZP,"2026-03-25 09:33:27","Miles | Denim Pant - S	1","""N/A""","Sami tanvir	","Kuril middha bari masjid,kuril bisho road,dhaka",01671732572,Paid,1730,0,78.65,8.65,70,Yes,Return,"2026-03-26 08:31:48","Shingara Banani",Delivery,Parcel
DS2503266FB7KB,"2026-03-25 09:32:58","Miles | Denim Pant - XL	1","""N/A""","FATIN	","220 karimullah bag Postogola Dhaka 1204",01301065348,Paid,1730,1730,78.65,8.65,70,Yes,Delivered,"2026-03-26 09:14:52","Shingara Banani",Delivery,Parcel
RS170326NWJNED,"2026-03-24 07:07:11","ELIO -M","""N/A""","SHINGARA PRODUCTION (Shingara HQ)","254 (ROYAL HAFIZ GARDEN) , In front of ibrahimpur primary school, North Ibrahimpur, Dhaka",01731012345,Paid,0,0,50,0,50,No,"Returned To Merchant","2026-03-27 15:34:12","Reverse Logistics @ Pathao",Return,Parcel
RS180326HMNVY4,"2026-03-19 17:39:59","Black | Bootcut Formal Pant - L	","""N/A""","SHINGARA PRODUCTION (Shingara HQ)","254 (ROYAL HAFIZ GARDEN) , In front of ibrahimpur primary school, North Ibrahimpur, Dhaka",01731012345,Paid,0,0,0,0,0,No,"Returned To Merchant","2026-03-26 14:49:38","Reverse Logistics @ Pathao",Return,Parcel
RE160326HNLHEU,"2026-03-19 09:15:44","Roman - M                         
Midnight Muse - M exchanged product of DS160326HNLHEU","""N/A""","SHINGARA PRODUCTION (Shingara HQ)","254 (ROYAL HAFIZ GARDEN) , In front of ibrahimpur primary school, North Ibrahimpur, Dhaka",01731012345,Paid,0,0,0,0,0,No,"Returned To Merchant","2026-03-25 14:46:24","Reverse Logistics @ Pathao",Return,Parcel
RS180326LSS58B,"2026-03-19 08:55:36","Elio - M","""N/A""","SHINGARA PRODUCTION (Shingara HQ)","254 (ROYAL HAFIZ GARDEN) , In front of ibrahimpur primary school, North Ibrahimpur, Dhaka",01731012345,Paid,0,0,0,0,0,No,"Returned To Merchant","2026-03-26 14:49:38","Reverse Logistics @ Pathao",Return,Parcel
RS180326NV3SUM,"2026-03-19 07:00:55","Black | Bootcut Formal Pant - XL	","""N/A""","SHINGARA PRODUCTION (Shingara HQ)","254 (ROYAL HAFIZ GARDEN) , In front of ibrahimpur primary school, North Ibrahimpur, Dhaka",01731012345,Paid,0,0,0,0,0,No,"Returned To Merchant","2026-03-26 14:49:38","Reverse Logistics @ Pathao",Return,Parcel
RS180326CE3AJL,"2026-03-19 07:00:55","Reid - M","""N/A""","SHINGARA PRODUCTION (Shingara HQ)","254 (ROYAL HAFIZ GARDEN) , In front of ibrahimpur primary school, North Ibrahimpur, Dhaka",01731012345,Paid,0,0,0,0,0,No,"Returned To Merchant","2026-03-26 14:49:38","Reverse Logistics @ Pathao",Return,Parcel
RS180326DSJJEX,"2026-03-19 05:39:11","Black | Bootcut Formal Pant - M","""N/A""","SHINGARA PRODUCTION (Shingara HQ)","254 (ROYAL HAFIZ GARDEN) , In front of ibrahimpur primary school, North Ibrahimpur, Dhaka",01731012345,Paid,0,0,50,0,50,No,"Returned To Merchant","2026-03-26 14:49:38","Reverse Logistics @ Pathao",Return,Parcel
RS1703269UXSP6,"2026-03-19 05:14:24","Midnight Muse - M","""N/A""","SHINGARA PRODUCTION (Shingara HQ)","254 (ROYAL HAFIZ GARDEN) , In front of ibrahimpur primary school, North Ibrahimpur, Dhaka",01731012345,Paid,0,0,0,0,0,No,"Returned To Merchant","2026-03-26 14:49:38","Reverse Logistics @ Pathao",Return,Parcel
RS160326YV8YQ2,"2026-03-18 19:19:23","Elio - M","""N/A""","SHINGARA PRODUCTION (Shingara HQ)","254 (ROYAL HAFIZ GARDEN) , In front of ibrahimpur primary school, North Ibrahimpur, Dhaka",01731012345,Paid,0,0,50,0,50,No,"Returned To Merchant","2026-03-27 15:34:12","Reverse Logistics @ Pathao",Return,Parcel
RS160326TU6DTM,"2026-03-18 14:49:55","DAMON BLACK PANJABI L	","""N/A""","SHINGARA PRODUCTION (Shingara HQ)","254 (ROYAL HAFIZ GARDEN) , In front of ibrahimpur primary school, North Ibrahimpur, Dhaka",01731012345,Paid,0,0,50,0,50,No,"Returned To Merchant","2026-03-26 14:49:38","Reverse Logistics @ Pathao",Return,Parcel
RS170326LCVAN3,"2026-03-18 14:49:05","DAMON -M","""N/A""","SHINGARA PRODUCTION (Shingara HQ)","254 (ROYAL HAFIZ GARDEN) , In front of ibrahimpur primary school, North Ibrahimpur, Dhaka",01731012345,Paid,0,0,50,0,50,No,"Returned To Merchant","2026-03-26 14:49:38","Reverse Logistics @ Pathao",Return,Parcel
RS170326EFGLAU,"2026-03-18 14:16:37","Elio -XL 
Roman -L ","""N/A""","SHINGARA PRODUCTION (Shingara HQ)","254 (ROYAL HAFIZ GARDEN) , In front of ibrahimpur primary school, North Ibrahimpur, Dhaka",01731012345,Paid,0,0,0,0,0,No,"Returned To Merchant","2026-03-25 14:46:24","Reverse Logistics @ Pathao",Return,Parcel
RS160326SNFQ99,"2026-03-18 11:51:53","Elio - S","""N/A""","SHINGARA PRODUCTION (Shingara HQ)","254 (ROYAL HAFIZ GARDEN) , In front of ibrahimpur primary school, North Ibrahimpur, Dhaka",01731012345,Paid,0,0,0,0,0,No,"Returned To Merchant","2026-03-25 14:46:24","Reverse Logistics @ Pathao",Return,Parcel
RS170326HMDMXP,"2026-03-18 11:28:07","MIDNIGHT MUSE M	","""N/A""","SHINGARA PRODUCTION (Shingara HQ)","254 (ROYAL HAFIZ GARDEN) , In front of ibrahimpur primary school, North Ibrahimpur, Dhaka",01731012345,Paid,0,0,50,0,50,No,"Returned To Merchant","2026-03-27 15:34:12","Reverse Logistics @ Pathao",Return,Parcel
DS1803266233AL,"2026-03-18 10:19:54","Black | Bootcut Formal Pant - L","""N/A""",Tanzid,"Dominant seven star , aftabnagar",01838695467,Paid,1780,1780,78.9,8.9,70,Yes,Delivered,"2026-03-19 04:37:12","Shingara HQ",Delivery,Parcel
DS180326HMNVY4,"2026-03-18 10:19:06","Black | Bootcut Formal Pant - L	","""N/A""","Fahad	","Peelkhana Gate No 4, Shimanto Square",01769009436,Paid,1780,0,78.9,8.9,70,Yes,Return,"2026-03-19 17:39:59","Shingara HQ",Delivery,Parcel
ES160326HNLHEU,"2026-03-18 09:34:39","Roman - M                         
Midnight Muse - M exchanged product of DS160326HNLHEU","""N/A""","Tahsin Hossain","Uttara azimpur khacabazar muktijhodha road house no 168 house name &quot;jhosna dhara&quot;",01970796211,Paid,100,0,70,0,70,Yes,Exchange,"2026-03-19 08:24:47","Shingara HQ",Delivery,Parcel
DS180326DSJJEX,"2026-03-18 09:32:35","Black | Bootcut Formal Pant - M","""N/A""",Siam,"Shampur Bazar,hemayetpur, Savar,dhaka",01886885989,Paid,1800,100,101,1,100,Yes,"Paid Return","2026-03-19 05:09:34","Shingara HQ",Delivery,Parcel
DS180326Y4C4Q7,"2026-03-18 09:31:01","Elio - L","""N/A""","Wafy Abrar","House 5, Gareeb e newaz Avenue, Sector 13, Uttara west",01309907684,Paid,2280,2280,81.4,11.4,70,Yes,Delivered,"2026-03-19 08:08:59","Shingara HQ",Delivery,Parcel
DS180326Q965AY,"2026-03-18 09:30:15","ROMAN M	","""N/A""","Mahi	","H-05, R-08, Gulshan-1 [Golden Crest, apt-2D]",01771109787,Paid,2280,2280,71.4,11.4,60,Yes,Delivered,"2026-03-19 07:50:28","Shingara HQ",Delivery,Parcel
DS180326CJSWQU,"2026-03-18 09:29:24","Black | Bootcut Formal Pant - L","""N/A""","ibtihaz aryan "," road-16 house-20 uttara dhaka",01575340256,Paid,1580,1580,77.9,7.9,70,Yes,Delivered,"2026-03-19 06:51:25","Shingara HQ",Delivery,Parcel
DS1803267GJ6GC,"2026-03-18 06:27:43","REID M","""N/A""","Tanveer Nadim Arpon	","Flat B4, House 28/D (Sierra View), Road 18, Sector 7, Uttara, Dhaka&quot;",01916665058,Paid,2650,2650,133.25,13.25,120,Yes,Delivered,"2026-03-19 08:33:04","Shingara HQ",Delivery,Parcel
DS180326ZR6GE2,"2026-03-18 05:26:28","Black | Bootcut Formal Pant - XL","""N/A""",Sumaiya,"Flat number:12/A,Building number: 71,Secretary&#039;s Apartment(সচিব নিবাস), Eskaton garden,Dhaka",01914650857,Paid,1850,1850,129.25,9.25,120,Yes,Delivered,"2026-03-18 12:55:56","Shingara HQ",Delivery,Parcel
DS180326LSS58B,"2026-03-18 05:25:50","Elio - M","""N/A""",Tomal,"Jamuna future park",01947799704,Paid,2550,80,120.4,0.4,120,Yes,"Paid Return","2026-03-19 08:50:58","Shingara HQ",Delivery,Parcel
DS180326NV3SUM,"2026-03-18 05:24:59","Black | Bootcut Formal Pant - XL	","""N/A""","Minhazur Rahman","448, Gawair Dakshin para road, Dakshinkhan, Ashkona, Uttara",01819417546,Paid,1850,0,129.25,9.25,120,Yes,Return,"2026-03-18 19:19:22","Shingara HQ",Delivery,Parcel
DS180326JGDRQP,"2026-03-18 05:24:09","Black | Bootcut Formal Pant - M","""N/A""",Sabbir,"Lift: 5, House: 890, Road 21, Block- K , Bashundhara",01814012049,Paid,1850,1850,129.25,9.25,120,Yes,Delivered,"2026-03-18 11:52:33","Shingara HQ",Delivery,Parcel
DS180326CE3AJL,"2026-03-18 05:23:02","Reid - M","""N/A""","Md.Ibne kayes	","Uttara,ajompur,raillain-kacha,bazar",01403671670,Paid,2650,120,120.6,0.6,120,Yes,"Paid Return","2026-03-18 16:58:20","Shingara HQ",Delivery,Parcel
DS180326BFCFP8,"2026-03-18 05:22:01","Reid - M	","""N/A""","Md.Ibne kayes","Uttara,ajompur,raillain-kacha,bazar",01403671670,Unpaid,2650,0,73.25,13.25,60,Yes,"Pickup Cancel","2026-03-18 05:22:21","Shingara HQ",Delivery,Parcel
DS1803264KSJS3,"2026-03-18 05:20:11","Midnight Muse - M","""N/A""","Naeem	","300 feet, Pink City Model Town Road 4 Block A House 18",01319862579,Paid,2650,2650,133.25,13.25,120,Yes,Delivered,"2026-03-18 11:51:52","Shingara HQ",Delivery,Parcel
DS180326M3D6UC,"2026-03-18 05:19:12","	Midnight Muse XL","""N/A""","Omar Rayan","Flat:E-13, House: 93/1, block:C, Road:8,Niketon,Gulshan ,Dhaka",01622891567,Paid,2550,2550,132.75,12.75,120,Yes,Delivered,"2026-03-18 15:16:21","Shingara HQ",Delivery,Parcel
DS1803264UVN87,"2026-03-18 05:18:26","REID M","""N/A""","Iftikhar alvi	","Mitali road 42/2/A mitali road jame masjid er theke ektu samne, jigatola",01736381884,Paid,2550,2550,132.75,12.75,120,Yes,Delivered,"2026-03-18 16:31:52","Shingara HQ",Delivery,Parcel
DS18032699J6TR,"2026-03-18 05:17:22","Midnight Muse M	","""N/A""","Aryan Hossain","House- 712/49/76, Road-10, Baitul aman housing, Adabor, Mohammadpur, Dhaka-1207",01730239515,Paid,2550,2550,132.75,12.75,120,Yes,Delivered,"2026-03-18 16:55:06","Shingara HQ",Delivery,Parcel
DS180326ZR2HRM,"2026-03-18 05:16:39","Midnight Muse M","""N/A""","Rohan	","sector 12, Road 04, House 37 uttara-dhaka",01627290686,Paid,2550,2550,132.75,12.75,120,Yes,Delivered,"2026-03-18 13:37:35","Shingara HQ",Delivery,Parcel
DS180326XW9SUT,"2026-03-18 05:15:38","DAMON S","""N/A""","Saqib Ahmed Siddiqui","Road 14, House 5, 4B, 
Gulshan 1&quot;",01819222614,Paid,2450,2450,132.25,12.25,120,Yes,Delivered,"2026-03-18 11:58:32","Shingara HQ",Delivery,Parcel
DS180326YGM5F4,"2026-03-18 05:14:50","ROMAN S	","""N/A""","Saif Muhammad","House 1, Road 1, Block A, Section 2, Mirpur 2, Opposite of Rainkhola Masjid.",01902194838,Paid,2450,2450,132.25,12.25,120,Yes,Delivered,"2026-03-18 16:11:35","Shingara HQ",Delivery,Parcel
DS180326ZBRGPH,"2026-03-18 05:13:00","ROMAN XL","""N/A""","Ayman	","168/H,GreenRoad(behind comfort hospital/shinepukur goli), apartment: intimate green",01339894325,Paid,2450,2450,132.25,12.25,120,Yes,Delivered,"2026-03-18 12:03:58","Shingara HQ",Delivery,Parcel
DS170326FERBQG,"2026-03-17 22:55:10","Roman M","""N/A""",rokon,"মিরপুর ১,মল্লিক টাওয়ার",01954419441,Paid,2350,2350,131.75,11.75,120,Yes,Delivered,"2026-03-18 16:20:22","Shingara HQ",Delivery,Parcel
DS170326DKFSP9,"2026-03-17 21:14:43","REID L","""N/A""","Kamil ahmed","Uttara dhaka, Sector 13, road 1/a, house 16, lift 3
",01301301782,Paid,2450,2450,132.25,12.25,120,Yes,Delivered,"2026-03-18 15:56:37","Shingara HQ",Delivery,Parcel
DS17032649D4K3,"2026-03-17 19:58:33","BLACK BOOTCUT XL","""N/A""","Mahmudul Basit","Road 5 block I
Ivory seetan
House 334
Bashundhora R/A",01674662369,Paid,1650,1650,128.25,8.25,120,Yes,Delivered,"2026-03-18 12:32:37","Shingara HQ",Delivery,Parcel
DS170326RW7FTR,"2026-03-17 19:52:01","S (black bootcut)","""N/A""","Washik Ahmed","136, Noorjahan Tower, new circular road, boro moghbazar, Dhaka
",01711172919,Paid,1650,1650,128.25,8.25,120,Yes,Delivered,"2026-03-18 11:49:38","Shingara HQ",Delivery,Parcel
DS170326S73Z9Y,"2026-03-17 19:14:36","ROMAN M","""N/A""",SAIF,"Mohakhali bus stand",01624436220,Paid,2400,2400,132,12,120,Yes,Delivered,"2026-03-18 12:21:46","Shingara HQ",Delivery,Parcel
RS160326KXJ8VK,"2026-03-17 17:04:29","ELIO S 	","""N/A""","SHINGARA PRODUCTION (Shingara HQ)","254 (ROYAL HAFIZ GARDEN) , In front of ibrahimpur primary school, North Ibrahimpur, Dhaka",01731012345,Paid,0,0,0,0,0,No,"Returned To Merchant","2026-03-25 14:46:24","Reverse Logistics @ Pathao",Return,Parcel
RS150326DYTYYD,"2026-03-17 16:58:15","WHITE BOOTCUT XL","""N/A""","SHINGARA PRODUCTION (Shingara HQ)","254 (ROYAL HAFIZ GARDEN) , In front of ibrahimpur primary school, North Ibrahimpur, Dhaka",01731012345,Paid,0,0,50,0,50,No,"Returned To Merchant","2026-03-28 15:25:44","Reverse Logistics @ Pathao",Return,Parcel
RS170326LX99EB,"2026-03-17 16:16:42",,"""no entry return""","SHINGARA PRODUCTION (Shingara HQ)","254 (ROYAL HAFIZ GARDEN) , In front of ibrahimpur primary school, North Ibrahimpur, Dhaka",01731012345,Paid,0,0,0,0,0,No,"Returned To Merchant","2026-03-18 12:47:02","Reverse Logistics @ Pathao",Return,Parcel
DS170326LX99EB,"2026-03-17 15:52:47",,"""no entry return"""," Zayan hider","House No. 414, South Monipur Water Pump Lane",01711532249,Paid,0,0,0,0,0,No,Return,"2026-03-17 16:16:42","Shingara HQ",Delivery,Parcel
RE150326NKTETV,"2026-03-17 15:02:02","White | Bootcut Formal Pant - M exchanged product of DS150326NKTETV","""N/A""","SHINGARA PRODUCTION (Shingara HQ)","254 (ROYAL HAFIZ GARDEN) , In front of ibrahimpur primary school, North Ibrahimpur, Dhaka",01731012345,Paid,0,0,0,0,0,No,"Returned To Merchant","2026-03-25 14:46:24","Reverse Logistics @ Pathao",Return,Parcel
RS150326TJRPCB,"2026-03-17 14:41:49","White | Bootcut Formal Pant - M                                 White | Bootcut Formal Pant - L	","""N/A""","SHINGARA PRODUCTION (Shingara HQ)","254 (ROYAL HAFIZ GARDEN) , In front of ibrahimpur primary school, North Ibrahimpur, Dhaka",01731012345,Paid,0,0,60,0,60,No,"Returned To Merchant","2026-03-26 14:49:38","Reverse Logistics @ Pathao",Return,Parcel
RS150326W5F5JM,"2026-03-17 14:00:57","Black Bootcut M","""N/A""","SHINGARA PRODUCTION (Shingara HQ)","254 (ROYAL HAFIZ GARDEN) , In front of ibrahimpur primary school, North Ibrahimpur, Dhaka",01731012345,Paid,0,0,60,0,60,No,"Returned To Merchant","2026-03-25 14:46:24","Reverse Logistics @ Pathao",Return,Parcel
RS160326VTGLYV,"2026-03-17 13:53:07","NOA - XL","""N/A""","SHINGARA PRODUCTION (Shingara HQ)","254 (ROYAL HAFIZ GARDEN) , In front of ibrahimpur primary school, North Ibrahimpur, Dhaka",01731012345,Paid,0,0,0,0,0,No,"Returned To Merchant","2026-03-18 12:47:02","Reverse Logistics @ Pathao",Return,Parcel
RS150326VSB6XN,"2026-03-17 13:47:37","Midnight Muse S 	1","""N/A""","SHINGARA PRODUCTION (Shingara HQ)","254 (ROYAL HAFIZ GARDEN) , In front of ibrahimpur primary school, North Ibrahimpur, Dhaka",01731012345,Paid,0,0,50,0,50,No,"Returned To Merchant","2026-03-26 14:49:38","Reverse Logistics @ Pathao",Return,Parcel
RS150326NXZR9D,"2026-03-17 13:21:59","White | Bootcut Formal Pant - S                                                 Midnight Muse - M                                                                                Elio - M","""N/A""","SHINGARA PRODUCTION (Shingara HQ)","254 (ROYAL HAFIZ GARDEN) , In front of ibrahimpur primary school, North Ibrahimpur, Dhaka",01731012345,Paid,0,0,0,0,0,No,"Returned To Merchant","2026-03-18 12:47:02","Reverse Logistics @ Pathao",Return,Parcel
RS160326A9QRUD,"2026-03-17 13:14:37","Elio - M	","""N/A""","SHINGARA PRODUCTION (Shingara HQ)","254 (ROYAL HAFIZ GARDEN) , In front of ibrahimpur primary school, North Ibrahimpur, Dhaka",01731012345,Paid,0,0,50,0,50,No,"Returned To Merchant","2026-03-26 14:49:38","Reverse Logistics @ Pathao",Return,Parcel
RS160326EEXNM2,"2026-03-17 13:12:31","Elio - M			","""N/A""","SHINGARA PRODUCTION (Shingara HQ)","254 (ROYAL HAFIZ GARDEN) , In front of ibrahimpur primary school, North Ibrahimpur, Dhaka",01731012345,Paid,0,0,0,0,0,No,"Returned To Merchant","2026-03-18 12:47:02","Reverse Logistics @ Pathao",Return,Parcel
RS160326SQTYXD,"2026-03-17 13:07:49","Black | Bootcut Formal Pant - L","""N/A""","SHINGARA PRODUCTION (Shingara HQ)","254 (ROYAL HAFIZ GARDEN) , In front of ibrahimpur primary school, North Ibrahimpur, Dhaka",01731012345,Paid,0,0,0,0,0,No,"Returned To Merchant","2026-03-18 12:47:02","Reverse Logistics @ Pathao",Return,Parcel
RS150326S6BEB7,"2026-03-17 12:28:12","Midnight Muse -XL 
Black Bootcut -XL","""N/A""","SHINGARA PRODUCTION (Shingara HQ)","254 (ROYAL HAFIZ GARDEN) , In front of ibrahimpur primary school, North Ibrahimpur, Dhaka",01731012345,Paid,0,0,60,0,60,No,"Returned To Merchant","2026-03-26 14:49:38","Reverse Logistics @ Pathao",Return,Parcel
DS170326J4TWW9,"2026-03-17 11:39:27","REID M","""N/A""","Iftikhar alvi","Chadni chawk market dhaka 1205 4th floor",01736381884,Unpaid,2580,0,72.9,12.9,60,Yes,"Pickup Cancel","2026-03-26 13:08:52","Shingara HQ",Delivery,Parcel
DS170326CA9AGX,"2026-03-17 11:25:10","BLACK BOOTCUT M","""N/A""",syedayaan,"tangail sadar, Tangail town,thanapara choiani pukur",01993605160,Paid,1630,1630,136.3,16.3,120,Yes,Delivered,"2026-03-18 11:18:52","Shingara HQ",Delivery,Parcel
DS1703262ZL9PQ,"2026-03-17 11:24:29","ROMAN M","""N/A""","Siam 	","119/1 moghbazar century tower",01948626613,Paid,2380,2380,71.9,11.9,60,Yes,Delivered,"2026-03-18 08:18:37","Shingara HQ",Delivery,Parcel
DS17032679XSUR,"2026-03-17 11:23:44","REID XL","""N/A""","Mohammad Riad ","Northern Khan Heights , Lift 12, House 34 , Road 3 , Block D , Section 11 , Pallabi&quot;",01701046646,Paid,2480,1680,68.4,8.4,60,Yes,Delivered,"2026-03-18 08:12:16","Shingara HQ",Delivery,Parcel
DS170326UGUXNG,"2026-03-17 11:22:52","REID M	","""N/A""","Tanjid Sunny	","Harbang, Chakoria, Cox&#039;sbazar",01860292604,Paid,2330,2330,143.3,23.3,120,Yes,Delivered,"2026-03-19 08:43:03","Shingara HQ",Delivery,Parcel
DS170326KPSB2N,"2026-03-17 10:03:42",,"""N/A""",Sumi,"Road-3,lane-4,house-12, Block-B,Halishahar, Chattogram",01711135447,Paid,0,0,100,0,100,No,Delivered,"2026-03-18 11:41:09","Shingara HQ",Delivery,Parcel
DS170326BZHX94,"2026-03-17 10:02:06",,"""N/A""","Jahanara Akter, Minu		","Baro Anulia, Post+ Thana: Shivalaya,  Dist: Mnikgonj",01712005477,Paid,0,0,100,0,100,No,Delivered,"2026-03-18 07:45:30","Shingara HQ",Delivery,Parcel
DS170326W2V7DV,"2026-03-17 10:01:20","	DAMON L","""N/A""","Al-amin Iqra Jisan","6-Road;G-Block;Banasree,Rampura,Dhaka",01752030655,Paid,2380,2380,71.9,11.9,60,Yes,Delivered,"2026-03-18 06:29:38","Shingara HQ",Delivery,Parcel
DS1703262Q3A9Y,"2026-03-17 10:00:41","ELIO -S","""N/A""","Ashraf Uddin	","71/1 Shamibagh Road, Wari, Dhaka 1203",01841666137,Paid,2380,2380,71.9,11.9,60,Yes,Delivered,"2026-03-18 09:48:23","Shingara HQ",Delivery,Parcel
DS170326PU9QKB,"2026-03-17 09:58:53","ROMAN XL	","""N/A""","Sazzad Hossain Siam ","Ghoraghat bus stand Dinajpur",01824310000,Paid,2330,2330,123.3,23.3,100,Yes,Delivered,"2026-03-19 06:22:39","Shingara HQ",Delivery,Parcel
DS1703264Q69GG,"2026-03-17 09:58:15","WHITE GURKHA PANT M	1		","""N/A""","Arian islam","Middle badda, badda high school road Ta 154 ",01758555285,Paid,1580,1480,67.4,7.4,60,Yes,Delivered,"2026-03-18 12:35:55","Shingara HQ",Delivery,Parcel
DS1703268LQ5E7,"2026-03-17 09:57:16","Black | Bootcut Formal Pant - XL	","""N/A""",Mansib,"2/19, Tajmahal Road, Mohammadpur",01631332688,Paid,1780,1780,68.9,8.9,60,Yes,Delivered,"2026-03-18 12:54:11","Shingara HQ",Delivery,Parcel
DS1703265S4FEE,"2026-03-17 09:56:31","White | Gurkha Pant - - L","""N/A""","Ratul	","Mirpur7, arambag gate no 4, building- D33",01805999460,Paid,1580,1580,67.9,7.9,60,Yes,Delivered,"2026-03-18 10:46:28","Shingara HQ",Delivery,Parcel
DS170326NLLS76,"2026-03-17 09:32:08","Black | Bootcut Formal Pant - M	","""N/A""","Kazi Sakib","Rampura hazipara wasa road crystal palace 37/38",01621852945,Paid,1780,1780,68.9,8.9,60,Yes,Delivered,"2026-03-18 08:18:07","Shingara HQ",Delivery,Parcel
DS1703262VM6WA,"2026-03-17 09:31:27","Roman - L","""N/A""",Sirat,"Moubag road 9 Shimultuli, Gazipur",01615972677,Paid,2330,2330,103.3,23.3,80,Yes,Delivered,"2026-03-18 08:18:19","Shingara HQ",Delivery,Parcel
DS1703263TH7NS,"2026-03-17 09:30:54","Elio - L","""N/A""","Sadaf Chowdhury	","Block#C, Road#08, House#187, Bashundhara R/A, APT-A7",01847313347,Paid,2480,2480,72.4,12.4,60,Yes,Delivered,"2026-03-18 07:04:36","Shingara HQ",Delivery,Parcel
DS170326R8G5CC,"2026-03-17 09:29:54","ROMAN  L","""N/A"""," Safawat Rahman Safi","Jardis mor, notun bazar,  chatmohar, pabna.&quot;",01319956474,Paid,2430,2430,124.3,24.3,100,Yes,Delivered,"2026-03-18 13:20:21","Shingara HQ",Delivery,Parcel
DS170326HMDMXP,"2026-03-17 09:26:43","MIDNIGHT MUSE M	","""N/A""","Saif ","noakhali Kabirhat",01825812797,Paid,530,530,105.3,5.3,100,Yes,Exchange,"2026-03-18 09:48:08","Shingara HQ",Delivery,Parcel
DS170326UBSETM,"2026-03-17 09:25:24","REID -XL        
BLACK BOOTCUT XL ","""N/A""","Arfan Khan","Chittagong Nasirabad Housing Society, Road no.4, House no.24, flat 7D",01760858533,Paid,4130,4130,191.3,41.3,150,Yes,Delivered,"2026-03-18 14:08:11","Shingara HQ",Delivery,Parcel
DS170326NWJNED,"2026-03-17 09:24:09","ELIO -M","""N/A""","Afridiii ","Lalmohan,Bhola 
",01313937248,Paid,2330,0,100,0,100,Yes,Return,"2026-03-24 05:16:22","Shingara HQ",Delivery,Parcel
DS1703264EKMXU,"2026-03-17 09:22:49","ROMAN PANJABI S	","""N/A""","Tashrif	","Gazipara, Uttarkhan, dhaka",01906301992,Paid,2380,2380,71.9,11.9,60,Yes,Delivered,"2026-03-18 06:54:00","Shingara HQ",Delivery,Parcel
DS170326UF6G9X,"2026-03-17 09:17:13","ROMAN S","""N/A""","tahasan al majid ","bashundhara r/a block d road 7 house 126",01756145578,Paid,2480,2480,72.4,12.4,60,Yes,Delivered,"2026-03-18 07:13:01","Shingara HQ",Delivery,Parcel
DS170326EFGLAU,"2026-03-17 09:15:11","Elio -XL 
Roman -L ","""N/A""","Adi	","Nahar cotage, 372/A Dilu road Moghbazar",01340610122,Paid,4480,0,92.4,22.4,70,Yes,Return,"2026-03-18 11:54:33","Shingara HQ",Delivery,Parcel
DS1703269UXSP6,"2026-03-17 09:14:05","Midnight Muse - M","""N/A""",Akash,"Gopibag 7th lane shoptom goli",01718033957,Paid,2580,0,72.9,12.9,60,Yes,Return,"2026-03-19 05:14:11","Shingara HQ",Delivery,Parcel
DS170326VWGS5A,"2026-03-17 09:13:20","Roman - M","""N/A""","Mahin chowdhury","House 6 Road 4 Sector 5 Uttara",01854372286,Paid,2480,2480,72.4,12.4,60,Yes,Delivered,"2026-03-18 10:48:52","Shingara HQ",Delivery,Parcel
DS170326V6M97A,"2026-03-17 09:12:31","DAMON -XL","""N/A""","Tanmoon Khan","Amulia model town aichi medical hospital  Bansree",01782030421,Paid,2400,2400,72,12,60,Yes,Delivered,"2026-03-18 08:58:59","Shingara HQ",Delivery,Parcel
DS1703264LZRSC,"2026-03-17 09:11:44","Midnight muse M	","""N/A""","Mohammad ali    ","Uttar badda dhaka haziimazuddin road 92/ab Eminent palace 501floor",01851784655,Paid,2480,2480,72.4,12.4,60,Yes,Delivered,"2026-03-18 05:55:24","Shingara HQ",Delivery,Parcel
DS170326SAMYZA,"2026-03-17 09:10:59","ELIO M","""N/A""","rj shanto sarker","কল্যাণপুর এক নম্বর রোড বাসা নাম্বার ২২/১ হাজী বাড়ি&quot;",01930933125,Paid,2380,2380,71.9,11.9,60,Yes,Delivered,"2026-03-18 08:15:14","Shingara HQ",Delivery,Parcel
DS17032626VLCU,"2026-03-17 09:09:33","REID -M","""N/A""","Gazi Muid Ahmad	","3/5 Block E, Lalmatia, Mohammodpur, Dhaka",01984934804,Paid,2480,2480,72.4,12.4,60,Yes,Delivered,"2026-03-18 07:54:05","Shingara HQ",Delivery,Parcel
DS170326LCVAN3,"2026-03-17 09:08:46","DAMON -M","""N/A""","Sayeem 	","khulna Town , near mujgunni boro boyra, kazipara",01305380388,Paid,2330,0,123.3,23.3,100,Yes,Return,"2026-03-18 09:41:44","Shingara HQ",Delivery,Parcel
DS17032665RWXR,"2026-03-17 09:07:57","Reid - M	","""N/A""","Minhaj Mahmud	","Dhaka,south Badda,sahaba Jame Masjid Road, House#ba 66/3",01708880617,Paid,2580,2580,82.9,12.9,70,Yes,Delivered,"2026-03-18 07:53:21","Shingara HQ",Delivery,Parcel
RS150326CCVDDK,"2026-03-17 07:45:28","REID-M                                                      MIDNIGHT MUSE S","""N/A""","SHINGARA PRODUCTION (Shingara HQ)","254 (ROYAL HAFIZ GARDEN) , In front of ibrahimpur primary school, North Ibrahimpur, Dhaka",01731012345,Paid,0,0,0,0,0,No,"Returned To Merchant","2026-03-18 12:47:02","Reverse Logistics @ Pathao",Return,Parcel
RS160326GF3BUP,"2026-03-17 06:06:58","ELIO S","""N/A""","SHINGARA PRODUCTION (Shingara HQ)","254 (ROYAL HAFIZ GARDEN) , In front of ibrahimpur primary school, North Ibrahimpur, Dhaka",01731012345,Paid,0,0,0,0,0,No,"Returned To Merchant","2026-03-18 12:47:02","Reverse Logistics @ Pathao",Return,Parcel
RS150326WQ9RCN,"2026-03-16 18:55:13","ROMAN PANJABI S","""N/A""","SHINGARA PRODUCTION (Shingara HQ)","254 (ROYAL HAFIZ GARDEN) , In front of ibrahimpur primary school, North Ibrahimpur, Dhaka",01731012345,Paid,0,0,0,0,0,No,"Returned To Merchant","2026-03-18 12:47:02","Reverse Logistics @ Pathao",Return,Parcel
RS150326FADVER,"2026-03-16 18:10:28","Midnight Muse -M","""N/A""","SHINGARA PRODUCTION (Shingara HQ)","254 (ROYAL HAFIZ GARDEN) , In front of ibrahimpur primary school, North Ibrahimpur, Dhaka",01731012345,Paid,0,0,0,0,0,No,"Returned To Merchant","2026-03-18 12:47:02","Reverse Logistics @ Pathao",Return,Parcel
RS150326ED2FCX,"2026-03-16 17:34:07","White | Bootcut Formal Pant - XL	","""N/A""","SHINGARA PRODUCTION (Shingara HQ)","254 (ROYAL HAFIZ GARDEN) , In front of ibrahimpur primary school, North Ibrahimpur, Dhaka",01731012345,Paid,0,0,0,0,0,No,"Returned To Merchant","2026-03-18 12:47:02","Reverse Logistics @ Pathao",Return,Parcel
RS150326BPY4ZV,"2026-03-16 17:09:22","White | Bootcut Formal Pant - S                                             Roman - M                          
White | Bootcut Formal Pant - L                                          Reid - L","""N/A""","SHINGARA PRODUCTION (Shingara HQ)","254 (ROYAL HAFIZ GARDEN) , In front of ibrahimpur primary school, North Ibrahimpur, Dhaka",01731012345,Paid,0,0,0,0,0,No,"Returned To Merchant","2026-03-18 12:47:02","Reverse Logistics @ Pathao",Return,Parcel
RS1503267H762K,"2026-03-16 17:01:27","Reid -M                                                     Roman -M","""N/A""","SHINGARA PRODUCTION (Shingara HQ)","254 (ROYAL HAFIZ GARDEN) , In front of ibrahimpur primary school, North Ibrahimpur, Dhaka",01731012345,Paid,0,0,0,0,0,No,"Returned To Merchant","2026-03-18 12:47:02","Reverse Logistics @ Pathao",Return,Parcel
RS150326AVL8ZM,"2026-03-16 16:18:47","ROMAN PANJABI M                            ROMAN PANJABI L	","""N/A""","SHINGARA PRODUCTION (Shingara HQ)","254 (ROYAL HAFIZ GARDEN) , In front of ibrahimpur primary school, North Ibrahimpur, Dhaka",01731012345,Paid,0,0,0,0,0,No,"Returned To Merchant","2026-03-18 12:47:02","Reverse Logistics @ Pathao",Return,Parcel
RS150326YGSATX,"2026-03-16 15:40:33","White | Bootcut Formal Pant - XL","""N/A""","SHINGARA PRODUCTION (Shingara HQ)","254 (ROYAL HAFIZ GARDEN) , In front of ibrahimpur primary school, North Ibrahimpur, Dhaka",01731012345,Paid,0,0,0,0,0,No,"Returned To Merchant","2026-03-18 12:47:02","Reverse Logistics @ Pathao",Return,Parcel
RS150326HMVR3K,"2026-03-16 15:40:05","White | Bootcut Formal Pant - M                                                                                                                 Midnight Muse - M                                               Reid - M                                                      Black | Bootcut Formal Pant - M	","""N/A""","SHINGARA PRODUCTION (Shingara HQ)","254 (ROYAL HAFIZ GARDEN) , In front of ibrahimpur primary school, North Ibrahimpur, Dhaka",01731012345,Paid,0,0,0,0,0,No,"Returned To Merchant","2026-03-17 15:41:26","Reverse Logistics @ Pathao",Return,Parcel
RS1503267BL83K,"2026-03-16 15:21:36","WHITE BOOTCUT PANT S","""N/A""","SHINGARA PRODUCTION (Shingara HQ)","254 (ROYAL HAFIZ GARDEN) , In front of ibrahimpur primary school, North Ibrahimpur, Dhaka",01731012345,Paid,0,0,50,0,50,No,"Returned To Merchant","2026-03-18 12:47:02","Reverse Logistics @ Pathao",Return,Parcel
RS1503266747U2,"2026-03-16 15:11:56","Roman - L                                                Roman - M	","""N/A""","SHINGARA PRODUCTION (Shingara HQ)","254 (ROYAL HAFIZ GARDEN) , In front of ibrahimpur primary school, North Ibrahimpur, Dhaka",01731012345,Paid,0,0,0,0,0,No,"Returned To Merchant","2026-03-18 12:47:02","Reverse Logistics @ Pathao",Return,Parcel
RS150326LY9RQW,"2026-03-16 14:41:32","Black | Bootcut Formal Pant - L	","""N/A""","SHINGARA PRODUCTION (Shingara HQ)","254 (ROYAL HAFIZ GARDEN) , In front of ibrahimpur primary school, North Ibrahimpur, Dhaka",01731012345,Paid,0,0,0,0,0,No,"Returned To Merchant","2026-03-17 15:41:26","Reverse Logistics @ Pathao",Return,Parcel
RS15032669MNA9,"2026-03-16 14:27:50","White | Bootcut Formal Pant - M","""N/A""","SHINGARA PRODUCTION (Shingara HQ)","254 (ROYAL HAFIZ GARDEN) , In front of ibrahimpur primary school, North Ibrahimpur, Dhaka",01731012345,Paid,0,0,0,0,0,No,"Returned To Merchant","2026-03-17 15:41:26","Reverse Logistics @ Pathao",Return,Parcel
RS150326C9WRG9,"2026-03-16 13:46:03","White | Bootcut Formal Pant - L	","""N/A""","SHINGARA PRODUCTION (Shingara HQ)","254 (ROYAL HAFIZ GARDEN) , In front of ibrahimpur primary school, North Ibrahimpur, Dhaka",01731012345,Paid,0,0,0,0,0,No,"Returned To Merchant","2026-03-17 15:41:26","Reverse Logistics @ Pathao",Return,Parcel
DS160326HNLHEU,"2026-03-16 10:40:42","Roman - M                         
Midnight Muse - M","""N/A""","Tahsin Hossain","Uttara azimpur khacabazar muktijhodha road house no 168 house name &quot;jhosna dhara&quot;",01970796211,Paid,4980,4980,94.9,24.9,70,Yes,Delivered,"2026-03-17 14:05:08","Shingara HQ",Delivery,Parcel
DS160326VPDR55,"2026-03-16 10:39:38","Reid - M	","""N/A""",Tahsin,"466/B,Khilgaon taltola mor (Near cha &amp; chill), Khilgaon Laboratory High School building, 3rd floor left side",01339524614,Paid,2580,2580,82.9,12.9,70,Yes,Delivered,"2026-03-17 07:44:52","Shingara HQ",Delivery,Parcel
DS16032698J272,"2026-03-16 10:38:39","DAMON PANJABI M","""N/A""","Shihab Khan	","Vawra Khanpara Bazar,Mirzapur,Tangail",01715284853,Paid,2330,2330,123.3,23.3,100,Yes,Delivered,"2026-03-17 13:37:14","Shingara HQ",Delivery,Parcel
DS160326RZS3C3,"2026-03-16 10:37:37","Midnight Muse - S","""N/A""","Syed	","Mirpur 11 avenue 5 line number 4 Dhaka Bangladesh",01318009683,Unpaid,2580,0,72.9,12.9,60,Yes,"Pickup Failed","2026-03-24 23:59:59","Shingara HQ",Delivery,Parcel
DS1603266BFEPY,"2026-03-16 10:36:57","Reid - S","""N/A""","Imran	","Sotorupa building, Hazipur, Narsingdi Sadar, Narsingdi, 1600",01857725050,Paid,2430,2430,124.3,24.3,100,Yes,Delivered,"2026-03-17 11:29:48","Shingara HQ",Delivery,Parcel
DS160326XS993V,"2026-03-16 10:35:57","Reid - S","""N/A""","Taqiuddin Ayman","Flat L2, bailey ritz, 1 new bailey road",01406978801,Paid,2580,2580,82.9,12.9,70,Yes,Delivered,"2026-03-17 08:19:38","Shingara HQ",Delivery,Parcel
DS160326YV8YQ2,"2026-03-16 10:33:02","Elio - M","""N/A""","Abu Sayem","District:Chandpur 
Thana: Faridganj
Village; Ekota bazaar.. singher bari&quot;",01620264462,Paid,2330,0,123.3,23.3,100,Yes,Return,"2026-03-18 19:19:23","Shingara HQ",Delivery,Parcel
DS160326TU6DTM,"2026-03-16 10:32:00","DAMON BLACK PANJABI L	","""N/A"""," adnan shorif 	","pabna Ishwardi College road",01975175506,Paid,2330,0,123.3,23.3,100,Yes,Return,"2026-03-18 04:29:48","Shingara HQ",Delivery,Parcel
DS160326HJJRB4,"2026-03-16 10:31:18","DAMON BLACK PANJABI XL","""N/A""","Muhammad Belal Islam","Cumilla Cantonment niscintapur Munshi Bari 
",01796642689,Paid,2380,2380,123.8,23.8,100,Yes,Delivered,"2026-03-17 17:21:32","Shingara HQ",Delivery,Parcel
ES150326NKTETV,"2026-03-16 10:29:33","White | Bootcut Formal Pant - M exchanged product of DS150326NKTETV","""N/A""",Junayed,"House-21,Road-16,Rupnagar R/A , Mirpur , Dhaka	",01805216575,Paid,300,300,61.5,1.5,60,Yes,Exchange,"2026-03-17 08:46:50","Shingara HQ",Delivery,Parcel
DS160326BX6BM6,"2026-03-16 10:25:08","Black | Bootcut Formal Pant - XL","""N/A""","Ahmed Shahryar	"," 12, Road 25, Block A, Banani, Dhaka 1213",01822000481,Paid,1680,1680,68.4,8.4,60,Yes,Delivered,"2026-03-17 09:00:06","Shingara HQ",Delivery,Parcel
DS160326EEXNM2,"2026-03-16 10:24:25","Elio - M			","""N/A""","Noman Ahmed	","6 Aleya House, Road 2, Dhanmondi ,Dhaka",01312741937,Paid,2480,80,60.4,0.4,60,Yes,"Paid Return","2026-03-17 11:42:03","Shingara HQ",Delivery,Parcel
DS160326RWW4MB,"2026-03-16 10:23:42","Midnight Muse - XL","""N/A""","Nayeem	","Vill:south Burischar,9no Ward,thana:hathazari",01627391498,Paid,2630,2430,144.3,24.3,120,Yes,Delivered,"2026-03-17 09:15:53","Shingara HQ",Delivery,Parcel
DS160326VTGLYV,"2026-03-16 10:22:33","NOA - XL","""N/A""",Akash,"Dhaka mirpur 2 block f road 1",01400320226,Paid,2180,80,60.4,0.4,60,Yes,"Paid Return","2026-03-17 11:11:34","Shingara HQ",Delivery,Parcel
DS160326X75FVE,"2026-03-16 10:21:40","Roman - L	","""N/A""","Sadiq Abdul Khaleque	","154 Shantinagar Rd",01577139758,Paid,2480,2480,82.4,12.4,70,Yes,Delivered,"2026-03-17 10:05:53","Shingara HQ",Delivery,Parcel
DS160326WA4VGM,"2026-03-16 10:20:55","Roman - L	","""N/A""",Saad,"House-16, Road-23, Block-B, Banani, Dhaka",01711534602,Paid,2480,2480,72.4,12.4,60,Yes,Delivered,"2026-03-17 09:35:58","Shingara HQ",Delivery,Parcel
DS1603263URXN4,"2026-03-16 10:20:13","Elio - XL	","""N/A""","Maruf Rahman","Eidgah Bus Station, Coxs Bazar",01858020902,Paid,2330,2330,123.3,23.3,100,Yes,Delivered,"2026-03-18 07:32:05","Shingara HQ",Delivery,Parcel
DS160326VN6WUL,"2026-03-16 10:19:33","Damon - L	","""N/A""",Tasin,"Dhaka Cantonment, Dhaka-1206 ( Ecb Chattar, West Manikdi Namapara 3 Rastar Mor)",01937303420,Paid,2480,2480,72.4,12.4,60,Yes,Delivered,"2026-03-17 08:03:13","Shingara HQ",Delivery,Parcel
DS160326GZT67U,"2026-03-16 10:18:54","Elio - XL","""N/A""","Adnan Hasan","House 205/4, Road 8, Block C, Niketon, Dhaka 1212",01737406254,Paid,2480,2480,72.4,12.4,60,Yes,Delivered,"2026-03-17 06:54:18","Shingara HQ",Delivery,Parcel
DS160326A9QRUD,"2026-03-16 10:17:13","Elio - M	","""N/A""",Asif,"Muksudpur gopalgonj bngiram bajar",01331552341,Paid,2530,0,125.3,25.3,100,Yes,Return,"2026-03-17 06:59:28","Shingara HQ",Delivery,Parcel
DS160326B72TVL,"2026-03-16 10:10:42","Midnight Muse - L","""N/A""","Muhammad Omar Jawad","Tejgaon industrial area ( tibbot coloni bazar, near Nilu center)",01878112581,Paid,2580,2580,82.9,12.9,70,Yes,Delivered,"2026-03-17 07:05:39","Shingara HQ",Delivery,Parcel
DS160326GF3BUP,"2026-03-16 10:10:02","ELIO S","""N/A""","Nur Sabbir","Haji Bari, Amin bagh rd no.2, Basherpul, Demra, Dhaka",01334371750,Paid,2480,0,72.4,12.4,60,Yes,Return,"2026-03-17 05:48:14","Shingara HQ",Delivery,Parcel
DS160326KXJ8VK,"2026-03-16 10:09:03","ELIO S 	","""N/A""","Tanvir Alam Rahul","43 House, Block F, Road 7 Banani, Dhaka",01706611105,Paid,2480,0,72.4,12.4,60,Yes,Return,"2026-03-17 17:04:29","Shingara HQ",Delivery,Parcel
DS160326SQTYXD,"2026-03-16 10:08:19","Black | Bootcut Formal Pant - L","""N/A""",Anik,"14/2 E Mirbagh Moghbazar (darul Aman Jame Majid )",01968353795,Paid,1780,80,60.4,0.4,60,Yes,"Paid Return","2026-03-17 07:57:55","Shingara HQ",Delivery,Parcel
DS160326HB79FS,"2026-03-16 10:07:32","DAMON L","""N/A""","Sahal Abrar","Shah Garibullah Housing Society Road No5 House no 107 GEC Chattogram",01799955049,Paid,2430,2430,124.3,24.3,100,Yes,Delivered,"2026-03-17 11:49:17","Shingara HQ",Delivery,Parcel
DS160326NL6S9W,"2026-03-16 10:06:54","Midnight Muse L	1","""N/A""","Mahadi hasan","Narayanganj rupganj rupshi sayanbord tic mor",01312318580,Paid,2430,2300,123,23,100,Yes,Delivered,"2026-03-17 08:49:09","Shingara HQ",Delivery,Parcel
DS160326NM8Z6K,"2026-03-16 10:02:22","MIDNIGHT MUSE L","""N/A""","Raiyan ","Abu naser hospital area, goalkhali,khulna",01729523558,Paid,2430,2430,144.3,24.3,120,Yes,Delivered,"2026-03-17 09:45:08","Shingara HQ",Delivery,Parcel
DS160326SNFQ99,"2026-03-16 10:01:19","Elio - S","""N/A""",Efaj,"24/7 East Bashabo,dhaka",01942556844,Paid,2480,0,72.4,12.4,60,Yes,Return,"2026-03-18 11:18:51","Shingara HQ",Delivery,Parcel
DS160326CNB6MV,"2026-03-16 09:20:19","ELIO -S","""N/A""","Tasin	","Tongi college gate avijan 59",01314931577,Paid,2380,2380,103.8,23.8,80,Yes,Delivered,"2026-03-17 18:12:17","Shingara HQ",Delivery,Parcel
DS160326YQ9PAA,"2026-03-16 09:17:46","ROMAN L	","""N/A""",Afnan," Vandaripul,Shiddhirgonj,Narayanganj",01978325472,Paid,2300,2300,123,23,100,Yes,Delivered,"2026-03-17 08:31:34","Shingara HQ",Delivery,Parcel
DS160326LVXWWC,"2026-03-16 09:16:57","Midnight Muse XL	","""N/A""",Ishan,"Bashundhara L block
Ishan
Road 54",01972215466,Paid,2480,2480,82.4,12.4,70,Yes,Delivered,"2026-03-17 13:00:35","Shingara HQ",Delivery,Parcel
DS1603265B38QR,"2026-03-16 09:13:36","Roman S","""N/A"""," Sultan Ronnie","H 1312, R 18, Ave 2, Mirpur DOHS",01841555704,Paid,2380,2380,71.9,11.9,60,Yes,Delivered,"2026-03-17 09:38:34","Shingara HQ",Delivery,Parcel
DS160326Z7SHNA,"2026-03-16 09:12:51","Roman S	","""N/A""","Saqib Ahmed Siddiqui	","Road 14, House 5, 4B, Gulshan 1",01819222614,Paid,2380,2380,71.9,11.9,60,Yes,Delivered,"2026-03-17 06:03:34","Shingara HQ",Delivery,Parcel
DS160326VMFJ66,"2026-03-16 09:11:57","Black bootcut pant L	","""N/A""",Nabi,"195/B/1 TPS Garden Resort (1st Floor), Shantibagh, Dhaka 1217.",01822498532,Paid,1680,1680,68.4,8.4,60,Yes,Delivered,"2026-03-17 11:57:01","Shingara HQ",Delivery,Parcel
DS160326EZJ4MB,"2026-03-16 09:11:17","REID -L	","""N/A""","Rejina Akhter","House 50, Dhanmondi 3/A, Dhaka",01984935657,Paid,2580,2580,82.9,12.9,70,Yes,Delivered,"2026-03-17 06:16:59","Shingara HQ",Delivery,Parcel
DS160326VJKYQD,"2026-03-16 09:00:32","Noa panjabi M
black bootcut M","""N/A""","Shahad Alam","Khilgaon, taltola block B 345/13",01410470055,Paid,3780,3780,88.9,18.9,70,Yes,Delivered,"2026-03-17 13:11:24","Shingara HQ",Delivery,Parcel
DS16032688U5CN,"2026-03-16 08:58:27","Black bootcut pant XL	","""N/A""","আদিত     ","বাসা নং ২২/২০ , বড়বাগ , মিরপুর -২ ৷ (৬০ ফিট টেম্পু ষ্টেন্ডের সাথে ) ৷    ",01683351352,Paid,1680,1680,78.4,8.4,70,Yes,Delivered,"2026-03-17 06:01:45","Shingara HQ",Delivery,Parcel
DS160326D82Y5T,"2026-03-16 08:57:39","BLACK BOOTCUT M","""N/A""",Eric,"Kishoreganj sadar, 
Tarapasha, Boyla, Chairmengoli, Taher Villa",01611540087,Paid,1630,1630,136.3,16.3,120,Yes,Delivered,"2026-03-17 16:02:26","Shingara HQ",Delivery,Parcel
DS160326CM9RBT,"2026-03-16 08:56:38","ELIO S","""N/A""","Nur Sabbir	","Haji Bari, Amin bagh rd no.2, Basherpul, Demra, Dhaka",01334371750,Paid,2480,2480,72.4,12.4,60,Yes,Delivered,"2026-03-17 09:06:32","Shingara HQ",Delivery,Parcel
DS160326ZYUKFR,"2026-03-16 08:55:51","ELIO S 	","""N/A""","Tanvir Alam Rahul","43 House, Block F, Road 7 Banani, Dhaka",01706611105,Paid,2580,2580,72.9,12.9,60,Yes,Delivered,"2026-03-17 13:59:33","Shingara HQ",Delivery,Parcel
DS1503268YZXW4,"2026-03-15 15:27:01","White | Bootcut Formal Pant - XL","""N/A""","Ramisa Yashfi","Azimpur officers colony building 37 flat 8C",01976002910,Paid,1480,1480,67.4,7.4,60,Yes,Delivered,"2026-03-16 14:34:14","Shingara HQ",Delivery,Parcel
DS150326TT5BVW,"2026-03-15 15:24:37","Midnight Muse - L","""N/A""",Asif,"House-81, Road-7e, Sector-4, Uttara",01740764403,Paid,2580,2580,82.9,12.9,70,Yes,Delivered,"2026-03-16 14:53:18","Shingara HQ",Delivery,Parcel
DS150326TBBN8L,"2026-03-15 15:22:36","White | Bootcut Formal Pant - XL","""N/A""","Arham Ahmed","74/1 West Dholaipar, Jatrabari, Dhaka-1204	",01611924030,Paid,1480,1480,67.4,7.4,60,Yes,Delivered,"2026-03-16 12:58:13","Shingara HQ",Delivery,Parcel
DS1503265SDCK6,"2026-03-15 15:13:25","White | Bootcut Formal Pant - XL	","""N/A""","Riazul Nilabru"," House 351 Road 11 D Block Bashundhara R/A",01841989283,Paid,1480,1480,67.4,7.4,60,Yes,Delivered,"2026-03-16 09:55:34","Shingara HQ",Delivery,Parcel
DS150326NKTETV,"2026-03-15 15:12:19","White | Bootcut Formal Pant - M","""N/A""",Junayed,"House-21,Road-16,Rupnagar R/A , Mirpur , Dhaka	",01805216575,Paid,1480,1480,67.4,7.4,60,Yes,Delivered,"2026-03-16 08:03:37","Shingara HQ",Delivery,Parcel
DS1503262M6S88,"2026-03-15 15:10:38","Roman - M","""N/A""","Abrar Dipro	","Rose garden tower, alinagar, shagufta, mirpur",01708870737,Paid,2480,2480,72.4,12.4,60,Yes,Delivered,"2026-03-16 14:32:41","Shingara HQ",Delivery,Parcel
DS150326HT8NBC,"2026-03-15 15:09:40","Damon - L","""N/A""","Asiful Islam	","Pioneer Co-operative Housing Society, House 10D/1/A ,Block F, Mohammadpur 1207",01836293589,Paid,2480,2480,72.4,12.4,60,Yes,Delivered,"2026-03-17 12:28:29","Shingara HQ",Delivery,Parcel
DS150326LERPZE,"2026-03-15 15:08:58","Elio - L","""N/A""",Muhaimen,"Jomuna future park	",01798117792,Paid,2480,2480,82.4,12.4,70,Yes,Delivered,"2026-03-16 07:39:18","Shingara HQ",Delivery,Parcel
DS150326DWJ775,"2026-03-15 15:08:14","White | Bootcut Formal Pant - M","""N/A""","Ali imran	","3/4 Chandi Charon Bose Street,wari",01869454281,Paid,1480,1480,67.4,7.4,60,Yes,Delivered,"2026-03-16 12:42:35","Shingara HQ",Delivery,Parcel
DS150326Y9PL4T,"2026-03-15 15:07:36","Midnight Muse - L	","""N/A""","Sayeed Alam","Building Number 24, Main Road 3, Block A, Mirpur 11, Dhaka",01797522271,Paid,2580,2580,82.9,12.9,70,Yes,Delivered,"2026-03-16 08:45:45","Shingara HQ",Delivery,Parcel
DS150326YSMHTJ,"2026-03-15 15:06:51","Reid -XL ","""N/A"""," Tahsan hossain","32/33 north basabo, Navana silver dale,Dhaka	",01796678253,Paid,2480,2480,82.4,12.4,70,Yes,Delivered,"2026-03-16 08:04:48","Shingara HQ",Delivery,Parcel
DS150326R6FA87,"2026-03-15 15:05:56","Midnight Muse -L	","""N/A""",Anabia,"dhaka keranigong ruhitpur dhormushur mora Bridge",01863753146,Paid,2380,2380,123.8,23.8,100,Yes,Delivered,"2026-03-17 09:07:03","Shingara HQ",Delivery,Parcel
DS150326MZZPZY,"2026-03-15 15:04:34","Midnight Muse -XL","""N/A""","Abid	","Saikat garden 7A,Hill Side R/A,Lalkhan bazar,Chittagong ",01537214747,Paid,2330,2330,143.3,23.3,120,Yes,Delivered,"2026-03-17 13:23:04","Shingara HQ",Delivery,Parcel
DS150326FADVER,"2026-03-15 14:50:01","Midnight Muse -M","""N/A""","Ahnaf Abrar	","62/5/B, Lichu bagan road, Kalachadpur, dhaka	",01819226339,Paid,2380,0,81.9,11.9,70,Yes,Return,"2026-03-16 13:05:43","Shingara HQ",Delivery,Parcel
DS150326PE39SZ,"2026-03-15 14:48:07","ELIO -M","""N/A""","Aoyon ahmed","pirojpur sadar co office mor	",01790519285,Paid,2330,2330,123.3,23.3,100,Yes,Delivered,"2026-03-16 13:59:09","Shingara HQ",Delivery,Parcel
DS150326NQE94N,"2026-03-15 14:47:20","ELIO -M","""N/A""","Jibon        "," singgar basta",01975973393,Paid,2380,2380,123.8,23.8,100,Yes,Delivered,"2026-03-17 09:52:09","Shingara HQ",Delivery,Parcel
DS150326X6JYUB,"2026-03-15 14:46:13","ROMAN -L","""N/A""","Ador 	","Arobpur, eye hospital,jessore 	",01786396838,Paid,2330,2330,143.3,23.3,120,Yes,Delivered,"2026-03-17 12:21:54","Shingara HQ",Delivery,Parcel
DS1503268XAUVS,"2026-03-15 14:44:55","ROMAN -L","""N/A""","Arafat	","Dhaka Mirpur rupnagar abashik elaka road 16 house 32",01612843667,Unpaid,2380,0,71.9,11.9,60,Yes,"Pickup Cancel","2026-03-15 15:50:02","Shingara HQ",Delivery,Parcel
DS150326FDCUKV,"2026-03-15 14:40:48","Midnight Muse -XL","""N/A""",Jihan,"Cumilla Daudkandi pathao courier Hab	",01976539010,Paid,2430,2430,144.3,24.3,120,Yes,Delivered,"2026-03-19 04:51:35","Shingara HQ",Delivery,Parcel
DS150326EAXVQV,"2026-03-15 14:39:55","Midnight Muse -L	","""N/A""","Fahad amin 	"," mirpur 11 Setara convention opposite block B road 8 house 148 	",01850758869,Paid,2480,2480,82.4,12.4,70,Yes,Delivered,"2026-03-16 11:02:09","Shingara HQ",Delivery,Parcel
DS150326Y9BMEG,"2026-03-15 14:39:02","Midnight Muse -M","""N/A""","Rahatul Islam","32/1sukrabad dhanmondi dhaka-	",01756949858,Paid,2480,2480,72.4,12.4,60,Yes,Delivered,"2026-03-16 11:52:29","Shingara HQ",Delivery,Parcel
DS150326P52YVU,"2026-03-15 14:37:28","WHITE BOOTCUT M	1	","""N/A""","Samir hassan   ","dhaka south keraniganj, birbagor switch!	",01834350292,Paid,1380,1380,93.8,13.8,80,Yes,Delivered,"2026-03-16 07:51:27","Shingara HQ",Delivery,Parcel
DS150326PLWK9E,"2026-03-15 14:36:42","WHITE BOOTCUT XL","""N/A""","Awuf Hossain","Dhanmondi 12a , House 60, Green Eden , Flat - B1	",01805222268,Paid,1380,1380,66.9,6.9,60,Yes,Delivered,"2026-03-16 09:54:22","Shingara HQ",Delivery,Parcel
DS150326BCH26J,"2026-03-15 14:35:41","ELIO -M                                                               ROMAN -M","""N/A""","Raiyan	","বাড়ি নং: ১৮/৩৭
আমতলা, আদর্শ রোড
দক্ষিণ সিটি কর্পোরেশন, ওয়ার্ড নং: ৬৭
সারুলিয়া, ডেমরা
ঢাকা১৩৬১&quot;",01343554877,Paid,4780,4780,93.9,23.9,70,Yes,Delivered,"2026-03-16 12:05:18","Shingara HQ",Delivery,Parcel
DS150326S6BEB7,"2026-03-15 14:31:53","Midnight Muse -XL 
Black Bootcut -XL","""N/A""","Tawhidul Alam      ","Flat 3B, house 69, Road 1/A, Sugandha R/A, Chittagong	",01676574251,Paid,4130,1630,136.3,16.3,120,Yes,"Partial Delivery","2026-03-17 09:03:29","Shingara HQ",Delivery,Parcel
DS150326LK62ZB,"2026-03-15 14:30:12",,"""N/A""","Yeasin Islam Ovy ","Mirpur 2/60 feet barek Mollah mor dhaka 1216. 	",01686610716,Paid,2380,2380,71.9,11.9,60,Yes,Delivered,"2026-03-16 15:00:05","Shingara HQ",Delivery,Parcel
DS1503265KRH6P,"2026-03-15 14:28:46","ROMAN -L","""N/A""","Abdullah noor","Noakhali, begumganj chowmuhani, romjanbibi bazar pool er pashe mawla store goli	",01862474795,Paid,2330,2330,143.3,23.3,120,Yes,Delivered,"2026-03-16 13:26:37","Shingara HQ",Delivery,Parcel
DS150326UNUQQF,"2026-03-15 14:27:37","DAMON -XL	","""N/A""","Ezaz Ahmed","Abdur Rahim Talukder &amp; Sons, Sachna Bazar, Jamalgonj, Sunamganj.",01319918681,Paid,2330,2330,123.3,23.3,100,Yes,Delivered,"2026-03-17 10:51:07","Shingara HQ",Delivery,Parcel
DS150326Q2GSBL,"2026-03-15 14:26:37","BLACK BOOTCUT L","""N/A""","Adil Howlader","Nautun Bazar, Kolotan School Road, Dhaka 1212	",01824759593,Paid,1680,1680,68.4,8.4,60,Yes,Delivered,"2026-03-16 08:29:51","Shingara HQ",Delivery,Parcel
DS150326VA97UW,"2026-03-15 14:24:29","BLACK BOOTCUT L","""N/A""",Araf,"B/41 Arsin gate,Faridabad Dhaka-1204	",01749459440,Paid,1680,1680,68.4,8.4,60,Yes,Delivered,"2026-03-16 12:07:40","Shingara HQ",Delivery,Parcel
DS150326A72QXJ,"2026-03-15 14:23:11","ELIO -M","""N/A""","Ahnaf Ahmed Arik","Diparu, Nagorik Housing Society, Shershah Rd 4, Bayazid Bostami Thana , Chattogram	",01782737758,Paid,2330,2330,123.3,23.3,100,Yes,Delivered,"2026-03-16 10:03:46","Shingara HQ",Delivery,Parcel
DS150326RQEX3Q,"2026-03-15 14:21:59","Midnight Muse - L","""N/A""","Mahfuzur Rahman Rohan","house-428, Faidabad, Councillor office, uttara, Dhaka-1230",01915192917,Paid,2580,2580,82.9,12.9,70,Yes,Delivered,"2026-03-16 13:12:55","Shingara HQ",Delivery,Parcel
DS150326HLXESH,"2026-03-15 14:21:02","NOA - S","""N/A""",Mehtab,"Gulshan-2,road-36,house-15,flat-b5",01613013613,Paid,2180,2180,70.9,10.9,60,Yes,Delivered,"2026-03-16 10:21:11","Shingara HQ",Delivery,Parcel
DS150326YGSATX,"2026-03-15 14:19:56","White | Bootcut Formal Pant - XL","""N/A""","Farhan	","138/1 Sheltech Rahman Villah , Shantinogor",01851605129,Paid,1480,80,60.4,0.4,60,Yes,"Paid Return","2026-03-16 14:20:39","Shingara HQ",Delivery,Parcel
DS150326242SPF,"2026-03-15 14:19:00","White | Bootcut Formal Pant - L                                                Black | Bootcut Formal Pant - L","""N/A""",Tanzid,"House 57 road 14 sector 14 uttara dhaka",01600291497,Paid,3180,3180,85.9,15.9,70,Yes,Delivered,"2026-03-16 07:30:45","Shingara HQ",Delivery,Parcel
DS150326ED2FCX,"2026-03-15 14:17:40","White | Bootcut Formal Pant - XL	","""N/A""",Arafat,"No 23 Dhanmondi R/a Road No:28(old) 15(new), House",01620249120,Paid,1480,80,60.4,0.4,60,Yes,"Paid Return","2026-03-16 12:06:01","Shingara HQ",Delivery,Parcel
DS15032644X88N,"2026-03-15 14:16:02","Reid - M                                                       White | Bootcut Formal Pant - M","""N/A""","Shazeed	","Level 3, 423/30 Prachir Swapnil, Rd #3, Moubagh Housing Society, Shimultali",01977094126,Paid,4030,4030,140.3,40.3,100,Yes,Delivered,"2026-03-16 17:05:20","Shingara HQ",Delivery,Parcel
DS150326BPY4ZV,"2026-03-15 14:13:58","White | Bootcut Formal Pant - S                                             Roman - M                          
White | Bootcut Formal Pant - L                                          Reid - L","""N/A""",Kamruzzaman,"Flat 303, House 88, Road 8A, Dhanmondi 15",01770670009,Paid,7860,5060,115.3,25.3,90,Yes,"Partial Delivery","2026-03-16 13:04:53","Shingara HQ",Delivery,Parcel
DS150326NXZR9D,"2026-03-15 14:08:12","White | Bootcut Formal Pant - S                                                 Midnight Muse - M                                                                                Elio - M","""N/A""","Fahim	","31 Scc Road Mahuttuly Bongshal Old Dhaka",01609666799,Paid,6380,80,90.4,0.4,90,Yes,"Paid Return","2026-03-17 11:13:46","Shingara HQ",Delivery,Parcel
DS150326EKERBV,"2026-03-15 14:07:13","Midnight Muse - L","""N/A""","Sadman	","2/14 iqbal road, mohammadpur dhaka, flat 6c sheltech mahbub",01648861459,Paid,2580,2580,82.9,12.9,70,Yes,Delivered,"2026-03-16 15:58:02","Shingara HQ",Delivery,Parcel
DS150326QW9H7U,"2026-03-15 14:06:36","White | Bootcut Formal Pant - M","""N/A""","Tanjim Kabir	","116, Road- 9/2 (Near 8 No. CNG Stand), Block- E, South Banasree",01551042061,Paid,1480,1480,67.4,7.4,60,Yes,Delivered,"2026-03-16 09:40:05","Shingara HQ",Delivery,Parcel
DS150326LY9RQW,"2026-03-15 14:04:43","Black | Bootcut Formal Pant - L	","""N/A""",Abir,"Baridhara diplomatic zone, Road 12, house 31/A",01714057592,Paid,1780,0,68.9,8.9,60,Yes,Return,"2026-03-16 07:18:32","Shingara HQ",Delivery,Parcel
DS150326XCXBLP,"2026-03-15 14:03:17","Reid - XL	","""N/A""",Mohosin,"Zinzira Keraniganj",01765786885,Paid,2580,2580,125.8,25.8,100,Yes,Delivered,"2026-03-16 13:51:55","Shingara HQ",Delivery,Parcel
DS150326FDYBBM,"2026-03-15 14:02:38","Midnight Muse - M","""N/A""",Lamim,"Rampura,Banasree, Block-C. road-08, house-26",01345442369,Paid,2580,2580,82.9,12.9,70,Yes,Delivered,"2026-03-16 13:49:50","Shingara HQ",Delivery,Parcel
DS1503266747U2,"2026-03-15 14:01:47","Roman - L                                                Roman - M	","""N/A""","Shahil Farhan","24/3 Mitali Road Dhanmondi Dhaka",01790290463,Paid,4880,2500,82.5,12.5,70,Yes,"Partial Delivery","2026-03-16 14:17:57","Shingara HQ",Delivery,Parcel
DS150326PGDAZM,"2026-03-15 14:00:20","Midnight Muse - M","""N/A""","Rafi Hoque	","327 Polashbag ,West Rampura, Dhaka",01946022579,Paid,2580,2580,82.9,12.9,70,Yes,Delivered,"2026-03-16 08:46:27","Shingara HQ",Delivery,Parcel
DS150326BAS4Z6,"2026-03-15 13:58:15","Black | Bootcut Formal Pant - XL","""N/A""",Ridwan,"Mitalee housing society, south kafrul, house 17, Dhaka 1206",01312934387,Paid,1780,1780,78.9,8.9,70,Yes,Delivered,"2026-03-16 09:20:05","Shingara HQ",Delivery,Parcel
DS150326AADUXT,"2026-03-15 13:57:19","Elio - L	","""N/A""","Md Arkive	","Galib Sharani 97 Tejkunipara , Tejgaon Dhaka",01319345357,Paid,2480,2480,82.4,12.4,70,Yes,Delivered,"2026-03-16 10:34:19","Shingara HQ",Delivery,Parcel
DS150326HSE9MY,"2026-03-15 13:56:22","NOA - L","""N/A""","Mohammad Ariqul Islam	","140, New Eskaton Road, Ismail Lane, Dhaka",01886522592,Paid,2180,2180,70.9,10.9,60,Yes,Delivered,"2026-03-16 07:09:33","Shingara HQ",Delivery,Parcel
DS150326RQF9WR,"2026-03-15 13:55:23","Midnight Muse - M","""N/A""","Tahmid	","Road-20, House-22, uttara sector-4",01634859664,Paid,2580,2580,72.9,12.9,60,Yes,Delivered,"2026-03-17 08:27:19","Shingara HQ",Delivery,Parcel
DS150326HP4X8K,"2026-03-15 13:54:23","ROMAN -L","""N/A""","Naiva 	","overbrich fokerhat citygate ar por post office rood ctg ",01628943424,Paid,2400,0,120,0,120,Yes,Return,"2026-03-25 08:40:36","Shingara HQ",Delivery,Parcel
DS150326BYVZXV,"2026-03-15 13:53:10","Reid -L","""N/A""","Taiful ALAM	","House-16,flat-c/2,road,2/f,sector 4, Uttara",01973375542,Paid,2580,2580,82.9,12.9,70,Yes,Delivered,"2026-03-16 12:55:56","Shingara HQ",Delivery,Parcel
DS150326PFUV8Z,"2026-03-15 13:52:19","Reid -M	","""N/A""","Raaz ","nondipara dhokkhinga 6 no road, dhaka",01533444048,Paid,2380,2380,81.9,11.9,70,Yes,Delivered,"2026-03-18 06:52:43","Shingara HQ",Delivery,Parcel
DS1503267H762K,"2026-03-15 13:50:57","Reid -M                                                     Roman -M","""N/A""","SOURAB ALI ","Bashundhara RA 
BLOCK H ROAD 9 
HOUSE 344 ",01815508212,Paid,4880,2480,82.4,12.4,70,Yes,"Partial Delivery","2026-03-16 15:22:46","Shingara HQ",Delivery,Parcel
DS1503266D9ESF,"2026-03-15 13:49:38","Roman panjabi M                                            White bootcut L","""N/A""","Shakir Amin","Uttara sector 7, road 7, house 4, level-3, flat A3",01302893201,Paid,3780,3780,88.9,18.9,70,Yes,Delivered,"2026-03-16 18:16:09","Shingara HQ",Delivery,Parcel
DS15032645ALTR,"2026-03-15 13:48:12","ELIO -M","""N/A""","Rimon	","Kashimpur central jail",01942563163,Paid,2380,2380,103.8,23.8,80,Yes,Delivered,"2026-03-16 07:08:57","Shingara HQ",Delivery,Parcel
DS150326QBB4B7,"2026-03-15 13:46:11","Midnight muse Panjabi -M 
Bootcut Black -L&quot;	2","""N/A""","Rakib Rana","Bikrampur Housing 2, Babystand, Chunkutia, Dhaka-1310",01905601001,Paid,4200,4200,142,42,100,Yes,Delivered,"2026-03-16 14:05:06","Shingara HQ",Delivery,Parcel
DS150326A7GCE2,"2026-03-15 13:45:10","WHITE BOOTCUT M	","""N/A""","Sabbir Hossain	","Mamoni complex 2, Crp road, savar, Dhaka	",01774184989,Paid,1380,1380,93.8,13.8,80,Yes,Delivered,"2026-03-16 08:12:12","Shingara HQ",Delivery,Parcel
DS1503269M6JTR,"2026-03-15 13:41:31","NOA -S","""N/A""","Saif ","new market City complex level 4,65 number shop",01825812797,Paid,2080,2080,70.4,10.4,60,Yes,Delivered,"2026-03-16 13:37:10","Shingara HQ",Delivery,Parcel
DS150326SVM3X8,"2026-03-15 13:39:10","ROMAN -M	","""N/A""","Fazle Rabbi 	","58/34 i mugda,modinabag (iron gym er goli)Dhaka",01961781600,Paid,2380,2380,71.9,11.9,60,Yes,Delivered,"2026-03-16 08:21:05","Shingara HQ",Delivery,Parcel
DS150326CWSYYL,"2026-03-15 13:37:54","WHITE BOOTCUT M","""N/A""","Siam Ahmed","kustia sadar, front of police line",01708319964,Paid,1330,1330,113.3,13.3,100,Yes,Delivered,"2026-03-16 10:32:21","Shingara HQ",Delivery,Parcel
DS150326DZE6V2,"2026-03-15 13:36:57","ROMAN S	","""N/A""","Md Istiaq 	","chittagong moijjertek ",01874265420,Paid,2400,2400,124,24,100,Yes,Delivered,"2026-03-17 11:07:24","Shingara HQ",Delivery,Parcel
DS1503263NMR9W,"2026-03-15 13:35:55","ELIO -M	","""N/A""","Sunny          ","Jila : Barishal upojila gouranadi komlapur khalpar",01707135931,Paid,2330,2330,123.3,23.3,100,Yes,Delivered,"2026-03-17 08:08:57","Shingara HQ",Delivery,Parcel
DS150326XQKNGW,"2026-03-15 13:34:53","WHITE BOOTCUT L","""N/A""","Ryan Haque","House 31 Road 8 Dhanmondi (Haque Palace) Flat C10
Ryan Haque",01620234732,Paid,1380,1380,66.9,6.9,60,Yes,Delivered,"2026-03-17 11:06:09","Shingara HQ",Delivery,Parcel
DS150326HGHZLW,"2026-03-15 13:33:53","MIDNIGHT MUSE M	","""N/A""","Anas Uddin ","43/Lutfar Rahman lane Suritola Dhaka",01952734972,Paid,2480,2480,72.4,12.4,60,Yes,Delivered,"2026-03-16 16:07:13","Shingara HQ",Delivery,Parcel
DS150326CCVDDK,"2026-03-15 13:33:08","REID-M                                                      MIDNIGHT MUSE S","""N/A""","Rakibul Hasan ","Matuail Mridhabari bus stand Jatrabari Dhaka",01906570066,Paid,5000,0,95,25,70,Yes,Return,"2026-03-17 07:45:26","Shingara HQ",Delivery,Parcel
DS150326W5F5JM,"2026-03-15 13:30:36","Black Bootcut M","""N/A""",Arshan,"Bashbari , tali moshjid , saidpur, Nilphamari",01717455663,Paid,1630,0,136.3,16.3,120,Yes,Return,"2026-03-17 06:59:29","Shingara HQ",Delivery,Parcel
DS150326JW579Y,"2026-03-15 13:29:36","Black Bootcut M","""N/A""","Raiyan Rahman","House No:30, Block-Kha,Road-11,PC Culture Housing Society, Shekhertek,Adabor, Dhaka",01764423093,Paid,1680,1680,78.4,8.4,70,Yes,Delivered,"2026-03-16 09:36:16","Shingara HQ",Delivery,Parcel
DS150326RP8WZG,"2026-03-15 13:28:32","WHITE BOOTCUT S","""N/A""","Munna      ","Pulia bazar, Bhanga,Faridpur ",01313534485,Paid,1330,1330,113.3,13.3,100,Yes,Delivered,"2026-03-17 07:41:54","Shingara HQ",Delivery,Parcel
DS150326PURYPP,"2026-03-15 13:27:21","WHITE BOOTCUT S	","""N/A""","Mohammad Yannur ","44/1 Kallyanpur Main Road Mirpur Dhaka 1207",01531384553,Paid,1380,1380,66.9,6.9,60,Yes,Delivered,"2026-03-16 07:53:49","Shingara HQ",Delivery,Parcel
DS1503269AJC6C,"2026-03-15 13:26:30","Midnight Muse M	1","""N/A""","Showkot lijon","Dhaka, demra, konapara, alamin road, bekery golly",01410015003,Paid,2450,2450,82.25,12.25,70,Yes,Delivered,"2026-03-16 10:28:15","Shingara HQ",Delivery,Parcel
DS150326CBFHQ4,"2026-03-15 13:25:35","WHITE BOOTCUT L	","""N/A"""," Kawser Ahmed Niloy","Chan Miya Masque,Puraton Police Quarter,Feni",01605950956,Paid,1330,1330,113.3,13.3,100,Yes,Delivered,"2026-03-17 15:20:44","Shingara HQ",Delivery,Parcel
DS150326EWWCAT,"2026-03-15 13:21:11","REID PANJABI M                                                REID PANJABI L","""N/A""","Al Hadi Jisan ","Dinajpur , Indrer mor ",01400054381,Paid,4930,4930,199.3,49.3,150,Yes,Delivered,"2026-03-17 06:19:37","Shingara HQ",Delivery,Parcel
DS150326TX8X64,"2026-03-15 13:20:18","ROMAN PANJABI S","""N/A""",Shafee,"Brahmanbaria sadar, Bordar bazar rice mail.",01406998150,Paid,2330,2330,123.3,23.3,100,Yes,Delivered,"2026-03-18 08:47:01","Shingara HQ",Delivery,Parcel
DS15032685VP2F,"2026-03-15 13:19:12","ELIO PANJABI S","""N/A""","Tahsin	","Chowmuhani, mondolpara
Noakhali",01537124260,Paid,2330,2330,123.3,23.3,100,Yes,Delivered,"2026-03-17 13:29:13","Shingara HQ",Delivery,Parcel
DS150326DYTYYD,"2026-03-15 13:13:31","WHITE BOOTCUT XL","""N/A""","Noman Mia 	","Mohera. Mirzapur . Tangail ",01863272886,Paid,1330,0,113.3,13.3,100,Yes,Return,"2026-03-17 16:58:14","Shingara HQ",Delivery,Parcel
DS150326WQ9RCN,"2026-03-15 13:12:20","ROMAN PANJABI S","""N/A""","Tashrif	","Gazipara, Uttarkhan, dhaka",01906301992,Paid,2380,0,71.9,11.9,60,Yes,Return,"2026-03-16 16:21:41","Shingara HQ",Delivery,Parcel
DS150326VEBHEY,"2026-03-15 13:10:37","REID PANJABI L","""N/A"""," Safawat Rahman Safi","Jardis mor, notun bazar,        
chatmohar, pabna.&quot;",01319956474,Paid,2430,2430,144.3,24.3,120,Yes,Delivered,"2026-03-16 15:07:27","Shingara HQ",Delivery,Parcel
DS150326KXG6D8,"2026-03-15 13:09:01","ROMAN PANJABI L","""N/A""","Nishad  ","dhaka mohammodpur real estate rd 1",01603506943,Paid,2380,2380,81.9,11.9,70,Yes,Delivered,"2026-03-16 07:20:57","Shingara HQ",Delivery,Parcel
DS150326SA2K96,"2026-03-15 13:07:59","Reid Panjabi M
Black Bootcut Pant S
White Bootcut Pant S","""N/A""","Nupur Saha     ","Sector:3, road:7/c, house:13, level-5",01629113281,Paid,5680,5680,118.4,28.4,90,Yes,Delivered,"2026-03-16 11:19:18","Shingara HQ",Delivery,Parcel
DS150326D7ZDFJ,"2026-03-15 12:44:33","Midnight Muse L 	","""N/A""","Kashmir	","59,Farazipara main road, Khulna ",01928142272,Paid,2430,2430,144.3,24.3,120,Yes,Delivered,"2026-03-17 10:52:51","Shingara HQ",Delivery,Parcel
DS1503263K4TK5,"2026-03-15 12:43:19","REID PANJABI L ","""N/A""","Rezuan 	","Lane-7, Road-1,Bashundhara R/A,Halishahar, Ctg",01846772420,Paid,2430,2430,144.3,24.3,120,Yes,Delivered,"2026-03-17 12:19:45","Shingara HQ",Delivery,Parcel
DS150326RHBC64,"2026-03-15 12:42:37","REID PANJABI L 
BLACK BOOTCUT PANT L","""N/A""","Olindo Miah","Faridpur, Kamarkhali Bazar",01325674789,Paid,4130,4130,191.3,41.3,150,Yes,Delivered,"2026-03-16 10:31:56","Shingara HQ",Delivery,Parcel
DS150326VSB6XN,"2026-03-15 12:41:41","Midnight Muse S 	1","""N/A""","Tajbid Ebraj	","old helipad road bhola ",01830322567,Paid,2490,50,100.5,0.5,100,Yes,"Paid Return","2026-03-17 09:59:48","Shingara HQ",Delivery,Parcel
DS1503267BL83K,"2026-03-15 12:41:15","WHITE BOOTCUT PANT S","""N/A""","Ratul hasan	","Munshiganj. Chordomura. Adhara",01944653309,Paid,1330,0,113.3,13.3,100,Yes,Return,"2026-03-16 08:57:30","Shingara HQ",Delivery,Parcel
DS150326AVL8ZM,"2026-03-15 12:33:39","ROMAN PANJABI M                            ROMAN PANJABI L	","""N/A""","Sameer Ahmad","H-08,L-19 Ave-05 B-C Mirpur 11",01410495310,Paid,4700,2300,81.5,11.5,70,Yes,"Partial Delivery","2026-03-16 07:47:26","Shingara HQ",Delivery,Parcel
DS1503263YC6CV,"2026-03-15 12:32:41","REID PANJABI M	","""N/A""","Afnan Raz	","Dhanmondi 28 House no 5/A",01601290179,Paid,2480,2480,82.4,12.4,70,Yes,Delivered,"2026-03-16 09:42:54","Shingara HQ",Delivery,Parcel
DS1503267GMG39,"2026-03-15 12:31:45","NOA PANJABI XL	","""N/A""","Enan Didar","pokir para,borodigir par,Hathazari,chattogrem ",01898938999,Paid,2330,2330,123.3,23.3,100,Yes,Delivered,"2026-03-16 17:24:05","Shingara HQ",Delivery,Parcel
DS1503264RASVX,"2026-03-15 12:30:22","REID PANJABI L ","""N/A""","Saiful Opy	","kalurghat ar age molobibazar ar bitore balurtal ar dane salam shaheb ar bari fele 5 tala  moshjid fele bame aste hobe, Chandgoan, Chattogram",01893086791,Paid,2430,2430,144.3,24.3,120,Yes,Delivered,"2026-03-17 13:57:56","Shingara HQ",Delivery,Parcel
DS150326CJHFTP,"2026-03-15 12:26:31","REID PANJABI L ","""N/A""","Iftekhar 	","Bus stand , Patiya , Chittagong ",01833818148,Paid,2430,2430,144.3,24.3,120,Yes,Delivered,"2026-03-16 13:15:37","Shingara HQ",Delivery,Parcel
DS150326WJYQVG,"2026-03-15 12:25:42","Midnight Muse L 	","""N/A""","Zayed Al Nahyan","31 Dilu Road , Luxury Apartment, New Eskaton Dhaka",01623220602,Paid,2480,2480,82.4,12.4,70,Yes,Delivered,"2026-03-16 10:54:08","Shingara HQ",Delivery,Parcel
DS150326U2HHWB,"2026-03-15 12:24:40","REID PANJABI M","""N/A""","MD ASAD AL ISLAM","ICHAMOTI OFFICERS APARTMENT,3 no road katalgonj,panchlaish,chattogram",01878656209,Paid,2430,2430,144.3,24.3,120,Yes,Delivered,"2026-03-17 16:20:14","Shingara HQ",Delivery,Parcel
DS1503264KNDMQ,"2026-03-15 12:22:38","REID PANJABI M	","""N/A""",Safayat,"uttara 18 no sector ",01516544114,Paid,2480,2480,82.4,12.4,70,Yes,Delivered,"2026-03-16 13:05:06","Shingara HQ",Delivery,Parcel
DS150326WRLW8F,"2026-03-15 12:21:32","REID PANJABI M","""N/A""","Amit Hasan Apu	","36/2/D ,dhankhet er mor ,Mirpur 1 ,Dhaka 1216",01737343698,Paid,2480,2480,82.4,12.4,70,Yes,Delivered,"2026-03-16 13:39:07","Shingara HQ",Delivery,Parcel
DS150326VF7QZL,"2026-03-15 12:20:26","ROMAN PANJABI M","""N/A""","Sanjeet Hossain Sany	","thakurbarir mor,tetultola,faridpur sadar,faridpur",01885138248,Paid,2330,2330,123.3,23.3,100,Yes,Delivered,"2026-03-17 10:59:48","Shingara HQ",Delivery,Parcel
DS150326AE8AH6,"2026-03-15 12:18:59","WHITE BOOTCUT FORMAL PANT M        ROMAN PANJABI M","""N/A""","Zayan hider	","539 West nakhalpara road 8 asroy",01711532249,Paid,3780,3780,88.9,18.9,70,Yes,Delivered,"2026-03-16 13:53:25","Shingara HQ",Delivery,Parcel
DS150326G5LZU4,"2026-03-15 12:15:03","WHITE BOOTCUT PANT S                                         MIDNIGHT MUSE S","""N/A""",Dhrubo,"South banasree block L road 10 house21",01782787421,Paid,3880,3880,89.4,19.4,70,Yes,Delivered,"2026-03-16 16:15:57","Shingara HQ",Delivery,Parcel
DS150326K8QEBB,"2026-03-15 12:14:13","REID PANJABI XL","""N/A""","Anas Azim	","South halishahar, Navy hospital gate, Kml Amena nur building, patenga chattagram",01859155663,Paid,2430,2430,144.3,24.3,120,Yes,Delivered,"2026-03-16 11:52:08","Shingara HQ",Delivery,Parcel
DS150326VZ6Y48,"2026-03-15 12:13:29","WHITE BOOTCUT PANT XL	","""N/A""","Fardin Tayeebi ","Vawalipara pakar matha, Rajfulbaria, Savar, Dhaka",01821503769,Paid,1499,1499,94.99,14.99,80,Yes,Delivered,"2026-03-16 12:02:15","Shingara HQ",Delivery,Parcel
DS150326V3RGHW,"2026-03-15 12:12:24","MIDNIGHT MUSE S","""N/A""","Tahasan al majid 	","bashundhara r/a block d road 7 house 126",01756145578,Paid,2480,2480,72.4,12.4,60,Yes,Delivered,"2026-03-16 08:31:06","Shingara HQ",Delivery,Parcel
DS150326W9HM6D,"2026-03-15 12:11:46","REID PANJABI M	","""N/A""","Tamim Mohammod","Block- G, Road-1, Aftabnagar, Dhaka",01732297976,Paid,2480,2480,82.4,12.4,70,Yes,Delivered,"2026-03-16 06:42:54","Shingara HQ",Delivery,Parcel
DS1503263K45AA,"2026-03-15 12:10:57","MIDNIGHT MUSE S","""N/A""",Noyon,"Sunamganj, Doarabazar, Baliura Bazar",01707197183,Paid,2430,2430,124.3,24.3,100,Yes,Delivered,"2026-03-17 06:12:36","Shingara HQ",Delivery,Parcel
DS150326QJ3W8M,"2026-03-15 12:10:02","ROMAN PANJABI S","""N/A""","Sadman kabir sadab","494,torab ali moshjid, shewrapara, mirpur ",01917377737,Paid,2380,2380,71.9,11.9,60,Yes,Delivered,"2026-03-16 07:56:49","Shingara HQ",Delivery,Parcel
DS150326RY4LTC,"2026-03-15 12:08:47","REID PANJABI L 	","""N/A""","Muntasir Mafin","Mirpur 1 , besides Aarong ",01819097477,Paid,2480,2480,72.4,12.4,60,Yes,Delivered,"2026-03-16 12:36:33","Shingara HQ",Delivery,Parcel
DS150326TEVMUK,"2026-03-15 12:08:06","WHITE BOOTCUT PANT M	","""N/A""","Akifur Rahman	","643/1 no house - sikder tower, noyatola road, mogbazar, dhaka",01705349518,Paid,1480,1480,67.4,7.4,60,Yes,Delivered,"2026-03-16 08:44:34","Shingara HQ",Delivery,Parcel
DS1503265AZ26K,"2026-03-15 12:05:53","WHITE BOOTCUT PANT L	","""N/A""","Hasib 	","Jhalakathi Sadar , 21 kumarpotti Road Jhalakathi ",01845569960,Paid,1430,1430,114.3,14.3,100,Yes,Delivered,"2026-03-17 10:24:14","Shingara HQ",Delivery,Parcel
RS120326XEPL4B,"2026-03-15 12:01:15","Miles | Denim Pant - L","""6819""","SHINGARA PRODUCTION (Shingara HQ)","254 (ROYAL HAFIZ GARDEN) , In front of ibrahimpur primary school, North Ibrahimpur, Dhaka",01731012345,Paid,0,0,50,0,50,No,"Returned To Merchant","2026-03-18 12:47:02","Reverse Logistics @ Pathao",Return,Parcel
DS150326HMVR3K,"2026-03-15 09:43:49","White | Bootcut Formal Pant - M                                                                                                                 Midnight Muse - M                                               Reid - M                                                      Black | Bootcut Formal Pant - M	","""N/A""","Mainuddin Hasan	","House#1/6b, Flat#E-2, Lucky Apartment, Block-B, Lalmatia, Dhaka",01773900280,Paid,8180,4010,110.05,20.05,90,Yes,"Partial Delivery","2026-03-16 15:30:46","Shingara HQ",Delivery,Parcel
DS150326MX9J8Y,"2026-03-15 09:42:41","White | Bootcut Formal Pant - L","""N/A""","Ashfian Chisty","Feni daghunbhuyan jaylashkor village -barahiguni barahiguni darbar shoarif",01332114209,Paid,1530,1530,115.3,15.3,100,Yes,Delivered,"2026-03-16 09:42:11","Shingara HQ",Delivery,Parcel
DS150326C9WRG9,"2026-03-15 09:41:31","White | Bootcut Formal Pant - L	","""N/A""","Munif Chowdhury","House-14, Road-01 Sector-10 Uttara",01640610534,Paid,1480,80,60.4,0.4,60,Yes,"Paid Return","2026-03-16 08:52:13","Shingara HQ",Delivery,Parcel
DS15032687XDLP,"2026-03-15 09:40:35","White | Bootcut Formal Pant - L","""N/A""","Tamim Salam","House#41 ,Road#5, Sector#11 Uttara,Dhaka",01970757347,Paid,1480,1480,67.4,7.4,60,Yes,Delivered,"2026-03-16 10:58:31","Shingara HQ",Delivery,Parcel
DS150326G8NFBF,"2026-03-15 09:39:30","White | Bootcut Formal Pant - L	","""N/A""",Farib,"36/A, west Nakhalpara,tejgaon,Dhaka-1215",01709747907,Paid,1480,1480,67.4,7.4,60,Yes,Delivered,"2026-03-16 08:23:43","Shingara HQ",Delivery,Parcel
DS1503263DYKNF,"2026-03-15 09:38:10","White | Bootcut Formal Pant - L	","""N/A""","Affan	","Building-5, Shopnonagar-1,Mirpur-12, Dhaka-1216",01886223258,Paid,1480,1480,67.4,7.4,60,Yes,Delivered,"2026-03-16 08:48:59","Shingara HQ",Delivery,Parcel
DS15032669MNA9,"2026-03-15 09:37:00","White | Bootcut Formal Pant - M","""N/A""","Arian Sattar","Road number.8, House No.130/House name:Nandan Firoza Homes/Flat no.M5/mohammadia Housing Limited",01731768937,Paid,1480,80,60.4,0.4,60,Yes,"Paid Return","2026-03-16 13:00:30","Shingara HQ",Delivery,Parcel
DS1503269A25Y3,"2026-03-15 09:35:56","DAMON PANJABI S	","""N/A""","Shadab Jubayr","342/C Khilgaon Chowdhury Para",01533455004,Paid,2380,2380,71.9,11.9,60,Yes,Delivered,"2026-03-16 11:15:45","Shingara HQ",Delivery,Parcel
DS150326TJRPCB,"2026-03-15 09:34:28","White | Bootcut Formal Pant - M                                 White | Bootcut Formal Pant - L	","""N/A""",Nishan,"Khutakhali Bazar, Chakria, Coxs Bazar",01323934001,Paid,2880,130,121.3,1.3,120,Yes,"Paid Return","2026-03-17 08:53:31","Shingara HQ",Delivery,Parcel
RS120326HBJ5CH,"2026-03-14 16:17:22","Lucas | Denim Pant - M","""6818""","SHINGARA PRODUCTION (Shingara HQ)","254 (ROYAL HAFIZ GARDEN) , In front of ibrahimpur primary school, North Ibrahimpur, Dhaka",01731012345,Paid,0,0,50,0,50,No,"Returned To Merchant","2026-03-16 16:10:22","Reverse Logistics @ Pathao",Return,Parcel
RS120326HXN2LU,"2026-03-13 13:17:09","Miles | Denim Pant - M","""6821""","SHINGARA PRODUCTION (Shingara HQ)","254 (ROYAL HAFIZ GARDEN) , In front of ibrahimpur primary school, North Ibrahimpur, Dhaka",01731012345,Paid,0,0,60,0,60,No,"Returned To Merchant","2026-03-16 16:10:22","Reverse Logistics @ Pathao",Return,Parcel
RS100326PUDQ7M,"2026-03-12 14:19:30","Lucas | Denim Pant - M","""6813""","SHINGARA PRODUCTION (Shingara HQ)","254 (ROYAL HAFIZ GARDEN) , In front of ibrahimpur primary school, North Ibrahimpur, Dhaka",01731012345,Paid,0,0,0,0,0,No,"Returned To Merchant","2026-03-13 13:32:17","Reverse Logistics @ Pathao",Return,Parcel
DS120326HXN2LU,"2026-03-12 09:46:23","Miles | Denim Pant - M","""6821""",Babu,"Takerhat rajoir madaripur, , , ,",01795801767,Paid,1780,0,120,0,120,Yes,Exchange,"2026-03-13 08:15:17","Shingara Banani",Delivery,Parcel
DS120326F657F8,"2026-03-12 09:46:10","Miles | Denim Pant - L,","""6820""",Ziaul,"153 west arjatpara shahinbag near torikul jannat madrasa, , , ,",01914321747,Paid,1730,1730,78.65,8.65,70,Yes,Delivered,"2026-03-13 09:35:26","Shingara Banani",Delivery,Parcel
DS120326XEPL4B,"2026-03-12 09:46:01","Miles | Denim Pant - L","""6819""",Azim,"Gazipura27 bus stan Bismilla telecom tongi Gazipur, , , ,",01822031040,Paid,1730,0,117.3,17.3,100,Yes,Return,"2026-03-15 12:00:04","Shingara Banani",Delivery,Parcel
DS120326HBJ5CH,"2026-03-12 09:45:53","Lucas | Denim Pant - M","""6818""",Afridi,"Abdullahpur, South Keranigonj, Dhaka, , , ,",01304975641,Paid,1730,70,100.7,0.7,100,Yes,"Paid Return","2026-03-14 11:22:42","Shingara Banani",Delivery,Parcel
DS12032657MU3M,"2026-03-12 09:44:18","ASHFORD DENIM M","""N/A""","Ahanaf Tanvir ","Flat-4b, house -13, road-1, block-G  banasree-Dhaka
",01956801845,Paid,1730,1730,78.65,8.65,70,Yes,Delivered,"2026-03-13 09:09:31","Shingara Banani",Delivery,Parcel
RS1003266EUME3,"2026-03-11 15:48:03","Miles | Denim Pant - S","""6815""","SHINGARA PRODUCTION (Shingara HQ)","254 (ROYAL HAFIZ GARDEN) , In front of ibrahimpur primary school, North Ibrahimpur, Dhaka",01731012345,Paid,0,0,0,0,0,No,"Returned To Merchant","2026-03-12 16:45:06","Reverse Logistics @ Pathao",Return,Parcel
RS1003262TKGVA,"2026-03-11 14:50:59","Ashford M
Miles M","""N/A""","SHINGARA PRODUCTION (Shingara HQ)","254 (ROYAL HAFIZ GARDEN) , In front of ibrahimpur primary school, North Ibrahimpur, Dhaka",01731012345,Paid,0,0,0,0,0,No,"Returned To Merchant","2026-03-12 16:45:06","Reverse Logistics @ Pathao",Return,Parcel
RS0803262GLJ83,"2026-03-10 09:42:14","Ashford | Denim Pant - M, Miles M","""6810""","SHINGARA PRODUCTION (Shingara HQ)","254 (ROYAL HAFIZ GARDEN) , In front of ibrahimpur primary school, North Ibrahimpur, Dhaka",01731012345,Paid,0,0,0,0,0,No,"Returned To Merchant","2026-03-11 15:19:30","Reverse Logistics @ Pathao",Return,Parcel
DS1003262TKGVA,"2026-03-10 09:42:04","Ashford M
Miles M","""N/A""",Arsh,"587/1 East Kazipara
",01869249542,Paid,3380,1730,98.65,8.65,90,Yes,"Partial Delivery","2026-03-11 06:37:10","Shingara Banani",Delivery,Parcel
DS100326V9SPSU,"2026-03-10 09:40:46","ASHFORD DENIM M","""N/A""","maliha ","arambag residential , mirpur 
road 7 block E house 19

",01330800893,Paid,1730,1730,78.65,8.65,70,Yes,Delivered,"2026-03-11 08:49:17","Shingara Banani",Delivery,Parcel
DS1003266EUME3,"2026-03-10 09:39:54","Miles | Denim Pant - S","""6815""",Tawhid,"14/1 kafrul,kochukhet bazar,back size to lazfarma, , , ,",01629796947,Paid,1730,80,70.4,0.4,70,Yes,"Paid Return","2026-03-11 11:00:18","Shingara Banani",Delivery,Parcel
DS100326LDLACG,"2026-03-10 09:39:42","Lucas | Denim Pant - XL","""6814""","G.M. Samiul Azam","236/2, Jhill Par 1 No Road ,(chill Out Ar Pasher Goli), South Pirerbagh, 60 Feet ,Mirpur 2 -Dhaka 1216, , , ,",01710519809,Unpaid,1730,0,68.65,8.65,60,Yes,"Pickup Failed","2026-03-12 23:59:59","Shingara Banani",Delivery,Parcel
DS100326PUDQ7M,"2026-03-10 09:39:33","Lucas | Denim Pant - M","""6813""",Noyon,"House-108, Road-08 Mohammadia Housing Limited Mohammadpur Dhaka, , , ,",01705403870,Paid,1730,80,70.4,0.4,70,Yes,"Paid Return","2026-03-12 10:34:01","Shingara Banani",Delivery,Parcel
DS1003266L65Q2,"2026-03-10 09:39:24","Lucas | Denim Pant - M","""6812""","Mahdi Mahfuz","1230 House # 07, Road # 11, Sector # 13, Uttara, Dhaka, , , ,",01575321154,Paid,1730,1730,78.65,8.65,70,Yes,Delivered,"2026-03-11 12:52:23","Shingara Banani",Delivery,Parcel
RE220226XKDUX4,"2026-03-09 11:02:23","LUCAS XL exchanged product of DS220226XKDUX4","""N/A""","SHINGARA PRODUCTION (Shingara HQ)","254 (ROYAL HAFIZ GARDEN) , In front of ibrahimpur primary school, North Ibrahimpur, Dhaka",01731012345,Paid,0,0,0,0,0,No,"Returned To Merchant","2026-03-10 15:43:25","Reverse Logistics @ Pathao",Return,Parcel
ES220226XKDUX4,"2026-03-08 09:29:13","LUCAS XL exchanged product of DS220226XKDUX4","""N/A""","Ashikun Nabi","Dhanmondi 9/A house 43 Flat 3B",01301064909,Paid,100,100,70.5,0.5,70,Yes,Exchange,"2026-03-09 07:10:13","Shingara Banani",Delivery,Parcel
DS080326LWWT8D,"2026-03-08 09:28:21","ASHFORD XL","""N/A""","Jisan sardR","Mirpur 1 anchar camp moddho paikpara bihari para """,01400847665,Paid,1730,1730,78.65,8.65,70,Yes,Delivered,"2026-03-10 09:29:05","Shingara Banani",Delivery,Parcel
DS08032626WKZU,"2026-03-08 09:24:39","ASHFORD XL, LUCAS XL","""N/A""",Rashed,"
3/1 Borobag, Mirpur 2, Dhaka 1216
",01784803768,Paid,3370,3370,106.85,16.85,90,Yes,Delivered,"2026-03-09 08:19:15","Shingara Banani",Delivery,Parcel
DS0803262GLJ83,"2026-03-08 09:23:25","Ashford | Denim Pant - M, Miles M","""6810""",Arsh,"587/1 East Kazipara",01869249542,Paid,3370,0,106.85,16.85,90,Yes,Return,"2026-03-10 09:42:12","Shingara Banani",Delivery,Parcel
RS2302267GQMZ5,"2026-02-27 14:41:32","Ashford | Denim Pant - XL,","""6802""","SHINGARA PRODUCTION (Shingara HQ)","254 (ROYAL HAFIZ GARDEN) , In front of ibrahimpur primary school, North Ibrahimpur, Dhaka",01731012345,Paid,0,0,0,0,0,No,"Returned To Merchant","2026-02-28 13:11:46","Reverse Logistics @ Pathao",Return,Parcel
RS2502263L2A2F,"2026-02-26 10:33:35","ASHFORD L","""N/A""","SHINGARA PRODUCTION (Shingara HQ)","254 (ROYAL HAFIZ GARDEN) , In front of ibrahimpur primary school, North Ibrahimpur, Dhaka",01731012345,Paid,0,0,0,0,0,No,"Returned To Merchant","2026-02-27 15:38:50","Reverse Logistics @ Pathao",Return,Parcel
DS260226EZJ82Z,"2026-02-26 09:00:38","Ashford | Denim Pant - L","""6807""",Farha,"House-63,Road-4,Block-D,Bashundhara R/A,Dhaka, , , ,",01310724991,Paid,1730,1730,78.65,8.65,70,Yes,Delivered,"2026-02-28 07:21:56","Shingara Banani",Delivery,Parcel
DS260226AYP74X,"2026-02-26 09:00:28","Ashford | Denim Pant - M","""6808""",Shabaz,"Block A banasree, Vantage By Shanta K1 apartment",01753980058,Paid,1730,1730,78.65,8.65,70,Yes,Delivered,"2026-02-27 06:15:54","Shingara Banani",Delivery,Parcel
DS25022645NX3E,"2026-02-25 09:13:28","Miles | Denim Pant - M, Price: 1650 BDT, Quantity: 1 Detail Ashford | Denim Pant - M,","""6806""",Irfaan,"House 24 road 20 sector 4 uttara, , , ,",01786772279,Paid,3380,3380,106.9,16.9,90,Yes,Delivered,"2026-02-27 06:39:00","Shingara HQ",Delivery,Parcel
DS2502263L2A2F,"2026-02-25 09:12:15","ASHFORD L","""N/A""","Sadia Islam ","Dolipara(Etim khana road)Uttara ,dhaka-1230",01690336587,Paid,1730,80,70.4,0.4,70,Yes,"Paid Return","2026-02-26 09:11:53","Shingara HQ",Delivery,Parcel
DS250226FLX3JR,"2026-02-25 09:11:34",,"""N/A"""," Shama ","আলীম মঞ্জিল ৪৯৪/সি খিলগাঁও  তালতলা ঢাকা 1219",01722342994,Paid,1180,1180,75.9,5.9,70,Yes,Delivered,"2026-02-26 08:33:20","Shingara HQ",Delivery,Parcel
RE210226JP83G5,"2026-02-23 11:38:59","Noah | Hoodie - XL, Blanc | Hoodie - XL, Enric | Quarter-Zip - XL exchanged product of DS210226JP83G5","""6803""","SHINGARA PRODUCTION (Shingara HQ)","254 (ROYAL HAFIZ GARDEN) , In front of ibrahimpur primary school, North Ibrahimpur, Dhaka",01731012345,Paid,0,0,0,0,0,No,"Returned To Merchant","2026-02-24 15:05:10","Reverse Logistics @ Pathao",Return,Parcel
DS2302267GQMZ5,"2026-02-23 10:20:06","Ashford | Denim Pant - XL,","""6802""",Sagor,"Mohammadia Housing Society, Road no 3 House no 194, , , ,",01711092698,Paid,1730,80,70.4,0.4,70,Yes,"Paid Return","2026-02-27 08:33:28","Shingara Banani",Delivery,Parcel
RS220226H8GM8Q,"2026-02-23 10:12:46","Black | Zipper Jacket - XL, Black | Zipper Jacket - L","""6804""","SHINGARA PRODUCTION (Shingara HQ)","254 (ROYAL HAFIZ GARDEN) , In front of ibrahimpur primary school, North Ibrahimpur, Dhaka",01731012345,Paid,0,0,0,0,0,No,"Returned To Merchant","2026-02-24 15:05:10","Reverse Logistics @ Pathao",Return,Parcel
DS220226XKDUX4,"2026-02-22 09:42:49","LUCAS XL","""N/A""","Ashikun Nabi","Dhanmondi 9/A house 43 Flat 3B",01301064909,Paid,1710,1710,78.55,8.55,70,Yes,Delivered,"2026-02-23 08:31:19","Shingara Banani",Delivery,Parcel
DS2202263EYWMD,"2026-02-22 09:40:04","miles denim pant L","""N/A""","Abrar Rahman","House 16 road 04 sector 13

",01607004826,Paid,1710,1710,78.55,8.55,70,Yes,Delivered,"2026-02-23 08:27:11","Shingara Banani",Delivery,Parcel
ES210226JP83G5,"2026-02-22 09:38:06","Noah | Hoodie - XL, Blanc | Hoodie - XL, Enric | Quarter-Zip - XL exchanged product of DS210226JP83G5","""6803""",Promit,"239/3, North Kafrul, Dhaka Cantonment, Dhaka-1206, , , ,",01889103537,Paid,0,0,70,0,70,No,Exchange,"2026-02-23 10:34:26","Shingara HQ",Delivery,Parcel
DS220226H8GM8Q,"2026-02-22 09:35:41","Black | Zipper Jacket - XL, Black | Zipper Jacket - L","""6804""","Alvy Bhuiyan","House Number 7, AB Bank Building (Grameenphone office er pashe), Road- Bashundhara Road 1, Bashundhara Block - A",01635523437,Paid,4580,80,90.4,0.4,90,Yes,"Paid Return","2026-02-23 06:57:15","Shingara Banani",Delivery,Parcel
DS2102267F48SN,"2026-02-21 09:39:42",,"""N/A"""," Mahmud Shahriar","149 Abed Dhali Road Apt #1H, Lake Circus, Dolphin Goli, 
Kalabagan 
Dhaka 1205, Bangladesh",01762484001,Paid,80,80,60.4,0.4,60,Yes,Delivered,"2026-02-22 07:22:59","Shingara HQ",Delivery,Parcel
DS210226332Q6H,"2026-02-21 09:39:01","ASHFORD DENIM L","""N/A""","Arbab Niaz Adib","Azampur kachabazar (Hasan Mahmud complex), House 3, Lane 6, Shah Kabir mazar road, Dakhsinkhan, Dhaka",01796405696,Paid,1710,1710,78.55,8.55,70,Yes,Delivered,"2026-02-22 10:18:15","Shingara HQ",Delivery,Parcel
DS210226JP83G5,"2026-02-21 09:37:07","Noah | Hoodie - XL, Blanc | Hoodie - XL, Enric | Quarter-Zip - XL","""6803""",Promit,"239/3, North Kafrul, Dhaka Cantonment, Dhaka-1206, , , ,",01889103537,Paid,3980,3980,124.9,19.9,105,Yes,Delivered,"2026-02-22 07:17:38","Shingara HQ",Delivery,Parcel
RS190226LZPQ9T,"2026-02-20 13:09:09","Miles | Denim Pant - XL","""6801""","SHINGARA PRODUCTION (Shingara HQ)","254 (ROYAL HAFIZ GARDEN) , In front of ibrahimpur primary school, North Ibrahimpur, Dhaka",01731012345,Paid,0,0,0,0,0,No,"Returned To Merchant","2026-02-21 15:29:56","Reverse Logistics @ Pathao",Return,Parcel
RS1902264AXU4R,"2026-02-20 10:29:32","Miles | Denim Pant - L","""6799""","SHINGARA PRODUCTION (Shingara HQ)","254 (ROYAL HAFIZ GARDEN) , In front of ibrahimpur primary school, North Ibrahimpur, Dhaka",01731012345,Paid,0,0,0,0,0,No,"Returned To Merchant","2026-02-21 15:29:56","Reverse Logistics @ Pathao",Return,Parcel
RS170226LYRLK2,"2026-02-19 13:12:00","Ashford | Denim Pant - L                                        Lucas | Denim Pant - XL","""N/A""","SHINGARA PRODUCTION (Shingara HQ)","254 (ROYAL HAFIZ GARDEN) , In front of ibrahimpur primary school, North Ibrahimpur, Dhaka",01731012345,Paid,0,0,75,0,75,No,"Returned To Merchant","2026-02-21 15:29:56","Reverse Logistics @ Pathao",Return,Parcel
DS1902264AXU4R,"2026-02-19 09:43:59","Miles | Denim Pant - L","""6799""",Shadab,"Sector 13, Road 3, House 12 Uttara, , , ,",01776160418,Paid,1730,80,70.4,0.4,70,Yes,"Paid Return","2026-02-20 09:06:04","Shingara HQ",Delivery,Parcel
DS190226CF3T9A,"2026-02-19 09:43:50","Ashford | Denim Pant - M,","""6800""","Muyeed mahi","Road 5 , House 7 , sector 6 uttara Dhaka 1230, , , ,",01820556929,Paid,1730,1730,78.65,8.65,70,Yes,Delivered,"2026-02-20 08:24:12","Shingara HQ",Delivery,Parcel
DS190226LZPQ9T,"2026-02-19 09:43:41","Miles | Denim Pant - XL","""6801""",Alif,"Mirpur 1 , darussalam thana , Arjabad Mosjid",01835349934,Paid,1730,0,78.65,8.65,70,Yes,Return,"2026-02-20 09:04:51","Shingara HQ",Delivery,Parcel
RS170226WBYHH6,"2026-02-18 10:32:36","Miles | Denim Pant - M
Miles | Denim Pant - L","""N/A""","SHINGARA PRODUCTION (Shingara HQ)","254 (ROYAL HAFIZ GARDEN) , In front of ibrahimpur primary school, North Ibrahimpur, Dhaka",01731012345,Paid,0,0,0,0,0,No,"Returned To Merchant","2026-02-19 15:02:54","Reverse Logistics @ Pathao",Return,Parcel
DS1702265AJ93N,"2026-02-17 08:49:48","Noah | Hoodie - L","""N/A""",Pritom,"House-MA-27, West Merul Badda, Dhaka-1212&quot;",01929393536,Paid,1180,1180,75.9,5.9,70,Yes,Delivered,"2026-02-18 08:02:17","Shingara HQ",Delivery,Parcel
DS170226MGC2D3,"2026-02-17 07:59:45","FAROO ZIPPER JACKET M	","""N/A""","Syed Ashfad 	"," Mittali road 2 number get 15 number house jigatola Dhanmondi dhaka ",01318629982,Paid,1880,1880,79.4,9.4,70,Yes,Delivered,"2026-02-18 13:51:49","Shingara Banani",Delivery,Parcel
DS170226LYRLK2,"2026-02-17 07:57:08","Ashford | Denim Pant - L                                        Lucas | Denim Pant - XL","""N/A""","Masfiq Mahin","Sel Anser Garden Flat no 6c, Judge court main gate Comilla",01841346840,Paid,2770,130,151.3,1.3,150,Yes,"Paid Return","2026-02-19 08:05:22","Shingara Banani",Delivery,Parcel
DS170226KLD6NG,"2026-02-17 07:56:02","Navajo | Zipper Jacket - XL
Noah | Hoodie - L","""N/A""","Atik Hasan","Amin Residence,Evercare Hospital Road,Bashundhara R/A, Vatara,Dhaka",01919232520,Paid,3429,3429,107.15,17.15,90,Yes,Delivered,"2026-02-18 12:11:17","Shingara HQ",Delivery,Parcel
DS170226WBYHH6,"2026-02-17 07:54:29","Miles | Denim Pant - M
Miles | Denim Pant - L","""N/A""","Nafiuzzaman Khan","Mirbagh Darul Aman Jame Masjid Mirbagh Mogbazar Dhaka&quot;",01935131929,Paid,3380,80,90.4,0.4,90,Yes,"Paid Return","2026-02-18 06:55:06","Shingara Banani",Delivery,Parcel
RS140226T2FBZQ,"2026-02-15 15:51:52","Miles | Denim Pant - M","""6794""","SHINGARA PRODUCTION (Shingara HQ)","254 (ROYAL HAFIZ GARDEN) , In front of ibrahimpur primary school, North Ibrahimpur, Dhaka",01731012345,Paid,0,0,0,0,0,No,"Returned To Merchant","2026-02-16 13:55:22","Reverse Logistics @ Pathao",Return,Parcel
RE010226GK85MR,"2026-02-15 10:23:49"," exchanged product of DS010226GK85MR","""6769""","SHINGARA PRODUCTION (Shingara HQ)","254 (ROYAL HAFIZ GARDEN) , In front of ibrahimpur primary school, North Ibrahimpur, Dhaka",01731012345,Paid,0,0,0,0,0,No,"Returned To Merchant","2026-02-16 13:55:22","Reverse Logistics @ Pathao",Return,Parcel
DS150226TU4TJF,"2026-02-15 09:54:43","Mocha | Quarter-Zip - M, Miles | Denim Pant - M","""6792""",Abyaz,"Uttara Sector 4, road 13, House 14, 3rd Floor, , , ,",01741138884,Paid,2759,2759,103.8,13.8,90,Yes,Delivered,"2026-02-16 09:49:58","Shingara HQ",Delivery,Parcel
DS140226VC4AV7,"2026-02-14 09:19:27","BLUE DENIM PANT M","""N/A""",Adib,"Noakhali,Sonapur,Nuriya school ",01630303702,Paid,1250,1250,132.5,12.5,120,Yes,Delivered,"2026-02-16 10:42:32","Shingara Banani",Delivery,Parcel
ES010226GK85MR,"2026-02-14 09:17:44"," exchanged product of DS010226GK85MR","""6769""",Sharif,"House 50, Dhanmondi 3/A, Dhaka, , , ,",01984935657,Paid,1540,1540,97.7,7.7,90,Yes,Exchange,"2026-02-15 08:23:09","Shingara Banani",Delivery,Parcel
DS140226ZSLNHF,"2026-02-14 09:14:43","Ashford | Denim Pant - XL","""N/A""",Promit,"
239/3,North Kafrul, Dhaka Cantonment, Dhaka-1206",01889103537,Paid,1400,1400,77,7,70,Yes,Delivered,"2026-02-15 10:28:09","Shingara Banani",Delivery,Parcel
DS140226NJ5BQN,"2026-02-14 09:13:34","Bruno | Zipper Jacket - L,","""6793""","Tanvir Anna","H-31, Road-20, Sector-14, Uttara, Dhaka",01709956027,Paid,1880,1880,79.4,9.4,70,Yes,Delivered,"2026-02-15 06:57:46","Shingara Banani",Delivery,Parcel
DS140226T2FBZQ,"2026-02-14 09:13:15","Miles | Denim Pant - M","""6794""",Adib,"568 Lonjani para, Barua Road, Khilkhet",01716777652,Paid,1400,80,70.4,0.4,70,Yes,"Paid Return","2026-02-15 14:19:25","Shingara Banani",Delivery,Parcel
RS080226JKXNJA,"2026-02-09 13:20:02","Miles | Denim Pant - XL, Hazel | Denim Jacket - L, Diego | Denim Jacket - L,","""6790""","SHINGARA PRODUCTION (Shingara HQ)","254 (ROYAL HAFIZ GARDEN) , In front of ibrahimpur primary school, North Ibrahimpur, Dhaka",01731012345,Paid,0,0,0,0,0,No,"Returned To Merchant","2026-02-10 13:03:47","Reverse Logistics @ Pathao",Return,Parcel
DS080226D797RS,"2026-02-08 09:20:15","Ashford | Denim Pant - XL,","""6789""",Promit,"239/3,North Kafrul, Dhaka Cantonment, Dhaka-1206, , , ,",01889103537,Unpaid,1400,0,67,7,60,Yes,"Pickup Failed","2026-02-10 23:59:59","Shingara HQ",Delivery,Parcel
DS080226JKXNJA,"2026-02-08 09:19:59","Miles | Denim Pant - XL, Hazel | Denim Jacket - L, Diego | Denim Jacket - L,","""6790""",Taskeara,"House-31, Road-15 (new), Flat-b5, Dhanmondi, , , ,",01306324851,Paid,5080,80,105.4,0.4,105,Yes,"Paid Return","2026-02-09 12:05:27","Shingara HQ",Delivery,Parcel
DS070226S2LRP6,"2026-02-07 08:58:32","BRUNO ZIPPER JACKET L","""N/A""","Naimur Rahman","Flat F3, Building 4, Shopnonogor R/A, Shagufta, Pallabi, Mirpur",01686949277,Paid,0,0,70,0,70,No,Delivered,"2026-02-08 05:59:20","Shingara Banani",Delivery,Parcel
DS070226YUABNQ,"2026-02-07 08:57:35","DUNE HOODIE M                                                  MILO HOODIE M                                                       MAUVE HOODIE M","""N/A""","Ramisa Rob 	","Trinity by InnStar, Flat 1, House 9, Road 67, Gulshan-2, Dhaka-1212",01713049004,Paid,2060,2060,100.3,10.3,90,Yes,Delivered,"2026-02-08 08:32:25","Shingara HQ",Delivery,Parcel
DS070226ZVDVE8,"2026-02-07 08:56:41","ASHFORD DENIM PANT S","""N/A""","Rofiqul islam","Block - D, Road - 5 House - 2, Mirpur -1",01776599901,Paid,1400,1400,77,7,70,Yes,Delivered,"2026-02-08 07:26:32","Shingara Banani",Delivery,Parcel
DS070226VFF647,"2026-02-07 08:55:02","Ashford | Denim Pant - M","""N/A""","Madhurya Das","Swapnokunjo building , B/7 RK Mission Road, Dhaka",01893387639,Paid,1400,1400,77,7,70,Yes,Delivered,"2026-02-08 08:01:36","Shingara Banani",Delivery,Parcel
DS070226NTTQNH,"2026-02-07 08:54:08","Ashford | Denim Pant - S	","""N/A""","Ataur	","West Merul badda, MA-80, SAAF AMINA ALAM TOWER, BRAC university pocket gate road",01708767990,Paid,1400,1400,77,7,70,Yes,Delivered,"2026-02-08 11:21:49","Shingara Banani",Delivery,Parcel
DS070226FHLT5U,"2026-02-07 08:53:00","Ashford | Denim Pant - XL","""N/A""",Tanvir,"Police line, mymensingh sadar",01311280405,Paid,1250,1250,132.5,12.5,120,Yes,Delivered,"2026-02-08 06:22:36","Shingara Banani",Delivery,Parcel
DS070226TVC82S,"2026-02-07 08:52:04","Ashford | Denim Pant - S","""N/A""",Shihab,"Patuakhali road and highways department office , Patuakhali Sadar",01836082910,Paid,1450,1450,134.5,14.5,120,Yes,Delivered,"2026-02-08 06:48:52","Shingara Banani",Delivery,Parcel
RS020226VUSSBC,"2026-02-05 12:35:55","Miles | Denim Pant - L","""N/A""","SHINGARA PRODUCTION (Shingara HQ)","254 (ROYAL HAFIZ GARDEN) , In front of ibrahimpur primary school, North Ibrahimpur, Dhaka",01731012345,Paid,0,0,0,0,0,No,"Returned To Merchant","2026-02-06 14:41:32","Reverse Logistics @ Pathao",Return,Parcel
DS050226SGK9RE,"2026-02-05 09:31:51","MILES DENIM PANT S	","""N/A""","Mohammad Yannur","44/1 Kallyanpur Main Road Mirpur Dhaka 1207",01531384553,Paid,1400,1400,77,7,70,Yes,Delivered,"2026-02-06 07:02:41","Shingara Banani",Delivery,Parcel
DS05022654PPEX,"2026-02-05 09:30:51","Noah | Hoodie - L	","""N/A""",Apon,"President rd, narayanganj",01715497632,Paid,990,990,109.9,9.9,100,Yes,Delivered,"2026-02-06 09:17:30","Shingara HQ",Delivery,Parcel
DS0502262PYYMN,"2026-02-05 09:29:35","Ashford | Denim Pant - L","""N/A""","Ashikun Nabi","Dhanmondi 9/a House 43 Flat 3B",01301064909,Paid,1400,1400,77,7,70,Yes,Delivered,"2026-02-06 10:41:10","Shingara Banani",Delivery,Parcel
DS050226BP9JZC,"2026-02-05 09:28:12","Ashford | Denim Pant - XL","""N/A""",Shafiullah,"Mohammadia Housing Society,road no-11, house no-11",01327808864,Paid,1400,1400,77,7,70,Yes,Delivered,"2026-02-06 07:28:22","Shingara Banani",Delivery,Parcel
RS020226C49W52,"2026-02-05 08:45:32","DUNE HOODIE M                                                  MILO HOODIE M                                                       MAUVE HOODIE M","""N/A""","SHINGARA PRODUCTION (Shingara HQ)","254 (ROYAL HAFIZ GARDEN) , In front of ibrahimpur primary school, North Ibrahimpur, Dhaka",01731012345,Paid,0,0,0,0,0,No,"Returned To Merchant","2026-02-06 14:41:32","Reverse Logistics @ Pathao",Return,Parcel
RS030226QQPVJ5,"2026-02-04 13:51:02","Lucas | Denim Pant - L","""N/A""","SHINGARA PRODUCTION (Shingara HQ)","254 (ROYAL HAFIZ GARDEN) , In front of ibrahimpur primary school, North Ibrahimpur, Dhaka",01731012345,Paid,0,0,0,0,0,No,"Returned To Merchant","2026-02-05 12:15:13","Reverse Logistics @ Pathao",Return,Parcel
DS040226EFCGG5,"2026-02-04 09:51:26",,"""N/A""","Shahriar Rahim ","thana shibchar . PO: bahadurpur 7932 . Exact location: bahadurpur pir bari pukur par ",01754495836,Paid,3480,3480,209.8,34.8,175,Yes,Delivered,"2026-02-05 06:35:27","Shingara HQ",Delivery,Parcel
RS020226LXHASQ,"2026-02-03 18:25:12","Miles | Denim Pant - M","""N/A""","SHINGARA PRODUCTION (Shingara HQ)","254 (ROYAL HAFIZ GARDEN) , In front of ibrahimpur primary school, North Ibrahimpur, Dhaka",01731012345,Paid,0,0,0,0,0,No,"Returned To Merchant","2026-02-05 12:15:13","Reverse Logistics @ Pathao",Return,Parcel
RS310126JXTLUP,"2026-02-03 11:48:24","Miles | Denim Pant - S","""N/A""","SHINGARA PRODUCTION (Shingara HQ)","254 (ROYAL HAFIZ GARDEN) , In front of ibrahimpur primary school, North Ibrahimpur, Dhaka",01731012345,Paid,0,0,50,0,50,No,"Returned To Merchant","2026-02-05 12:15:13","Reverse Logistics @ Pathao",Return,Parcel
DS030226BPK5L3,"2026-02-03 09:04:23","MILES DENIM PANT M	","""N/A""","Ahaduzzaman Sohan	","Mirpur 1(opposite of Eidgha math),Block-E,Road-7)",01777521716,Paid,1400,1400,77,7,70,Yes,Delivered,"2026-02-04 06:03:14","Shingara Banani",Delivery,Parcel
DS030226QQPVJ5,"2026-02-03 09:03:20","Lucas | Denim Pant - L","""N/A""","Sarwar Druvo","Road 12, House 121 Bashundhara R/a",01316515400,Paid,1400,80,70.4,0.4,70,Yes,"Paid Return","2026-02-04 08:25:06","Shingara Banani",Delivery,Parcel
DS0302263PN8LA,"2026-02-03 09:02:22","Miles | Denim Pant - M","""N/A""",Arif,"দক্ষিণ বনশ্রী ১ ব্লক",01603062177,Paid,1400,1400,77,7,70,Yes,Delivered,"2026-02-04 07:36:37","Shingara Banani",Delivery,Parcel
DS0302267XYPR3,"2026-02-03 09:01:01","Lucas | Denim Pant - L","""N/A""","Md Abdullah Zarif	","Flat-302,Building No-01,Japan Garden City, Ring Road, Adabor, Mohammadpur, Dhaka -1207",01646312323,Paid,1400,1400,77,7,70,Yes,Delivered,"2026-02-04 08:49:45","Shingara Banani",Delivery,Parcel
RS020226HG5Y3R,"2026-02-02 14:07:40",,"""NO ENTRY RETURN""","SHINGARA PRODUCTION (Shingara HQ)","254 (ROYAL HAFIZ GARDEN) , In front of ibrahimpur primary school, North Ibrahimpur, Dhaka",01731012345,Paid,0,0,0,0,0,No,"Returned To Merchant","2026-02-03 11:31:27","Reverse Logistics @ Pathao",Return,Parcel
DS020226HG5Y3R,"2026-02-02 14:07:12",,"""NO ENTRY RETURN""",Raul," amin rd, green rd, dhanmondi",01933338888,Paid,1400,0,0,0,0,Yes,Return,"2026-02-02 14:07:38","Shingara HQ",Delivery,Parcel
RS010226GK85MR,"2026-02-02 11:06:07",,"""6769""","SHINGARA PRODUCTION (Shingara HQ)","254 (ROYAL HAFIZ GARDEN) , In front of ibrahimpur primary school, North Ibrahimpur, Dhaka",01731012345,Paid,0,0,0,0,0,No,"Returned To Merchant","2026-02-03 11:31:28","Reverse Logistics @ Pathao",Return,Parcel
DS0202264WANB6,"2026-02-02 09:20:40","BLANC HOODIE M                                                                NOAH HOODIE M                                                                         MAUVE HOODIE M","""N/A""","মৌমিতা বড়ুয়া","৩৭১/১,  ঈশা টাওয়ার, খতিবের হাট, বহদ্দারহাট, চট্টগ্রাম",01848343329,Paid,2570,2570,200.7,25.7,175,Yes,Delivered,"2026-02-03 08:02:47","Shingara HQ",Delivery,Parcel
DS020226C49W52,"2026-02-02 09:18:27","DUNE HOODIE M                                                  MILO HOODIE M                                                       MAUVE HOODIE M","""N/A""","Ramisa Rob","Trinity by InnStar, Flat 1, House 9, Road 67, Gulshan-2, Dhaka-1212",01713049006,Paid,2950,0,90,0,90,Yes,Return,"2026-02-05 05:38:21","Shingara HQ",Delivery,Parcel
DS020226KASEWR,"2026-02-02 09:17:33","ASHFORD DENIM PANT M	","""N/A""","Maruf Rahman Sohan","adarsha sadar,tomsom bridge road,kasemul madrasa lane,A Nur Lodge, holding No923-03
Cumilla 3500&quot;",01968667911,Paid,1250,1250,112.5,12.5,100,Yes,Delivered,"2026-02-03 07:17:41","Shingara Banani",Delivery,Parcel
DS0202265J8WUC,"2026-02-02 09:16:41","Miles | Denim Pant - M","""N/A""",Tasauf,"529/C Khilgaon Police Fari, Dhaka 1219",01724335240,Paid,1400,1400,77,7,70,Yes,Delivered,"2026-02-03 04:47:04","Shingara Banani",Delivery,Parcel
DS020226LXHASQ,"2026-02-02 09:15:37","Miles | Denim Pant - M","""N/A""",Rubel,"Shaheed Faruk Road,toni Tower",01618549787,Paid,1400,0,77,7,70,Yes,Return,"2026-02-03 18:25:12","Shingara Banani",Delivery,Parcel
DS0202268GV5C5,"2026-02-02 09:14:35","Noah | Hoodie - S	","""N/A""","Ahnaf Fami","House-35, Road-06, Sector-14, Uttara, Dhaka-1230",01717041666,Paid,960,960,74.8,4.8,70,Yes,Delivered,"2026-02-03 09:57:11","Shingara HQ",Delivery,Parcel
DS0202263265AX,"2026-02-02 09:13:14","Mocha | Quarter-Zip - S","""N/A""","Yeasin Mir	","16/17 Taherbagh Lane, Wari, Dhaka -1203",01309607115,Unpaid,1440,0,67.2,7.2,60,Yes,"Pickup Failed","2026-02-04 23:59:59","Shingara HQ",Delivery,Parcel
DS020226VUSSBC,"2026-02-02 09:12:19","Miles | Denim Pant - L","""N/A""",Jini,"134/7/D cosmic garden furfura road kollynpur",01711008046,Paid,1400,70,70.35,0.35,70,Yes,"Paid Return","2026-02-05 06:31:50","Shingara Banani",Delivery,Parcel
RS310126XAZT7S,"2026-02-01 19:44:33","Miles | Denim Pant - XL","""N/A""","SHINGARA PRODUCTION (Shingara HQ)","254 (ROYAL HAFIZ GARDEN) , In front of ibrahimpur primary school, North Ibrahimpur, Dhaka",01731012345,Paid,0,0,0,0,0,No,"Returned To Merchant","2026-02-03 11:31:27","Reverse Logistics @ Pathao",Return,Parcel
RS310126NXHECH,"2026-02-01 13:24:57","Miles | Denim Pant - L	","""N/A""","SHINGARA PRODUCTION (Shingara HQ)","254 (ROYAL HAFIZ GARDEN) , In front of ibrahimpur primary school, North Ibrahimpur, Dhaka",01731012345,Paid,0,0,50,0,50,No,"Returned To Merchant","2026-02-02 12:42:44","Reverse Logistics @ Pathao",Return,Parcel
RS31012652J8EQ,"2026-02-01 11:40:56","Bruno | Zipper Jacket - XL","""N/A""","SHINGARA PRODUCTION (Shingara HQ)","254 (ROYAL HAFIZ GARDEN) , In front of ibrahimpur primary school, North Ibrahimpur, Dhaka",01731012345,Paid,0,0,0,0,0,No,"Returned To Merchant","2026-02-02 12:42:44","Reverse Logistics @ Pathao",Return,Parcel
RS310126BYJRBK,"2026-02-01 10:18:45","Miles | Denim Pant - M","""N/A""","SHINGARA PRODUCTION (Shingara HQ)","254 (ROYAL HAFIZ GARDEN) , In front of ibrahimpur primary school, North Ibrahimpur, Dhaka",01731012345,Paid,0,0,0,0,0,No,"Returned To Merchant","2026-02-02 12:42:44","Reverse Logistics @ Pathao",Return,Parcel
DS010226HPYXZ5,"2026-02-01 09:43:27","MILES DENIM PANT L","""N/A""",sayem,"solim uddin market ,top ten islam tower Mirpur 1",01874514441,Paid,1400,1400,67,7,60,Yes,Delivered,"2026-02-02 08:24:04","Shingara Banani",Delivery,Parcel
DS010226GK85MR,"2026-02-01 09:39:07",,"""6769""",Sharif,"House 50, Dhanmondi 3/A, Dhaka, , , ,",01984935657,Paid,4040,4040,125.2,20.2,105,Yes,Exchange,"2026-02-02 07:56:24","Shingara Banani",Delivery,Parcel
DS010226MGYA8G,"2026-02-01 09:38:59",,"""6768""",Ashfaque,"House#1/B,Road#2,Sector#3,Uttara,Dhaka-1230, , , ,",01795557957,Paid,1400,1400,77,7,70,Yes,Delivered,"2026-02-02 11:05:24","Shingara Banani",Delivery,Parcel
DS0102263CUKFL,"2026-02-01 09:38:52",,"""6767""","Rafid Rahman","4B, 769/A, Avenue 6 Road 11 Mirpur DOHS Dhaka, , , ,",01736486454,Paid,1400,1400,77,7,70,Yes,Delivered,"2026-02-02 10:09:32","Shingara Banani",Delivery,Parcel
DS010226YH7GPF,"2026-02-01 09:38:44",,"""6766""",Tareq,"TA-135/1 middle badda dhaka 1212, , , ,",01303251388,Paid,959,959,74.8,4.8,70,Yes,Delivered,"2026-02-02 06:36:03","Shingara Banani",Delivery,Parcel
DS010226WF2757,"2026-02-01 09:38:34",,"""6765""",Eshan,"Eastern Housing Apartments Old Elephant Road 102-104, Building #5 Flat E, , , ,",01720015092,Paid,1400,1400,77,7,70,Yes,Delivered,"2026-02-02 07:26:14","Shingara Banani",Delivery,Parcel
DS310126BYJRBK,"2026-01-31 10:55:25","Miles | Denim Pant - M","""N/A""",Salman,"Flat 2a, House 391, Block A, Bashundhara Ra, Dhaka",01993619109,Paid,1400,80,70.4,0.4,70,Yes,"Paid Return","2026-02-01 05:45:07","Shingara Banani",Delivery,Parcel
DS310126DBFQLB,"2026-01-31 10:31:43","Ramy S ","""N/A""","Puja karmakar","Puja karmakar
Shanti Nagar, Ghatail, Tangail
BD
",01703536195,Paid,1730,1730,117.3,17.3,100,Yes,Delivered,"2026-02-01 10:15:55","Shingara Banani",Delivery,Parcel
DS310126BRGLJA,"2026-01-31 09:29:33","LUCAS DENIM PANT L","""N/A""",Sakib,"Iqbaal road, Shewrapara, Mirpur",01986375075,Paid,1400,1400,77,7,70,Yes,Delivered,"2026-02-01 07:47:14","Shingara Banani",Delivery,Parcel
DS310126GWHLVT,"2026-01-31 09:28:29","ASHFORD DENIM PANT S	","""N/A""","Ezaz ahmed	","Ashulia-zirabo,Doctor bari",01793850338,Paid,1300,1300,113,13,100,Yes,Delivered,"2026-02-01 08:48:16","Shingara Banani",Delivery,Parcel
DS310126NXHECH,"2026-01-31 09:27:07","Miles | Denim Pant - L	","""N/A""","Md. Hasibur Rahman","Al Modina Shopping Complex, Mograpara Chowrasta, Sonargoan, Narayanganj",01829758408,Paid,1400,100,101,1,100,Yes,"Paid Return","2026-02-01 07:03:37","Shingara Banani",Delivery,Parcel
DS310126XAZT7S,"2026-01-31 09:25:56","Miles | Denim Pant - XL","""N/A""",Taj,"Bashundara Dhali Food Court Baitol mama r mosjid r samne",01409109880,Paid,1400,0,77,7,70,Yes,Return,"2026-02-01 19:44:33","Shingara Banani",Delivery,Parcel
DS310126Z2EN66,"2026-01-31 09:25:04","Ashford | Denim Pant - L","""N/A""","Nazmul Karim Abir","KA-32/F, KURATOLY KHILKHET, DHAKA-1229",01748936454,Paid,1400,1400,77,7,70,Yes,Delivered,"2026-02-01 10:18:04","Shingara Banani",Delivery,Parcel
DS310126MCK3N5,"2026-01-31 09:23:34","Miles | Denim Pant - L","""N/A""","Nafiz Fuad Ayan","Flat 701, House 9, Road 16, Sector 14, Uttara Dhaka",01521124944,Paid,1400,1400,77,7,70,Yes,Delivered,"2026-02-01 07:48:10","Shingara Banani",Delivery,Parcel
DS310126Q7MSRA,"2026-01-31 09:22:24","Hazel | Denim Jacket - L	","""N/A""",Sayok,"Taltola,Agargaon",01612153759,Paid,1919,1919,79.6,9.6,70,Yes,Delivered,"2026-02-02 10:45:19","Shingara Banani",Delivery,Parcel
DS3101262B8BKY,"2026-01-31 09:20:27","Miles | Denim Pant - XL                                                                             Miles | Denim Pant - S","""N/A""","Md. Musfiqur Rahman	","House No 1/1 Shamoly Road No 1, Sher E Bangla Nagar, Dhaka",01711061137,Paid,2720,2720,103.6,13.6,90,Yes,Delivered,"2026-02-01 06:18:03","Shingara Banani",Delivery,Parcel
DS310126EF7GKR,"2026-01-31 09:17:16","Ashford | Denim Pant - M	","""N/A""","Badshah Shahriar","shaistha khan road Lalbagh dhaka beside shahi masjid golli",01326598030,Paid,1400,1400,77,7,70,Yes,Delivered,"2026-02-01 06:51:39","Shingara Banani",Delivery,Parcel
DS310126VR6JZ9,"2026-01-31 09:16:04","Miles | Denim Pant - S","""N/A""",Tanvir,"Tawheed tower-2, tolarbagh 2 no gate, mirpur-1, dhaka-1216",01972512423,Paid,1400,1400,77,7,70,Yes,Delivered,"2026-02-01 08:32:14","Shingara Banani",Delivery,Parcel
DS310126X5V4JE,"2026-01-31 09:14:48","Ashford | Denim Pant - M	","""N/A""",Sadi,"Purbo Gohira jameh mosjid,kundashwari,Raozan,Chattogram",01843478675,Paid,1250,1250,132.5,12.5,120,Yes,Delivered,"2026-02-02 11:01:17","Shingara Banani",Delivery,Parcel
DS3101269GCBZJ,"2026-01-31 09:13:23","Miles | Denim Pant - M","""N/A""",Dip,"20 No nobin chondro gowsami road faridabad,dhaka-1204",01934076003,Paid,1400,1400,77,7,70,Yes,Delivered,"2026-02-01 09:35:26","Shingara Banani",Delivery,Parcel
DS310126JXTLUP,"2026-01-31 09:12:11","Miles | Denim Pant - S","""N/A""","Shayan Ahmed","Abbas market jamgora ashulia savar Dhaka",01604352115,Paid,1400,0,100,0,100,Yes,Return,"2026-02-03 08:25:36","Shingara Banani",Delivery,Parcel
DS31012652J8EQ,"2026-01-31 09:10:20","Bruno | Zipper Jacket - XL","""N/A""","Naznin Sultana","House 39, Road 6, Sector 10, Uttara, Dhaka 1230",01805996452,Paid,1880,80,70.4,0.4,70,Yes,"Paid Return","2026-02-01 09:37:45","Shingara Banani",Delivery,Parcel
RS2901267LJQM9,"2026-01-30 12:59:43","Miles | Denim Pant - XL","""N/A""","SHINGARA PRODUCTION (Shingara HQ)","254 (ROYAL HAFIZ GARDEN) , In front of ibrahimpur primary school, North Ibrahimpur, Dhaka",01731012345,Paid,0,0,0,0,0,No,"Returned To Merchant","2026-02-01 15:34:20","Reverse Logistics @ Pathao",Return,Parcel
RS290126L4Z8UD,"2026-01-30 08:36:28","ASHFORD DENIM PANT M	","""N/A""","SHINGARA PRODUCTION (Shingara HQ)","254 (ROYAL HAFIZ GARDEN) , In front of ibrahimpur primary school, North Ibrahimpur, Dhaka",01731012345,Paid,0,0,0,0,0,No,"Returned To Merchant","2026-01-31 13:23:09","Reverse Logistics @ Pathao",Return,Parcel
RS270126EB53A9,"2026-01-29 15:29:35","ASHFORD | Denim Pant - L	","""N/A""","SHINGARA PRODUCTION (Shingara HQ)","254 (ROYAL HAFIZ GARDEN) , In front of ibrahimpur primary school, North Ibrahimpur, Dhaka",01731012345,Paid,0,0,0,0,0,No,"Returned To Merchant","2026-01-30 12:44:40","Reverse Logistics @ Pathao",Return,Parcel
RE270126DVJLZY,"2026-01-29 10:37:16","Hazel | Denim Jacket - L exchanged product of DS1001269QC5WW exchanged product of ES1001269QC5WW exchanged product of ES160126XDYXX3","""N/A""","SHINGARA PRODUCTION (Shingara HQ)","254 (ROYAL HAFIZ GARDEN) , In front of ibrahimpur primary school, North Ibrahimpur, Dhaka",01731012345,Paid,0,0,0,0,0,No,"Returned To Merchant","2026-01-30 12:44:40","Reverse Logistics @ Pathao",Return,Parcel
DS290126L4Z8UD,"2026-01-29 07:03:55","ASHFORD DENIM PANT M	","""N/A""","Polash       "," 1/ A, New Baily Road, Dhaka-1000
Building: 18 Assort Bailey Nest&quot;",01717531147,Paid,1400,80,70.4,0.4,70,Yes,"Paid Return","2026-01-30 04:38:05","Shingara Banani",Delivery,Parcel
DS290126BZHTJC,"2026-01-29 07:02:47","MILES DENIM PANT XL	","""N/A""","Tanvir Ahmed","Chintapur Hazi Bari, Azimgonj,Barlekha,Moulivibazar ,sylhet",01772771135,Paid,1250,1250,132.5,12.5,120,Yes,Delivered,"2026-01-31 10:20:46","Shingara Banani",Delivery,Parcel
DS290126RLH8E6,"2026-01-29 07:01:46","MILES DENIM PANT XL	","""N/A""","Noor Mubin","House # 831 , Road #19 , Block # K , Bashundhara , Dhaka",01845750002,Paid,1400,1400,77,7,70,Yes,Delivered,"2026-01-30 12:11:55","Shingara Banani",Delivery,Parcel
DS290126NPUNHY,"2026-01-29 07:01:06","Miles | Denim Pant - L","""N/A""","M R.Nitul","Savar,Ashulia,Charabag, Shantax garments 2no gate",01743881805,Paid,1400,1400,114,14,100,Yes,Delivered,"2026-01-30 05:37:37","Shingara Banani",Delivery,Parcel
DS2901269MHBVT,"2026-01-29 07:00:04","Lucas | Denim Pant - M","""N/A""","MSJ Jinan","Flat D2, Belayet Mansion, khejurtoli Mosjid, Masterpool, Anderkilla",01521227314,Paid,1450,0,120,0,120,Yes,Delivered,"2026-01-30 13:39:50","Shingara Banani",Delivery,Parcel
DS2901267LJQM9,"2026-01-29 06:59:14","Miles | Denim Pant - XL","""N/A""",Raul,"amin rd, green rd, dhanmondi",01933338888,Paid,1400,0,77,7,70,Yes,Return,"2026-01-30 12:59:43","Shingara Banani",Delivery,Parcel
DS290126CD7AR3,"2026-01-29 06:58:26","Lucas | Denim Pant - M                                          Miles | Denim Pant - M","""N/A""","Akil	","Jononi 17, Rd No. 11, Basundhara river view project, South Keranigonj, Dhaka",01858363825,Paid,2720,2720,147.2,27.2,120,Yes,Delivered,"2026-01-30 06:44:43","Shingara Banani",Delivery,Parcel
DS2901266FCMSU,"2026-01-29 06:57:26","Ramy | Zipper Jacket - L","""N/A""",Atik,"Mandaritola,sitakunda,chittagong",01812850448,Paid,1730,1730,117.3,17.3,100,Yes,Delivered,"2026-01-30 09:20:01","Shingara Banani",Delivery,Parcel
RS2701263K7QYG,"2026-01-28 16:14:48","Blanc | Hoodie - XL                                                                    Mauve | Hoodie - XL
Dune | Hoodie - XL 	","""N/A""","SHINGARA PRODUCTION (Shingara HQ)","254 (ROYAL HAFIZ GARDEN) , In front of ibrahimpur primary school, North Ibrahimpur, Dhaka",01731012345,Paid,0,0,0,0,0,No,"Returned To Merchant","2026-01-29 11:41:35","Reverse Logistics @ Pathao",Return,Parcel
RE250126XD6NKJ,"2026-01-28 11:53:43","Miles | Denim Pant - XL                                                   Lucas | Denim Pant - XL	 exchanged product of DS250126XD6NKJ","""N/A""","SHINGARA PRODUCTION (Shingara HQ)","254 (ROYAL HAFIZ GARDEN) , In front of ibrahimpur primary school, North Ibrahimpur, Dhaka",01731012345,Paid,0,0,0,0,0,No,"Returned To Merchant","2026-01-29 11:41:35","Reverse Logistics @ Pathao",Return,Parcel
RE240126XKE7HB,"2026-01-28 11:35:51","Farro | Zipper Jacket - M	 exchanged product of DS240126XKE7HB","""N/A""","SHINGARA PRODUCTION (Shingara HQ)","254 (ROYAL HAFIZ GARDEN) , In front of ibrahimpur primary school, North Ibrahimpur, Dhaka",01731012345,Paid,0,0,60,0,60,No,"Returned To Merchant","2026-01-30 12:44:40","Reverse Logistics @ Pathao",Return,Parcel
RS270126DWHFWP,"2026-01-28 09:13:30","MILES DENIM PANT S	","""N/A""","SHINGARA PRODUCTION (Shingara HQ)","254 (ROYAL HAFIZ GARDEN) , In front of ibrahimpur primary school, North Ibrahimpur, Dhaka",01731012345,Paid,0,0,0,0,0,No,"Returned To Merchant","2026-01-29 11:41:35","Reverse Logistics @ Pathao",Return,Parcel
RS240126S5D2SZ,"2026-01-27 14:06:43","Miles | Denim Pant - XL                                                  Lucas | Denim Pant - XL","""N/A""","SHINGARA PRODUCTION (Shingara HQ)","254 (ROYAL HAFIZ GARDEN) , In front of ibrahimpur primary school, North Ibrahimpur, Dhaka",01731012345,Paid,0,0,75,0,75,No,"Returned To Merchant","2026-01-30 12:44:40","Reverse Logistics @ Pathao",Return,Parcel
RS250126YBHEBD,"2026-01-27 12:32:55","LUCAS DENIM PANT S	","""N/A""","SHINGARA PRODUCTION (Shingara HQ)","254 (ROYAL HAFIZ GARDEN) , In front of ibrahimpur primary school, North Ibrahimpur, Dhaka",01731012345,Paid,0,0,60,0,60,No,"Returned To Merchant","2026-01-31 13:23:09","Reverse Logistics @ Pathao",Return,Parcel
ES240126XKE7HB,"2026-01-27 09:59:38","Farro | Zipper Jacket - M	 exchanged product of DS240126XKE7HB","""N/A""","Rashmi Hasan","Uttora agrabad , rongipara , KM hashem valley.Chattogram , unit 2 , flat A6 ",01733076703,Paid,100,100,121,1,120,Yes,Exchange,"2026-01-28 08:42:41","Shingara Banani",Delivery,Parcel
ES250126XD6NKJ,"2026-01-27 09:58:52","Miles | Denim Pant - XL                                                   Lucas | Denim Pant - XL	 exchanged product of DS250126XD6NKJ","""N/A""",Nasim,"Flat 303, Building 17, Japan Garden City, Ring Road, Adabor, Dhaka 1207",01718344980,Paid,100,100,70.5,0.5,70,Yes,Exchange,"2026-01-28 07:56:59","Shingara Banani",Delivery,Parcel
ES270126DVJLZY,"2026-01-27 09:57:53","Hazel | Denim Jacket - L exchanged product of DS1001269QC5WW exchanged product of ES1001269QC5WW exchanged product of ES160126XDYXX3","""N/A""","Salmi Rahman","BASTU SHAILY 1/A, Greenway road, Boro Mogbazar. Floor: A-4 (ওয়্যারলেস রে",01739123325,Paid,0,0,70,0,70,No,Exchange,"2026-01-29 04:42:36","Shingara HQ",Delivery,Parcel
DS270126DWHFWP,"2026-01-27 09:56:36","MILES DENIM PANT S	","""N/A""","Ahran Islam Nafi","221/1 Malibagh,Dhaka",01305467381,Paid,1400,80,70.4,0.4,70,Yes,"Paid Return","2026-01-28 08:14:55","Shingara Banani",Delivery,Parcel
DS270126EB53A9,"2026-01-27 09:53:11","ASHFORD | Denim Pant - L	","""N/A""","Md Pappu	","Dhaka Baridhara J block road 9 house 1 ",01833156012,Paid,1400,70,70.35,0.35,70,Yes,"Paid Return","2026-01-29 14:31:15","Shingara Banani",Delivery,Parcel
DS270126KMYLQJ,"2026-01-27 09:52:23","RAMY ZIPPER JACKET L                                                FARRO ZIPPER JACKET L                                                               ASHFORD DENIM PANT M                                MILES DENIM PANT S	","""N/A""","Nur Ahmed                  ","Jhenaidha, Dakbangla, College er Pichone ",01820542144,Paid,5800,5800,233,58,175,Yes,Delivered,"2026-01-28 09:23:20","Shingara Banani",Delivery,Parcel
DS2701263K7QYG,"2026-01-27 09:50:57","Blanc | Hoodie - XL                                                                    Mauve | Hoodie - XL
Dune | Hoodie - XL 	","""N/A""","MD. Farhan Ishraque Haque	 ","3.5, Road no. 1, Block - C, Nobodoi Housing Society, Mohammadpur, Dhaka 1207",01886056318,Paid,2717,1840,114.2,9.2,105,Yes,"Partial Delivery","2026-01-28 06:21:50","Shingara HQ",Delivery,Parcel
DS2701266EL7JX,"2026-01-27 09:48:54","Milo | Hoodie - L","""N/A""","Zim	","55/1 shiddheshwari Rupayan Sopno Niloy D- 5 . Ramna thana . Dhaka",01341836861,Paid,960,960,74.8,4.8,70,Yes,Delivered,"2026-01-28 07:47:10","Shingara HQ",Delivery,Parcel
RS2501262P8GLV,"2026-01-26 11:51:30","LUCAS DENIM PANT M","""N/A""","SHINGARA PRODUCTION (Shingara HQ)","254 (ROYAL HAFIZ GARDEN) , In front of ibrahimpur primary school, North Ibrahimpur, Dhaka",01731012345,Paid,0,0,0,0,0,No,"Returned To Merchant","2026-01-27 13:59:43","Reverse Logistics @ Pathao",Return,Parcel
DS260126VMQA98,"2026-01-26 10:04:36","ASHFORD DENIM PANT M","""N/A""","Nafes Zarar	","Rafiq Raju School,Monipur,Gazipur Sadar",01703594708,Paid,1470,1470,114.7,14.7,100,Yes,Delivered,"2026-01-28 06:09:40","Shingara Banani",Delivery,Parcel
DS260126Z33PLT,"2026-01-26 10:03:45","Miles | Denim Pant - M","""N/A""","Yahia Rabbi	","Professor Khairat Manjil, Shobuj Bag(কৃষি ফার্মের উত্তর - পশ্চিম কর্নার),
Bogura Sadar, Bogura",01534667607,Paid,1330,1330,133.3,13.3,120,Yes,Delivered,"2026-01-27 05:55:33","Shingara Banani",Delivery,Parcel
DS260126GN9GLZ,"2026-01-26 10:02:51","Miles | Denim Pant - S	","""N/A""",ZIHAD,"142,MONIPURIPARA",01874709201,Paid,1400,1400,77,7,70,Yes,Delivered,"2026-01-27 14:17:12","Shingara Banani",Delivery,Parcel
DS260126F4D98N,"2026-01-26 10:01:53","Ramy | Zipper Jacket - L","""N/A""","Akramul Hoque Nahid","CNS Tower, Road 17, Block E, Basundhara R/A",01791672105,Paid,1880,1880,69.4,9.4,60,Yes,Delivered,"2026-01-27 08:37:04","Shingara Banani",Delivery,Parcel
DS260126VVAU2L,"2026-01-26 10:01:08","Black | Zipper Jacket - M	","""N/A""","Tahsin Wahid	","House 40/B , Road 11(new), 28 (old), Dhanmondi , Dhaka",01677464719,Paid,1880,1880,79.4,9.4,70,Yes,Delivered,"2026-01-28 09:12:18","Shingara Banani",Delivery,Parcel
DS260126SULLSW,"2026-01-26 10:00:29","Miles | Denim Pant - L                                              Lucas | Denim Pant - L   ","""N/A""","Nafis kibria","167/D/9, corner view, east kafrul road, dhaka",01704918753,Paid,2720,2720,103.6,13.6,90,Yes,Delivered,"2026-01-27 07:38:48","Shingara Banani",Delivery,Parcel
DS260126HZD8NT,"2026-01-26 09:59:31","Miles | Denim Pant - L","""N/A""",naazah,"933/c Khilgaon",01815573213,Paid,1400,1400,77,7,70,Yes,Delivered,"2026-01-27 10:41:08","Shingara Banani",Delivery,Parcel
DS260126U5B6YC,"2026-01-26 09:58:13","Miles | Denim Pant - S","""6743""",ZIHAD,"142,MONIPURIPARA, , , ,",01874709201,Unpaid,1400,0,67,7,60,Yes,"Pickup Cancel","2026-01-26 19:43:45","Shingara Banani",Delivery,Parcel
RS250126KM4SWY,"2026-01-25 15:01:07",,"""no entry return""","SHINGARA PRODUCTION (Shingara HQ)","254 (ROYAL HAFIZ GARDEN) , In front of ibrahimpur primary school, North Ibrahimpur, Dhaka",01731012345,Paid,0,0,0,0,0,No,"Returned To Merchant","2026-01-26 14:20:14","Reverse Logistics @ Pathao",Return,Parcel
DS250126KM4SWY,"2026-01-25 15:00:41",,"""no entry return""","SHINGARA PRODUCTION","254 (ROYAL HAFIZ GARDEN) , In front of ibrahimpur primary school, North Ibrahimpur, Dhaka",01731012345,Paid,0,0,0,0,0,No,Return,"2026-01-25 15:01:05","Shingara HQ",Delivery,Parcel
RS240126GT58EJ,"2026-01-25 13:18:39","Ashford | Denim Pant - XL	","""N/A""","SHINGARA PRODUCTION (Shingara HQ)","254 (ROYAL HAFIZ GARDEN) , In front of ibrahimpur primary school, North Ibrahimpur, Dhaka",01731012345,Paid,0,0,0,0,0,No,"Returned To Merchant","2026-01-26 14:20:14","Reverse Logistics @ Pathao",Return,Parcel
RS240126KA76FA,"2026-01-25 11:17:22","Miles | Denim Pant - L","""N/A""","SHINGARA PRODUCTION (Shingara HQ)","254 (ROYAL HAFIZ GARDEN) , In front of ibrahimpur primary school, North Ibrahimpur, Dhaka",01731012345,Paid,0,0,0,0,0,No,"Returned To Merchant","2026-01-26 14:20:14","Reverse Logistics @ Pathao",Return,Parcel
RE2101264G8FUD,"2026-01-25 11:02:17","Miles | Denim Pant - M","""6718""","SHINGARA PRODUCTION (Shingara HQ)","254 (ROYAL HAFIZ GARDEN) , In front of ibrahimpur primary school, North Ibrahimpur, Dhaka",01731012345,Paid,0,0,0,0,0,No,"Returned To Merchant","2026-01-27 13:59:43","Reverse Logistics @ Pathao",Return,Parcel
RE210126BWZVDT,"2026-01-25 10:51:32","Diego Denim M   , Diego Denim M                          Diego Denim L  , Diego Denim XL                            Diego Denim XL , Diego Denim XL                                    Diego Denim XL  , Hazel Denim s	 exchanged product of DS311225J473G8 exchanged product of ES311225J473G8","""N/A""","SHINGARA PRODUCTION (Shingara HQ)","254 (ROYAL HAFIZ GARDEN) , In front of ibrahimpur primary school, North Ibrahimpur, Dhaka",01731012345,Paid,0,0,0,0,0,No,"Returned To Merchant","2026-01-26 14:20:14","Reverse Logistics @ Pathao",Return,Parcel
DS2501262P8GLV,"2026-01-25 10:03:50","LUCAS DENIM PANT M","""N/A""","Mr Tanin","02 No Urdu Road, Mufti Mawlana Din Mohammad Sarak, Chawk bazar, Dhaka",01511555014,Paid,1730,0,78.65,8.65,70,Yes,Return,"2026-01-26 07:20:22","Shingara Banani",Delivery,Parcel
DS250126YBHEBD,"2026-01-25 09:54:53","LUCAS DENIM PANT S	","""N/A""","Sirat ","Ukil para, Naogaon ,sadar ",01328394885,Paid,1680,0,136.8,16.8,120,Yes,Return,"2026-01-27 10:06:56","Shingara Banani",Delivery,Parcel
DS250126T9CVEX,"2026-01-25 09:45:57","Blanc | Hoodie - XL","""N/A""","Zim	","shiddheshwari Rupayan Sopno Niloy D- 5 . Ramna thana . Dhaka",01341836861,Paid,960,960,74.8,4.8,70,Yes,Delivered,"2026-01-26 07:38:40","Shingara HQ",Delivery,Parcel
DS250126XD6NKJ,"2026-01-25 09:45:07","Miles | Denim Pant - XL                                                   Lucas | Denim Pant - XL	","""N/A""",Nasim,"Flat 303, Building 17, Japan Garden City, Ring Road, Adabor, Dhaka 1207",01718344980,Paid,2720,2720,103.6,13.6,90,Yes,Delivered,"2026-01-26 05:58:28","Shingara Banani",Delivery,Parcel
DS250126XW32YA,"2026-01-25 09:43:51","Ashford | Denim Pant - M","""N/A""","Sadman Turzo","House-12, road-a1, block-A, hasnabad housing society, south keraniganj, Dhaka",01799745456,Paid,1400,1400,114,14,100,Yes,Delivered,"2026-01-26 06:58:53","Shingara Banani",Delivery,Parcel
RS220126KTJCET,"2026-01-24 14:32:37",,"""6724""","SHINGARA PRODUCTION (Shingara HQ)","254 (ROYAL HAFIZ GARDEN) , In front of ibrahimpur primary school, North Ibrahimpur, Dhaka",01731012345,Paid,0,0,0,0,0,No,"Returned To Merchant","2026-01-25 12:55:56","Reverse Logistics @ Pathao",Return,Parcel
RS240126GTBTNG,"2026-01-24 14:08:37",,"""9638""","SHINGARA PRODUCTION (Shingara HQ)","254 (ROYAL HAFIZ GARDEN) , In front of ibrahimpur primary school, North Ibrahimpur, Dhaka",01731012345,Paid,0,0,0,0,0,No,"Returned To Merchant","2026-01-25 12:55:56","Reverse Logistics @ Pathao",Return,Parcel
DS240126GTBTNG,"2026-01-24 14:08:03",,"""9638""","SHINGARA PRODUCTION","Plot 18, Road 4, Block F, Banani 1213, Dhaka",01731012345,Paid,0,0,0,0,0,No,Return,"2026-01-24 14:08:37","Shingara Banani",Delivery,Parcel
RS220126YZGVG6,"2026-01-24 12:06:54","Julian | Zipper Jacket - S","""6725""","SHINGARA PRODUCTION (Shingara HQ)","254 (ROYAL HAFIZ GARDEN) , In front of ibrahimpur primary school, North Ibrahimpur, Dhaka",01731012345,Paid,0,0,0,0,0,No,"Returned To Merchant","2026-01-25 12:55:56","Reverse Logistics @ Pathao",Return,Parcel
DS240126PFZNQX,"2026-01-24 09:52:44","LUCAS DENIM PANT S","""N/A""","Ezaz ahmed	","Ashulia-zirabo,Doctor bari",01793850338,Paid,1630,1630,116.3,16.3,100,Yes,Delivered,"2026-01-25 10:24:48","Shingara Banani",Delivery,Parcel
DS240126XKE7HB,"2026-01-24 09:51:23","Farro | Zipper Jacket - M	","""N/A""","Rashmi Hasan","Uttora agrabad , rongipara , KM hashem valley.Chattogram , unit 2 , flat A6 ",01733076703,Paid,1960,1960,139.6,19.6,120,Yes,Delivered,"2026-01-26 10:37:56","Shingara Banani",Delivery,Parcel
ES2101264G8FUD,"2026-01-24 09:50:00","Miles | Denim Pant - M","""6718""",Tarek,"Flat-5e, 4th Floor, 47 Swamibagh. Dhaka-1100 Mitali Biddapit High School Er Pase, Dhaka City South, Bangladesh, , , ,",01973795089,Paid,730,730,73.65,3.65,70,Yes,Exchange,"2026-01-25 07:48:04","Shingara HQ",Delivery,Parcel
DS240126KA76FA,"2026-01-24 09:48:38","Miles | Denim Pant - L","""N/A""","Saad Bin Ahmed","SKS Tower, 7 VIP Road, Mohakhali, Dhaka-1206",01764441585,Paid,1400,80,70.4,0.4,70,Yes,"Paid Return","2026-01-25 07:42:24","Shingara Banani",Delivery,Parcel
DS240126GT58EJ,"2026-01-24 09:47:22","Ashford | Denim Pant - XL	","""N/A""","Urmin	","15, Shaista Khan Road Lalbagh Dhaka 1211. (4th floor)",01869514537,Paid,1400,80,70.4,0.4,70,Yes,"Paid Return","2026-01-25 09:57:31","Shingara Banani",Delivery,Parcel
DS240126W8EDEN,"2026-01-24 09:46:18","Diego | Denim Jacket - M                                             Hazel | Denim Jacket - M","""N/A""",Sharif,"House 50, Dhanmondi 3/A, Dhaka",01984935657,Paid,3760,3760,108.8,18.8,90,Yes,Delivered,"2026-01-26 07:21:07","Shingara HQ",Delivery,Parcel
DS240126S5D2SZ,"2026-01-24 09:44:43","Miles | Denim Pant - XL                                                  Lucas | Denim Pant - XL","""N/A""","fahmi	","Hotel al saif,shapla Sattar oliabad,teknaf,Coxs bazar",01822537104,Paid,3230,130,151.3,1.3,150,Yes,"Paid Return","2026-01-27 13:04:44","Shingara Banani",Delivery,Parcel
DS2401264HDCSX,"2026-01-24 09:43:08","Miles | Denim Pant - M                                      Ashford | Denim Pant - M","""N/A""",Rayhan,"Munshiganj Sodor Kacari Gh City Center Market",01928205484,Unpaid,3380,0,133.8,33.8,100,Yes,"Pickup Cancel","2026-01-25 17:05:33","Shingara Banani",Delivery,Parcel
DS24012667TUPV,"2026-01-24 09:41:32","Miles | Denim Pant - S","""N/A""",Saif,"Bashundhara R/A, House 93, Road - 14, Block G",01721410750,Paid,1565,1565,77.83,7.83,70,Yes,Delivered,"2026-01-25 11:06:16","Shingara Banani",Delivery,Parcel
RS2201268N98T3,"2026-01-23 13:02:12","Lucas | Denim Pant - M","""6722""","SHINGARA PRODUCTION (Shingara HQ)","254 (ROYAL HAFIZ GARDEN) , In front of ibrahimpur primary school, North Ibrahimpur, Dhaka",01731012345,Paid,0,0,0,0,0,No,"Returned To Merchant","2026-01-24 15:52:53","Reverse Logistics @ Pathao",Return,Parcel
RS220126LXNQX2,"2026-01-23 12:20:18","Miles | Denim Pant - L","""6726""","SHINGARA PRODUCTION (Shingara HQ)","254 (ROYAL HAFIZ GARDEN) , In front of ibrahimpur primary school, North Ibrahimpur, Dhaka",01731012345,Paid,0,0,0,0,0,No,"Returned To Merchant","2026-01-24 15:52:53","Reverse Logistics @ Pathao",Return,Parcel
RE210126NYJJ22,"2026-01-23 09:43:26","Enric | Quarter-Zip - L, Noah | Hoodie - L, Diego | Denim Jacket - L,","""6655""","SHINGARA PRODUCTION (Shingara HQ)","254 (ROYAL HAFIZ GARDEN) , In front of ibrahimpur primary school, North Ibrahimpur, Dhaka",01731012345,Paid,0,0,0,0,0,No,"Returned To Merchant","2026-01-24 15:52:53","Reverse Logistics @ Pathao",Return,Parcel
RE210126H99G6G,"2026-01-22 10:07:53","Hazel Denim Jacket M
Mocha Quarter zip M
Black hoodie M
Jasper denim jacket M
Milo Hoodie S exchanged product of DS08012633KRE6 exchanged product of ES08012633KRE6","""N/A""","SHINGARA PRODUCTION (Shingara HQ)","254 (ROYAL HAFIZ GARDEN) , In front of ibrahimpur primary school, North Ibrahimpur, Dhaka",01731012345,Paid,0,0,0,0,0,No,"Returned To Merchant","2026-01-23 13:28:11","Reverse Logistics @ Pathao",Return,Parcel
DS220126YFFKK7,"2026-01-22 10:01:49","MILES DENIM PANT L	1","""N/A""",Sakib,"Iqbaal road, Shewrapara, Mirpur",01986375075,Paid,1730,1730,78.65,8.65,70,Yes,Delivered,"2026-01-23 06:23:50","Shingara Banani",Delivery,Parcel
DS220126CDRVDG,"2026-01-22 10:01:04","ASHFORD DENIM PANT L                                                         LUCAS DENIM PANT L","""N/A""","Afsan	","Mirpur eastern housing pallabi 2nd phrase Block:B,Road:3,house-251",01410077405,Paid,2910,2910,104.55,14.55,90,Yes,Delivered,"2026-01-23 06:25:42","Shingara Banani",Delivery,Parcel
DS220126LXNQX2,"2026-01-22 09:57:56","Miles | Denim Pant - L","""6726""",Jahid,"Uttara. Diabari.. Nayanagar school math, , , ,",01798895872,Paid,1730,80,70.4,0.4,70,Yes,"Paid Return","2026-01-23 10:09:11","Shingara Banani",Delivery,Parcel
DS220126YZGVG6,"2026-01-22 09:57:42","Julian | Zipper Jacket - S","""6725""",Joy,"House 3, Road 78, Gulshan 2, , , ,",01711133234,Paid,2330,80,60.4,0.4,60,Yes,"Paid Return","2026-01-24 10:35:19","Shingara Banani",Delivery,Parcel
DS220126KTJCET,"2026-01-22 09:57:13",,"""6724""",Raseduzzaman,"53 North Pirerbagh,maiker Dokan,60 Feet,mirpur 2,dhaka, , , ,",01745483846,Paid,4580,80,90.4,0.4,90,Yes,"Paid Return","2026-01-24 11:57:07","Shingara Banani",Delivery,Parcel
DS220126V46RZ9,"2026-01-22 09:56:27","Julian | Zipper Jacket - S","""6723""",Raseduzzaman,"53 North Pirerbagh,maiker Dokan,60 Feet,mirpur 2,dhaka, , , ,",01745483846,Unpaid,2330,0,71.65,11.65,60,Yes,"Pickup Cancel","2026-01-22 09:57:27","Shingara Banani",Delivery,Parcel
DS2201268N98T3,"2026-01-22 09:56:10","Lucas | Denim Pant - M","""6722""","Tawhid khan","833/1 khilgaon -A block, Dhaka 1219, , , ,",01760144565,Paid,1730,80,70.4,0.4,70,Yes,"Paid Return","2026-01-23 11:44:59","Shingara Banani",Delivery,Parcel
DS220126KNFRRA,"2026-01-22 09:55:59","Bruno | Zipper Jacket - M,","""6721""",Rinvey,"Borodhighir Par Fokirpara Hathazari Chittagong",01820347740,Paid,2380,2180,141.8,21.8,120,Yes,Delivered,"2026-01-24 09:43:19","Shingara Banani",Delivery,Parcel
RS210126JNLNZM,"2026-01-22 09:14:30","Miles | Denim Pant - S,","""6720""","SHINGARA PRODUCTION (Shingara HQ)","254 (ROYAL HAFIZ GARDEN) , In front of ibrahimpur primary school, North Ibrahimpur, Dhaka",01731012345,Paid,0,0,0,0,0,No,"Returned To Merchant","2026-01-23 13:28:11","Reverse Logistics @ Pathao",Return,Parcel
RE1901264DV8BK,"2026-01-21 13:08:04","BRUNO ZIPPER JACKET S	 exchanged product of DS1901264DV8BK","""N/A""","SHINGARA PRODUCTION (Shingara HQ)","254 (ROYAL HAFIZ GARDEN) , In front of ibrahimpur primary school, North Ibrahimpur, Dhaka",01731012345,Paid,0,0,60,0,60,No,"Returned To Merchant","2026-01-24 15:52:53","Reverse Logistics @ Pathao",Return,Parcel
RS200126KDEJXU,"2026-01-21 11:37:37","Ashford | Denim Pant - L","""6717""","SHINGARA PRODUCTION (Shingara HQ)","254 (ROYAL HAFIZ GARDEN) , In front of ibrahimpur primary school, North Ibrahimpur, Dhaka",01731012345,Paid,0,0,0,0,0,No,"Returned To Merchant","2026-01-22 10:58:45","Reverse Logistics @ Pathao",Return,Parcel
ES210126NYJJ22,"2026-01-21 09:52:53","Enric | Quarter-Zip - L, Noah | Hoodie - L, Diego | Denim Jacket - L,","""6655""",Nabil,"House 53 Road 2 banani dohs",01753131325,Paid,650,650,108.25,3.25,105,Yes,Exchange,"2026-01-23 06:27:57","Shingara Banani",Delivery,Parcel
ES210126BWZVDT,"2026-01-21 09:52:05","Diego Denim M   , Diego Denim M                          Diego Denim L  , Diego Denim XL                            Diego Denim XL , Diego Denim XL                                    Diego Denim XL  , Hazel Denim s	 exchanged product of DS311225J473G8 exchanged product of ES311225J473G8","""N/A""","Taslim Khan","Shanta Forum Level 15 (Unilever Bangladesh Limited) 
187-188/B
Bit Uttam Mir Shawkat Sarak, Tejgaon&quot;",01322806902,Paid,0,0,70,0,70,No,Exchange,"2026-01-25 06:38:13","Shingara HQ",Delivery,Parcel
ES210126H99G6G,"2026-01-21 09:51:37","Hazel Denim Jacket M
Mocha Quarter zip M
Black hoodie M
Jasper denim jacket M
Milo Hoodie S exchanged product of DS08012633KRE6 exchanged product of ES08012633KRE6","""N/A""","Mahmud Shahriar","H699, road 21, block F, Bashundhara",01842408071,Paid,80,80,70.4,0.4,70,Yes,Exchange,"2026-01-22 08:56:49","Shingara HQ",Delivery,Parcel
DS210126HZ2L2Y,"2026-01-21 09:37:32","ENRIC QUARTER ZIP L                                            BRUNO ZIPPER JACKET L	","""N/A""","Ahnaf amin","House 7 road 72 gulshan 2",01337387822,Paid,4030,4030,110.15,20.15,90,Yes,Delivered,"2026-01-22 08:26:33","Shingara Banani",Delivery,Parcel
DS210126VEYGA7,"2026-01-21 09:36:55","ASHFORD DENIM PANT L    ,    LUCAS DENIM PANT L, 100 BDT PAID","""N/A""","Afsan	","Mirpur eastern housing pallabi 2nd phrase Block:B,Road:3,house-251",01410077405,Unpaid,2910,0,74.55,14.55,60,Yes,"Pickup Cancel","2026-01-23 10:47:16","Shingara Banani",Delivery,Parcel
DS210126JNLNZM,"2026-01-21 09:34:28","Miles | Denim Pant - S,","""6720""",Rony,"Razzak Plaza (Level 10 or Lift 09) 383 Moghbazar, Dhaka, Bangladesh, , , ,",01332843716,Paid,1730,80,70.4,0.4,70,Yes,"Paid Return","2026-01-22 06:45:42","Shingara Banani",Delivery,Parcel
DS210126SEQVKB,"2026-01-21 09:34:15","Ashford | Denim Pant - L,","""6719""",Nafis,"Cox’s Bazar,kalatali, , , ,",01793274019,Paid,1580,1580,135.8,15.8,120,Yes,Delivered,"2026-01-23 11:51:27","Shingara Banani",Delivery,Parcel
DS2101264G8FUD,"2026-01-21 09:34:02","Miles | Denim Pant - M","""6718""",Tarek,"Flat-5e, 4th Floor, 47 Swamibagh. Dhaka-1100 Mitali Biddapit High School Er Pase, Dhaka City South, Bangladesh, , , ,",01973795089,Paid,1730,1730,78.65,8.65,70,Yes,Delivered,"2026-01-22 08:32:42","Shingara Banani",Delivery,Parcel
RS190126JAS8X9,"2026-01-20 12:35:57","Noah | Hoodie - XL	","""N/A""","SHINGARA PRODUCTION (Shingara HQ)","254 (ROYAL HAFIZ GARDEN) , In front of ibrahimpur primary school, North Ibrahimpur, Dhaka",01731012345,Paid,0,0,0,0,0,No,"Returned To Merchant","2026-01-21 12:41:25","Reverse Logistics @ Pathao",Return,Parcel
DS200126KDEJXU,"2026-01-20 10:40:43","Ashford | Denim Pant - L","""6717""",Zahinul,"House-12, Road-5, Sector-3, Uttara",01711739038,Paid,1730,80,70.4,0.4,70,Yes,"Paid Return","2026-01-21 08:57:34","Shingara Banani",Delivery,Parcel
RE1701268JJVBS,"2026-01-20 10:36:49","Diego | Denim Jacket - M exchanged product of DS1701268JJVBS","""6696""","SHINGARA PRODUCTION (Shingara HQ)","254 (ROYAL HAFIZ GARDEN) , In front of ibrahimpur primary school, North Ibrahimpur, Dhaka",01731012345,Paid,0,0,0,0,0,No,"Returned To Merchant","2026-01-21 12:41:25","Reverse Logistics @ Pathao",Return,Parcel
DS200126WY2VHC,"2026-01-20 10:01:18","Ashford | Denim Pant - L","""N/A""","kaarimul hasan","halishahar, h block, lane no-01 , road no - 01, ctg ",01879147763,Paid,1580,1580,135.8,15.8,120,Yes,Delivered,"2026-01-21 07:30:30","Shingara Banani",Delivery,Parcel
DS200126W7JAPB,"2026-01-20 09:08:24","DUNE HOODIE L	","""N/A""","Amit Chandra Sarker 	","pachurmor zero point , Joypurhat Rail gate,     Joypurhat ",01722596990,Paid,850,850,128.5,8.5,120,Yes,Delivered,"2026-01-22 08:46:51","Shingara HQ",Delivery,Parcel
ES1901264DV8BK,"2026-01-20 08:55:17","BRUNO ZIPPER JACKET S	 exchanged product of DS1901264DV8BK","""N/A""","Dhrubo ","dumuria, khulna...dumuria bus stand ",01908789019,Paid,150,150,121.5,1.5,120,Yes,Exchange,"2026-01-21 06:32:37","Shingara Banani",Delivery,Parcel
DS200126J3N475,"2026-01-20 08:50:10","Mocha | Quarter-Zip - L                                             Ashford | Denim Pant - XL  ","""N/A""","Raiyan Mehedi","Uttara, Sector -13, Road-13, House-12, Dhaka-1230
",01705766787,Paid,3100,3100,105.5,15.5,90,Yes,Delivered,"2026-01-21 09:03:35","Shingara Banani",Delivery,Parcel
DS200126ZTVLVQ,"2026-01-20 08:48:58","Farro | Zipper Jacket - XL	","""N/A""",Dhrubo,"120/A anondo house, eastern plus goli, shantinagar",01319403467,Paid,2330,2330,81.65,11.65,70,Yes,Delivered,"2026-01-21 10:09:01","Shingara Banani",Delivery,Parcel
DS200126YF9T8W,"2026-01-20 08:47:44","Bruno | Zipper Jacket - L                                                Noah | Hoodie - L","""N/A""","A K M Nasim","House-3 Road-12 Block-C Section-6 Mirpur Dhaka",01842076111,Paid,3100,3100,105.5,15.5,90,Yes,Delivered,"2026-01-21 05:41:58","Shingara Banani",Delivery,Parcel
RS180126SW8YWU,"2026-01-19 11:53:29","Mocha | Quarter-Zip - M, Julian | Zipper Jacket - M, Ashford | Denim Pant - M, Bruno | Zipper Jacket - M, Miles | Denim Pant - M, Hazel | Zipper Jacket - M","""6707""","SHINGARA PRODUCTION (Shingara HQ)","254 (ROYAL HAFIZ GARDEN) , In front of ibrahimpur primary school, North Ibrahimpur, Dhaka",01731012345,Paid,0,0,0,0,0,No,"Returned To Merchant","2026-01-20 13:43:43","Reverse Logistics @ Pathao",Return,Parcel
RS180126PYYWZG,"2026-01-19 11:35:42","Lucas | Denim Pant - L","""6706""","SHINGARA PRODUCTION (Shingara HQ)","254 (ROYAL HAFIZ GARDEN) , In front of ibrahimpur primary school, North Ibrahimpur, Dhaka",01731012345,Paid,0,0,0,0,0,No,"Returned To Merchant","2026-01-20 13:43:43","Reverse Logistics @ Pathao",Return,Parcel
RS180126Y38CVJ,"2026-01-19 11:24:57","Noah | Hoodie - XL","""6708""","SHINGARA PRODUCTION (Shingara HQ)","254 (ROYAL HAFIZ GARDEN) , In front of ibrahimpur primary school, North Ibrahimpur, Dhaka",01731012345,Paid,0,0,0,0,0,No,"Returned To Merchant","2026-01-20 13:43:43","Reverse Logistics @ Pathao",Return,Parcel
RE100126ZGYKB8,"2026-01-19 10:28:53","Noah | Hoodie - XL exchanged product of DS100126ZGYKB8","""N/A""","SHINGARA PRODUCTION (Shingara HQ)","254 (ROYAL HAFIZ GARDEN) , In front of ibrahimpur primary school, North Ibrahimpur, Dhaka",01731012345,Paid,0,0,0,0,0,No,"Returned To Merchant","2026-01-20 13:43:43","Reverse Logistics @ Pathao",Return,Parcel
ES1701268JJVBS,"2026-01-19 09:45:34","Diego | Denim Jacket - M exchanged product of DS1701268JJVBS","""6696""","Anannyo Hasan","Oasis At Ispahani Colony, Flat 904b, Tower 9, Moghbazar, , , ,",01762002177,Paid,100,100,70.5,0.5,70,Yes,Exchange,"2026-01-20 09:28:00","Shingara HQ",Delivery,Parcel
DS1901264DV8BK,"2026-01-19 09:44:25","BRUNO ZIPPER JACKET S	","""N/A""","Dhrubo ","dumuria, khulna...dumuria bus stand ",01908789019,Paid,2380,2380,143.8,23.8,120,Yes,Delivered,"2026-01-20 06:10:29","Shingara Banani",Delivery,Parcel
DS190126K6GVX5,"2026-01-19 09:43:27","Miles | Denim Pant - M                              Hazel | Zipper Jacket - M","""N/A""","Shahariar islam sanjid","Sector-10,road-4,house-11,lift 4,uttara,dhaka",01799360662,Paid,3590,3590,107.95,17.95,90,Yes,Delivered,"2026-01-20 08:14:44","Shingara Banani",Delivery,Parcel
DS190126GN8FG4,"2026-01-19 09:42:32","Ashford | Denim Pant - S","""N/A""","Sakib	","Bashundhara R/A, block-c, road-3, house-91",01841821880,Paid,1730,1730,78.65,8.65,70,Yes,Delivered,"2026-01-20 08:56:22","Shingara Banani",Delivery,Parcel
DS190126JAS8X9,"2026-01-19 09:42:09","Noah | Hoodie - XL	","""N/A""",Rabbi,"মাতুয়াইল মেডিকেল মুসলিম নগর দোতলা মসজিদ ডেমরা জেলা ঢাকা নাম",01738324199,Paid,1180,80,70.4,0.4,70,Yes,"Paid Return","2026-01-20 11:33:37","Shingara HQ",Delivery,Parcel
RE120126RNJXQ3,"2026-01-18 15:55:31","Mocha quarter Zip XL size	1 exchanged product of DS120126RNJXQ3","""N/A""","SHINGARA PRODUCTION (Shingara HQ)","254 (ROYAL HAFIZ GARDEN) , In front of ibrahimpur primary school, North Ibrahimpur, Dhaka",01731012345,Paid,0,0,0,0,0,No,"Returned To Merchant","2026-01-19 14:18:30","Reverse Logistics @ Pathao",Return,Parcel
RS170126GK9M52,"2026-01-18 13:47:18","Noah | Hoodie - XL","""6695""","SHINGARA PRODUCTION (Shingara HQ)","254 (ROYAL HAFIZ GARDEN) , In front of ibrahimpur primary school, North Ibrahimpur, Dhaka",01731012345,Paid,0,0,0,0,0,No,"Returned To Merchant","2026-01-19 14:18:30","Reverse Logistics @ Pathao",Return,Parcel
RS1701269XZ826,"2026-01-18 13:30:15","Lucas | Denim Pant - L	1","""N/A""","SHINGARA PRODUCTION (Shingara HQ)","254 (ROYAL HAFIZ GARDEN) , In front of ibrahimpur primary school, North Ibrahimpur, Dhaka",01731012345,Paid,0,0,0,0,0,No,"Returned To Merchant","2026-01-20 13:43:43","Reverse Logistics @ Pathao",Return,Parcel
RS170126QALNVN,"2026-01-18 12:55:42","Lucas | Denim Pant - L","""6697""","SHINGARA PRODUCTION (Shingara HQ)","254 (ROYAL HAFIZ GARDEN) , In front of ibrahimpur primary school, North Ibrahimpur, Dhaka",01731012345,Paid,0,0,0,0,0,No,"Returned To Merchant","2026-01-19 14:18:30","Reverse Logistics @ Pathao",Return,Parcel
RE110126L27QKU,"2026-01-18 12:45:44","Enric | Quarter-Zip - L, Noah | Hoodie - L, Diego | Denim Jacket - L, exchanged product of DS110126L27QKU","""6655""","SHINGARA PRODUCTION (Shingara HQ)","254 (ROYAL HAFIZ GARDEN) , In front of ibrahimpur primary school, North Ibrahimpur, Dhaka",01731012345,Paid,0,0,0,0,0,No,"Returned To Merchant","2026-01-19 14:18:30","Reverse Logistics @ Pathao",Return,Parcel
RS1701262MG4GP,"2026-01-18 11:24:59","Ramy | Zipper Jacket - Xl","""6698""","SHINGARA PRODUCTION (Shingara HQ)","254 (ROYAL HAFIZ GARDEN) , In front of ibrahimpur primary school, North Ibrahimpur, Dhaka",01731012345,Paid,0,0,0,0,0,No,"Returned To Merchant","2026-01-19 14:18:30","Reverse Logistics @ Pathao",Return,Parcel
DS180126UDW8T2,"2026-01-18 10:22:36","BLUE DENIM JACKET (L size)     357 BDT  ADVNC.","""N/A""","Shila       (Shahtaj)","O.R nizam r/a, road 1, house 6, flat A1, GEC, Chattogram",01716992630,Paid,1730,1730,137.3,17.3,120,Yes,Delivered,"2026-01-20 07:27:20","Shingara Banani",Delivery,Parcel
ES100126ZGYKB8,"2026-01-18 09:58:25","Noah | Hoodie - XL exchanged product of DS100126ZGYKB8","""N/A""",Fahamida,"House 24, Road 3, B block, Aftabnagar",01823550306,Paid,80,80,70.4,0.4,70,Yes,Exchange,"2026-01-19 06:16:10","Shingara HQ",Delivery,Parcel
DS1801264B9ECQ,"2026-01-18 09:57:43","NOAH HOODIE S                                                          NOAH HOODIE L","""N/A""",Piya,"KA-230/B, Walton plaza road,Kuril. Dhaka-1229",01304196076,Paid,2080,2080,100.4,10.4,90,Yes,Delivered,"2026-01-19 13:25:06","Shingara HQ",Delivery,Parcel
DS1801262K7RXV,"2026-01-18 09:56:50","Lucas | Denim Pant - L","""6710""",Sheikh,"68/B DIT Road, Malibagh, Chowdhurypara Sonali Life Insurance Company Limited",01755500123,Paid,1730,1730,78.65,8.65,70,Yes,Delivered,"2026-01-19 06:01:23","Shingara Banani",Delivery,Parcel
DS180126H8MUFY,"2026-01-18 09:56:29","Ashford | Denim Pant - M","""6709""","Fardin Shadab","Navy housing unit, Shaheenbagh, Dhaka, , , ,",01767933501,Paid,1730,1730,78.65,8.65,70,Yes,Delivered,"2026-01-19 11:27:25","Shingara Banani",Delivery,Parcel
DS180126SW8YWU,"2026-01-18 09:56:10","Mocha | Quarter-Zip - M, Julian | Zipper Jacket - M, Ashford | Denim Pant - M, Bruno | Zipper Jacket - M, Miles | Denim Pant - M, Hazel | Zipper Jacket - M","""6707""",Rumman,"House:12 , road : 28 , Uttara sector : 7",01713227506,Paid,10200,8200,176,41,135,Yes,"Partial Delivery","2026-01-19 10:12:31","Shingara Banani",Delivery,Parcel
DS180126PYYWZG,"2026-01-18 09:53:46","Lucas | Denim Pant - L","""6706""",Moinul,"985/1 east shewrapara kafrul Dhaka-1216",01873362687,Paid,1570,80,70.4,0.4,70,Yes,"Paid Return","2026-01-19 07:37:14","Shingara Banani",Delivery,Parcel
DS18012642XWBU,"2026-01-18 09:53:24","Black | Zipper Jacket - M","""6705""","Tabassum Arshi","Sheltech Ahmed\&#039;s Amber, House 125, road 9A, dhanmondi west, arman khan goli",01682198272,Paid,2110,2110,80.55,10.55,70,Yes,Delivered,"2026-01-19 10:38:22","Shingara Banani",Delivery,Parcel
DS180126VPHDSE,"2026-01-18 09:52:55","Miles | Denim Pant - S","""6704""","Mehtab Khan","House 515, Road 11, Block K, Basundhara R/A, , , ,",01794005009,Paid,1730,1730,78.65,8.65,70,Yes,Delivered,"2026-01-19 08:22:53","Shingara Banani",Delivery,Parcel
DS180126Y38CVJ,"2026-01-18 09:51:40","Noah | Hoodie - XL","""6708""",Dexter,"Name : Dexter Address : Gulshan 1 Road-116 House-23 Flat-A3, , , ,",01784531580,Paid,1180,80,70.4,0.4,70,Yes,"Paid Return","2026-01-19 09:40:36","Shingara HQ",Delivery,Parcel
RE08012633KRE6,"2026-01-17 13:48:05","Hazel Denim Jacket M
Mocha Quarter zip M
Black hoodie M
Jasper denim jacket M
Milo Hoodie S exchanged product of DS08012633KRE6","""N/A""","SHINGARA PRODUCTION (Shingara HQ)","254 (ROYAL HAFIZ GARDEN) , In front of ibrahimpur primary school, North Ibrahimpur, Dhaka",01731012345,Paid,0,0,0,0,0,No,"Returned To Merchant","2026-01-18 14:14:44","Reverse Logistics @ Pathao",Return,Parcel
ES110126L27QKU,"2026-01-17 09:52:17","Enric | Quarter-Zip - L, Noah | Hoodie - L, Diego | Denim Jacket - L, exchanged product of DS110126L27QKU","""6655""",Nabil,"House 53 Road 2 banani dohs",01753131325,Paid,80,0,90.4,0.4,90,Yes,Return,"2026-01-18 09:38:01","Shingara HQ",Delivery,Parcel
DS170126F8RBAZ,"2026-01-17 09:51:07","JULIAN ZIPPER JACKET XL	1, 200 BDT PAID","""N/A""","Sougata ","jhalakathi,jhalakathi sadar, peajpottir mor",01727332299,Paid,2180,2180,141.8,21.8,120,Yes,Delivered,"2026-01-18 07:57:52","Shingara Banani",Delivery,Parcel
DS1701269XZ826,"2026-01-17 09:50:11","Lucas | Denim Pant - L	1","""N/A""","Sajib	","Cha118/6,maruf hasan surma nicaton,badda general hospital road,north badda,dhaka",01902363858,Paid,1730,80,70.4,0.4,70,Yes,"Paid Return","2026-01-18 11:09:52","Shingara Banani",Delivery,Parcel
DS170126L8HR9F,"2026-01-17 09:49:23","DIEGO DENIM JACKET L	1, 200 advnc","""N/A""","Nadim Mahamud	","nadim south keranigaj dhaka istan bazar ",01929151127,Paid,2230,2230,122.3,22.3,100,Yes,Delivered,"2026-01-18 07:37:21","Shingara HQ",Delivery,Parcel
DS170126MRGG7R,"2026-01-17 09:46:22","Bruno | Zipper Jacket - M","""6702""","Tareq islam","House 5 Road 4 block E, Banasree, Rampura, dhaka, , , ,",01688930118,Paid,2110,2110,80.55,10.55,70,Yes,Delivered,"2026-01-18 09:35:04","Shingara HQ",Delivery,Parcel
DS170126R458P5,"2026-01-17 09:46:07","Lucas | Denim Pant - M","""6701""",Jim,"7no Sector /26 No Rode /18 No House/uttara, , , ,",01319674586,Paid,1730,1730,78.65,8.65,70,Yes,Delivered,"2026-01-18 07:16:40","Shingara Banani",Delivery,Parcel
DS170126F76PUA,"2026-01-17 09:45:47","Julian | Zipper Jacket - M, Roman | Zipper Jacket - M","""6700""",Nawaz,"Road 24 House 2a Flat B2 Gulshan 1, , , ,",01310817474,Paid,4580,4580,112.9,22.9,90,Yes,Delivered,"2026-01-18 08:32:42","Shingara Banani",Delivery,Parcel
DS170126NLPHDY,"2026-01-17 09:44:48","Lucas | Denim Pant - M","""6699""","Junaid Anik","312/4/S3, Building Name: Bangla Kunjo-2, Lalkuthi 1st Colony Road, Tolarbag 3 No. Gate, Mirpur-1, Dhaka, , , ,",01721535789,Paid,1730,1730,78.65,8.65,70,Yes,Delivered,"2026-01-18 09:23:57","Shingara Banani",Delivery,Parcel
DS1701262MG4GP,"2026-01-17 09:44:34","Ramy | Zipper Jacket - Xl","""6698""","ROBIUL HASAN","BADSHA mia road,bhotto chottor,road-10,gk tower ,demra ,dhaka, , , ,",01995674126,Paid,2110,70,70.35,0.35,70,Yes,"Paid Return","2026-01-18 10:41:17","Shingara Banani",Delivery,Parcel
DS170126QALNVN,"2026-01-17 09:44:11","Lucas | Denim Pant - L","""6697""",Miraj,"House 48,.raod 8, blick d,.Niketon., , , ,",01799932345,Paid,1730,80,70.4,0.4,70,Yes,"Paid Return","2026-01-18 07:19:33","Shingara Banani",Delivery,Parcel
DS1701268JJVBS,"2026-01-17 09:43:18","Diego | Denim Jacket - M","""6696""","Anannyo Hasan","Oasis At Ispahani Colony, Flat 904b, Tower 9, Moghbazar, , , ,",01762002177,Paid,2150,2150,80.75,10.75,70,Yes,Delivered,"2026-01-18 07:55:42","Shingara HQ",Delivery,Parcel
DS170126GK9M52,"2026-01-17 09:42:38","Noah | Hoodie - XL","""6695""",Farzana,"Mirpur DOHS road 3 house 252, , , ,",01771455145,Paid,1180,0,75.9,5.9,70,Yes,Return,"2026-01-18 09:38:02","Shingara HQ",Delivery,Parcel
RE140126RZTPRD,"2026-01-17 09:05:27","Mocha | Quarter-Zip - S exchanged product of DS140126RZTPRD","""6682""","SHINGARA PRODUCTION (Shingara HQ)","254 (ROYAL HAFIZ GARDEN) , In front of ibrahimpur primary school, North Ibrahimpur, Dhaka",01731012345,Paid,0,0,0,0,0,No,"Returned To Merchant","2026-01-18 14:14:44","Reverse Logistics @ Pathao",Return,Parcel
RE160126XDYXX3,"2026-01-17 07:46:34","Hazel | Denim Jacket - L exchanged product of DS1001269QC5WW exchanged product of ES1001269QC5WW","""N/A""","SHINGARA PRODUCTION (Shingara HQ)","254 (ROYAL HAFIZ GARDEN) , In front of ibrahimpur primary school, North Ibrahimpur, Dhaka",01731012345,Paid,0,0,0,0,0,No,"Returned To Merchant","2026-01-18 14:14:44","Reverse Logistics @ Pathao",Return,Parcel
RS130126PWLVH2,"2026-01-16 16:22:12","MILES DENIM M	1	","""N/A""","SHINGARA PRODUCTION (Shingara HQ)","254 (ROYAL HAFIZ GARDEN) , In front of ibrahimpur primary school, North Ibrahimpur, Dhaka",01731012345,Paid,0,0,60,0,60,No,"Returned To Merchant","2026-01-20 13:43:43","Reverse Logistics @ Pathao",Return,Parcel
RE1001266P2W7U,"2026-01-16 11:26:30","Navajo zipper jacket L	 exchanged product of DS1001266P2W7U","""N/A""","SHINGARA PRODUCTION (Shingara HQ)","254 (ROYAL HAFIZ GARDEN) , In front of ibrahimpur primary school, North Ibrahimpur, Dhaka",01731012345,Paid,0,0,60,0,60,No,"Returned To Merchant","2026-01-19 14:18:30","Reverse Logistics @ Pathao",Return,Parcel
DS160126N65CZM,"2026-01-16 10:45:22","Lucas | Denim Pant - L","""6693""","Shams Shahriar","West raja bazar moshjid, panthapath, tejgoan",01792458899,Paid,1730,1730,78.65,8.65,70,Yes,Delivered,"2026-01-17 09:22:20","Shingara HQ",Delivery,Parcel
DS160126Q3LPW9,"2026-01-16 10:44:56","Julian | Zipper Jacket - S","""6692""",Anika,"House 104/A/16 Azmeri villa, zafrabad buddhijibi road (shongkor), dhanmondi, dhaka. 01843896988",01843896988,Paid,2110,2110,70.55,10.55,60,Yes,Delivered,"2026-01-17 09:12:56","Shingara HQ",Delivery,Parcel
DS160126PZAE5H,"2026-01-16 10:42:56","RAMY ZIPPER JACKET M	1, 200 advance ","""N/A""","Tahmid Hossain Chowdhury ","Ali ahmed chowdhury bari, pran hari das road,boshir shah majar er dokkhin pashe,south kattali, halishahar,Chittagong.														",01617702224,Paid,2070,2070,140.7,20.7,120,Yes,Delivered,"2026-01-17 07:18:40","Shingara HQ",Delivery,Parcel
DS1601264W2JFP,"2026-01-16 09:53:34","DIEGO DENIM JACKET XL	1, 200 advnc","""N/A""","Nadim Mahamud","nadim south keranigaj dhaka istan bazar ",01929151127,Unpaid,2230,0,102.3,22.3,80,Yes,"Pickup Failed","2026-01-18 23:59:59","Shingara HQ",Delivery,Parcel
ES120126RNJXQ3,"2026-01-16 09:52:42","Mocha quarter Zip XL size	1 exchanged product of DS120126RNJXQ3","""N/A"""," tamzid hasan","gandaria dhaka dhupkhola bazar",01796814126,Paid,100,100,70.5,0.5,70,Yes,Exchange,"2026-01-18 14:36:09","Shingara HQ",Delivery,Parcel
ES08012633KRE6,"2026-01-16 09:51:55","Hazel Denim Jacket M
Mocha Quarter zip M
Black hoodie M
Jasper denim jacket M
Milo Hoodie S exchanged product of DS08012633KRE6","""N/A""","Mahmud Shahriar","H699, road 21, block F, Bashundhara",01842408071,Paid,200,200,91,1,90,Yes,Exchange,"2026-01-17 07:33:47","Shingara HQ",Delivery,Parcel
ES160126XDYXX3,"2026-01-16 09:51:15","Hazel | Denim Jacket - L exchanged product of DS1001269QC5WW exchanged product of ES1001269QC5WW","""N/A""","Salmi Rahman","BASTU SHAILY 1/A, Greenway road, Boro Mogbazar. Floor: A-4 (ওয়্যারলেস রে",01739123325,Paid,0,0,70,0,70,No,Exchange,"2026-01-17 04:21:05","Shingara HQ",Delivery,Parcel
ES140126RZTPRD,"2026-01-16 09:50:18","Mocha | Quarter-Zip - S exchanged product of DS140126RZTPRD","""6682""","Tareq Akond","House:166,Near Blue Bird Kids School, South Dania Shahi Mosjid Road,Sonir Akhra,Jatrabari,Dhaka-1236, , , ,",01798199043,Paid,0,0,70,0,70,No,Exchange,"2026-01-17 08:39:40","Shingara HQ",Delivery,Parcel
DS1601269Y4NME,"2026-01-16 09:49:39","Milo | Hoodie - L,","""6691""","Aftab Al Mahmud","Flat-C3 ,House-67/A , Dhanmondi-11/A ,Dhaka, , , ,",01835463385,Paid,1070,1070,75.35,5.35,70,Yes,Delivered,"2026-01-17 05:51:12","Shingara HQ",Delivery,Parcel
RE1001269QC5WW,"2026-01-16 06:56:55","Hazel | Denim Jacket - L exchanged product of DS1001269QC5WW","""N/A""","SHINGARA PRODUCTION (Shingara HQ)","254 (ROYAL HAFIZ GARDEN) , In front of ibrahimpur primary school, North Ibrahimpur, Dhaka",01731012345,Paid,0,0,0,0,0,No,"Returned To Merchant","2026-01-17 12:38:36","Reverse Logistics @ Pathao",Return,Parcel
RS120126X8GYUE,"2026-01-16 04:59:28","Miles | Denim Pant - S","""6663""","SHINGARA PRODUCTION (Shingara HQ)","254 (ROYAL HAFIZ GARDEN) , In front of ibrahimpur primary school, North Ibrahimpur, Dhaka",01731012345,Paid,0,0,0,0,0,No,"Returned To Merchant","2026-01-17 12:38:36","Reverse Logistics @ Pathao",Return,Parcel
RS140126DT4M3R,"2026-01-15 15:25:10","Dune | Hoodie - L","""6681""","SHINGARA PRODUCTION (Shingara HQ)","254 (ROYAL HAFIZ GARDEN) , In front of ibrahimpur primary school, North Ibrahimpur, Dhaka",01731012345,Paid,0,0,0,0,0,No,"Returned To Merchant","2026-01-17 12:38:36","Reverse Logistics @ Pathao",Return,Parcel
RS140126LD5JQ8,"2026-01-15 14:48:31","Lucas denim L","""N/A""","SHINGARA PRODUCTION (Shingara HQ)","254 (ROYAL HAFIZ GARDEN) , In front of ibrahimpur primary school, North Ibrahimpur, Dhaka",01731012345,Paid,0,0,0,0,0,No,"Returned To Merchant","2026-01-16 13:34:23","Reverse Logistics @ Pathao",Return,Parcel
RS140126XZLE6P,"2026-01-15 14:35:30","Enric | Quarter-Zip - M","""6680""","SHINGARA PRODUCTION (Shingara HQ)","254 (ROYAL HAFIZ GARDEN) , In front of ibrahimpur primary school, North Ibrahimpur, Dhaka",01731012345,Paid,0,0,50,0,50,No,"Returned To Merchant","2026-01-16 13:34:23","Reverse Logistics @ Pathao",Return,Parcel
RS140126GR7GMM,"2026-01-15 11:33:12","Lucas | Denim Pant - L","""6684""","SHINGARA PRODUCTION (Shingara HQ)","254 (ROYAL HAFIZ GARDEN) , In front of ibrahimpur primary school, North Ibrahimpur, Dhaka",01731012345,Paid,0,0,0,0,0,No,"Returned To Merchant","2026-01-16 13:34:23","Reverse Logistics @ Pathao",Return,Parcel
DS150126QLVVAU,"2026-01-15 09:57:00","BLACK ZIPPER JACKET L	","""N/A""","Ahamed Estieak Esty","Bagbari, Lakshmipur Pouro 1no ward, Lakshmipur Sadar",01776779140,Paid,2180,2180,141.8,21.8,120,Yes,Delivered,"2026-01-17 08:54:45","Shingara Banani",Delivery,Parcel
DS1501268PR8JE,"2026-01-15 09:56:12","BLACK ZIPPER JACKET L	","""N/A""",Digonto,"C Block, Road-1,House -29,Basundhara RA",01876786055,Paid,2330,2330,81.65,11.65,70,Yes,Delivered,"2026-01-16 07:15:45","Shingara Banani",Delivery,Parcel
DS150126UBKMXB,"2026-01-15 09:54:57","Bruno | Zipper Jacket - M","""N/A""",Aanan,"Flat: B2
House: 15/9E Modhubag (Genius Islamic School), Moghbazar &quot;",01680829420,Paid,2220,2220,81.1,11.1,70,Yes,Delivered,"2026-01-16 06:58:06","Shingara Banani",Delivery,Parcel
ES1001269QC5WW,"2026-01-15 09:54:15","Hazel | Denim Jacket - L exchanged product of DS1001269QC5WW","""N/A""","Salmi Rahman","BASTU SHAILY 1/A, Greenway road, Boro Mogbazar. Floor: A-4 (ওয়্যারলেস রে",01739123325,Paid,0,0,70,0,70,No,Exchange,"2026-01-16 04:02:53","Shingara HQ",Delivery,Parcel
DS150126YUD5DZ,"2026-01-15 09:50:44","Bruno | Zipper Jacket - M","""6688""",Ahad,"Mohammadpur townhall 14/31 shajhan road, , , ,",01707369963,Paid,2220,2110,80.55,10.55,70,Yes,Delivered,"2026-01-18 10:21:52","Shingara Banani",Delivery,Parcel
DS15012672W4T8,"2026-01-15 09:50:27","Julian | Zipper Jacket - L","""6687""","Shiabul Amin","House 2a apt e2 road 63 gulshan 2, apt name prantik, , , ,",01741257256,Paid,2330,2330,81.65,11.65,70,Yes,Delivered,"2026-01-16 10:15:18","Shingara Banani",Delivery,Parcel
DS150126R2MTXZ,"2026-01-15 09:50:14","Blanc | Hoodie - M","""6686""","Rokshana Akhter","Bashundhara R/A A Block 5no road",01892195530,Paid,1130,1130,75.65,5.65,70,Yes,Delivered,"2026-01-16 07:07:57","Shingara HQ",Delivery,Parcel
RS1201265JA28A,"2026-01-15 09:46:56","Jasper | Denim Jacket - XL","""6670""","SHINGARA PRODUCTION (Shingara HQ)","254 (ROYAL HAFIZ GARDEN) , In front of ibrahimpur primary school, North Ibrahimpur, Dhaka",01731012345,Paid,0,0,60,0,60,No,"Returned To Merchant","2026-01-17 12:38:36","Reverse Logistics @ Pathao",Return,Parcel
RS120126LPWCUV,"2026-01-14 15:39:16","MILES DENIM PANT M	1","""N/A""","SHINGARA PRODUCTION (Shingara HQ)","254 (ROYAL HAFIZ GARDEN) , In front of ibrahimpur primary school, North Ibrahimpur, Dhaka",01731012345,Paid,0,0,0,0,0,No,"Returned To Merchant","2026-01-15 13:15:52","Reverse Logistics @ Pathao",Return,Parcel
RE130126TRFVPB,"2026-01-14 14:42:27","Ashford | Denim Pant - M, Lucas | Denim Pant - S exchanged product of DS301225P4K4ZJ","""6543""","SHINGARA PRODUCTION (Shingara HQ)","254 (ROYAL HAFIZ GARDEN) , In front of ibrahimpur primary school, North Ibrahimpur, Dhaka",01731012345,Paid,0,0,0,0,0,No,"Returned To Merchant","2026-01-15 13:15:52","Reverse Logistics @ Pathao",Return,Parcel
RE110126H9V32R,"2026-01-14 11:08:20","RAMY L exchanged product of DS110126H9V32R","""N/A""","SHINGARA PRODUCTION (Shingara HQ)","254 (ROYAL HAFIZ GARDEN) , In front of ibrahimpur primary school, North Ibrahimpur, Dhaka",01731012345,Paid,0,0,0,0,0,No,"Returned To Merchant","2026-01-15 13:15:52","Reverse Logistics @ Pathao",Return,Parcel
RS130126YS3GEY,"2026-01-14 10:45:04","Miles | Denim Pant - XL,","""6674""","SHINGARA PRODUCTION (Shingara HQ)","254 (ROYAL HAFIZ GARDEN) , In front of ibrahimpur primary school, North Ibrahimpur, Dhaka",01731012345,Paid,0,0,0,0,0,No,"Returned To Merchant","2026-01-15 13:15:52","Reverse Logistics @ Pathao",Return,Parcel
DS140126ZBRRTV,"2026-01-14 10:39:42","Enric | Quarter-Zip - M","""6685""",Nabila,"Mirpur 6 , Unit 1, Rojonigandha L-2, F-202",01715446230,Paid,1779,1779,78.9,8.9,70,Yes,Delivered,"2026-01-16 09:52:06","Shingara HQ",Delivery,Parcel
DS1401267C3FYL,"2026-01-14 10:37:27","Dune hoodie L","""N/A""",Seam,"Bashundhara Riverview South Keranigong Dhaka
B block 17 number road 521 no basha",01301371991,Paid,1180,1180,111.8,11.8,100,Yes,Delivered,"2026-01-15 05:59:02","Shingara HQ",Delivery,Parcel
DS140126JRSS5V,"2026-01-14 10:28:39","LUCas | Denim Pant - M
BLACK ZIPPER JACKET L","""N/A""",sadi,"Chottogram, Raozan,kundushori,Mosjid 																	",01843478675,Paid,3650,3650,186.5,36.5,150,Yes,Delivered,"2026-01-16 12:19:45","Shingara Banani",Delivery,Parcel
DS140126LD5JQ8,"2026-01-14 10:25:01","Lucas denim L","""N/A""","Nafisul Haque Sajid","Sector 7, Road 16, House 3, Flat 4B, Uttara, Dhaka,",01890331431,Paid,1650,80,70.4,0.4,70,Yes,"Paid Return","2026-01-15 12:45:48","Shingara Banani",Delivery,Parcel
DS140126GR7GMM,"2026-01-14 06:33:24","Lucas | Denim Pant - L","""6684""","Babu Rajib","Bashundhara Residential Block-F Road-19 House-604, , , ,",01799300000,Paid,1730,80,70.4,0.4,70,Yes,"Paid Return","2026-01-15 09:59:15","Shingara Banani",Delivery,Parcel
DS140126XNGCSH,"2026-01-14 06:32:20","Roman | Zipper Jacket - L","""6683""",Sagar,"House-84,Road-05,Block-F,Banani,Dhaka, , , ,",01682619228,Paid,2330,2330,71.65,11.65,60,Yes,Delivered,"2026-01-15 09:38:19","Shingara Banani",Delivery,Parcel
DS140126RZTPRD,"2026-01-14 06:31:22","Mocha | Quarter-Zip - S","""6682""","Tareq Akond","House:166,Near Blue Bird Kids School, South Dania Shahi Mosjid Road,Sonir Akhra,Jatrabari,Dhaka-1236, , , ,",01798199043,Paid,1694,1694,78.47,8.47,70,Yes,Delivered,"2026-01-15 10:22:00","Shingara HQ",Delivery,Parcel
DS140126DT4M3R,"2026-01-14 06:30:37","Dune | Hoodie - L","""6681""","সিপন দাস বাওয়ান","মিরনজিল্লা সুইপার কলোনি কোয়াটার পাকিস্তান মাঠ বংশাল, , , ,",01975004630,Paid,1180,0,75.9,5.9,70,Yes,Return,"2026-01-15 13:26:58","Shingara HQ",Delivery,Parcel
DS140126XZLE6P,"2026-01-14 06:29:37","Enric | Quarter-Zip - M","""6680""",Farhan,"Chasara, , , ,",01312537238,Paid,1830,0,118.3,18.3,100,Yes,Return,"2026-01-15 13:26:57","Shingara HQ",Delivery,Parcel
DS140126QGSDV5,"2026-01-14 06:27:46","Ashford | Denim Pant - M,","""6679""","Kazi Farhana","Banani Dohs, Masjid Road, House 107, Lift - 3, , , ,",01761086278,Paid,1730,1730,78.65,8.65,70,Yes,Delivered,"2026-01-15 06:08:23","Shingara Banani",Delivery,Parcel
DS1401267GVTE5,"2026-01-14 06:27:07",,"""6677""","Sabbir Ahmmed","Medinova,Shantikunjo mor,Tangail, , , ,",01780016628,Paid,2180,2180,121.8,21.8,100,Yes,Delivered,"2026-01-15 09:35:42","Shingara Banani",Delivery,Parcel
RS120126QP88ZM,"2026-01-13 15:17:57","Blanc | Hoodie - L","""6661""","SHINGARA PRODUCTION (Shingara HQ)","254 (ROYAL HAFIZ GARDEN) , In front of ibrahimpur primary school, North Ibrahimpur, Dhaka",01731012345,Paid,0,0,60,0,60,No,"Returned To Merchant","2026-01-17 12:38:36","Reverse Logistics @ Pathao",Return,Parcel
RS120126H5TLVY,"2026-01-13 14:39:38","Noah | Hoodie - S","""6668""","SHINGARA PRODUCTION (Shingara HQ)","254 (ROYAL HAFIZ GARDEN) , In front of ibrahimpur primary school, North Ibrahimpur, Dhaka",01731012345,Paid,0,0,0,0,0,No,"Returned To Merchant","2026-01-14 11:36:10","Reverse Logistics @ Pathao",Return,Parcel
RS1201268N4AX4,"2026-01-13 11:54:19","Miles | Denim Pant - XL","""6662""","SHINGARA PRODUCTION (Shingara HQ)","254 (ROYAL HAFIZ GARDEN) , In front of ibrahimpur primary school, North Ibrahimpur, Dhaka",01731012345,Paid,0,0,0,0,0,No,"Returned To Merchant","2026-01-14 11:36:10","Reverse Logistics @ Pathao",Return,Parcel
RE100126YP76CN,"2026-01-13 10:55:54","LUCAS DENIM PANT S                                                                                   JULIAN ZIPPER JACKET S	 exchanged product of DS100126YP76CN","""N/A""","SHINGARA PRODUCTION (Shingara HQ)","254 (ROYAL HAFIZ GARDEN) , In front of ibrahimpur primary school, North Ibrahimpur, Dhaka",01731012345,Paid,0,0,0,0,0,No,"Returned To Merchant","2026-01-14 11:36:10","Reverse Logistics @ Pathao",Return,Parcel
ES110126H9V32R,"2026-01-13 09:30:19","RAMY L exchanged product of DS110126H9V32R","""N/A""","Mursalin Ashraf","Bashundhara R/A
Block:H
Road: Afroza Begum Road
House:272/B",01324438819,Paid,100,100,70.5,0.5,70,Yes,Exchange,"2026-01-14 07:39:07","Shingara Banani",Delivery,Parcel
DS130126ZBXPH2,"2026-01-13 09:26:49","Hazel | Denim Jacket - XL","""6676""",Farhan,"6/1 Kayes Residence, Jhautola, Rajpara Thana, Rajshahi-6000",01976454085,Paid,2429,2230,142.3,22.3,120,Yes,Delivered,"2026-01-16 10:39:09","Shingara HQ",Delivery,Parcel
DS130126J47CSG,"2026-01-13 09:26:35","Julian | Zipper Jacket - XL","""6675""",Sauvik,"Dhanmondi road 5 house no. 8 (Shanta the spring) A10 1205, , , ,",01972151668,Paid,2330,2330,81.65,11.65,70,Yes,Delivered,"2026-01-14 07:02:27","Shingara Banani",Delivery,Parcel
DS130126YS3GEY,"2026-01-13 09:26:15","Miles | Denim Pant - XL,","""6674""","Syed Imran Iqbal","House 31 Road 07 Sector 03 Uttara",01774778731,Paid,1650,80,70.4,0.4,70,Yes,"Paid Return","2026-01-14 10:11:16","Shingara HQ",Delivery,Parcel
DS1301264LY4NC,"2026-01-13 09:25:53","Lucas | Denim Pant - L","""6673""","Sayemun Rahman Tasind","19, 19/1, DC Ray Road, Medisun healthcare Building, Mitford Road(Beside Dhaka Hospital), 5th Floor(5C), , , ,",01707867291,Paid,1730,1730,78.65,8.65,70,Yes,Delivered,"2026-01-14 06:33:43","Shingara Banani",Delivery,Parcel
DS130126AU8E5S,"2026-01-13 09:25:40","Diego | Denim Jacket - XL,","""6672""",Nafi,"415 Kazi Tower, Senpara Parbata, Mirpur., , , ,",01305507297,Paid,2270,2270,81.35,11.35,70,Yes,Delivered,"2026-01-14 05:49:45","Shingara HQ",Delivery,Parcel
DS130126PWLVH2,"2026-01-13 09:25:15","MILES DENIM M	1	","""N/A""","Rishad chy ","RahmannagaR HillvieW 
Road no- 2
Block no- 36/A
KadeR mansion 
Chittagong ",01616117560,Paid,1580,0,135.8,15.8,120,Yes,Return,"2026-01-16 11:42:46","Shingara Banani",Delivery,Parcel
ES1001266P2W7U,"2026-01-13 09:24:08","Navajo zipper jacket L	 exchanged product of DS1001266P2W7U","""N/A""",Mehrab,"Maijdee Court, Noakhali",01400977403,Paid,0,0,120,0,120,No,Exchange,"2026-01-16 09:09:08","Shingara Banani",Delivery,Parcel
DS1301267ETXG3,"2026-01-13 09:22:23","BRUNO ZIPPER JACKET XL	1","""N/A""","Ahnaf Tahmid Fatin","271/1, Mannan Sharani Road, West Shewrapara, Mirpur, Dhaka.",01301701200,Paid,2330,2330,81.65,11.65,70,Yes,Delivered,"2026-01-14 10:17:45","Shingara Banani",Delivery,Parcel
DS130126M4R2RK,"2026-01-13 09:21:50","MUAVE HOODIE L	1	","""N/A""","Soyeb Abir","Faridpur Bhanga,Nurpur, Bokul Tola",01865114374,Paid,1030,1030,130.3,10.3,120,Yes,Delivered,"2026-01-15 07:48:18","Shingara HQ",Delivery,Parcel
DS130126E3JEEG,"2026-01-13 09:21:19","BLANC HOODIE L
NOAH BLACK HOODIE L
MILO HOODIE L&quot;","""N/A""",Seam,"Bashundhara Riverview South Keranigong Dhaka
B block 17 number road 521 no basha",01301371991,Paid,3400,3400,179,34,145,Yes,Delivered,"2026-01-14 11:26:27","Shingara HQ",Delivery,Parcel
DS130126HR3PCA,"2026-01-13 09:20:16","Bruno zipper jacket M	1","""N/A""","Fahmidur Rahman Fahim	","Bagatipara upazila quarter, natore ",01723174526,Paid,2180,2180,141.8,21.8,120,Yes,Delivered,"2026-01-14 05:59:34","Shingara Banani",Delivery,Parcel
ES130126TRFVPB,"2026-01-13 09:19:30","Ashford | Denim Pant - M, Lucas | Denim Pant - S exchanged product of DS301225P4K4ZJ","""6543""","Mushfiqul Islam","1207 House 38-a1 (shah Villa), Road- Shekertek 2, Adabor Thana, Dhaka,",01793606717,Paid,100,100,70.5,0.5,70,Yes,Exchange,"2026-01-14 13:07:48","Shingara Banani",Delivery,Parcel
RE311225J473G8,"2026-01-13 08:53:54","Diego Denim M   , Diego Denim M                          Diego Denim L  , Diego Denim XL                            Diego Denim XL , Diego Denim XL                                    Diego Denim XL  , Hazel Denim s	 exchanged product of DS311225J473G8","""N/A""","SHINGARA PRODUCTION (Shingara HQ)","254 (ROYAL HAFIZ GARDEN) , In front of ibrahimpur primary school, North Ibrahimpur, Dhaka",01731012345,Paid,0,0,0,0,0,No,"Returned To Merchant","2026-01-23 13:28:10","Reverse Logistics @ Pathao",Return,Parcel
RS110126HJ4JGU,"2026-01-12 15:18:17","Miles | Denim Pant - S","""6652""","SHINGARA PRODUCTION (Shingara HQ)","254 (ROYAL HAFIZ GARDEN) , In front of ibrahimpur primary school, North Ibrahimpur, Dhaka",01731012345,Paid,0,0,0,0,0,No,"Returned To Merchant","2026-01-13 15:02:43","Reverse Logistics @ Pathao",Return,Parcel
RS110126RZR5RJ,"2026-01-12 13:43:10","Miles | Denim Pant - M","""6660""","SHINGARA PRODUCTION (Shingara HQ)","254 (ROYAL HAFIZ GARDEN) , In front of ibrahimpur primary school, North Ibrahimpur, Dhaka",01731012345,Paid,0,0,0,0,0,No,"Returned To Merchant","2026-01-13 15:02:43","Reverse Logistics @ Pathao",Return,Parcel
RS1101264GW4Y4,"2026-01-12 13:42:47","Noah | Hoodie - XL","""6658""","SHINGARA PRODUCTION (Shingara HQ)","254 (ROYAL HAFIZ GARDEN) , In front of ibrahimpur primary school, North Ibrahimpur, Dhaka",01731012345,Paid,0,0,50,0,50,No,"Returned To Merchant","2026-01-14 11:36:10","Reverse Logistics @ Pathao",Return,Parcel
DS120126LPWCUV,"2026-01-12 10:04:19","MILES DENIM PANT M	1","""N/A""",khalil,"Dhaka bangshal nawabpur road jabin tower	",01770347702,Paid,1730,60,70.3,0.3,70,Yes,"Paid Return","2026-01-14 14:07:42","Shingara Banani",Delivery,Parcel
ES100126YP76CN,"2026-01-12 10:03:13","LUCAS DENIM PANT S                                                                                   JULIAN ZIPPER JACKET S	 exchanged product of DS100126YP76CN","""N/A""","Samaeen Chowdhury	","Advance not paid	House 25 (Lift 4) Road 2, Sector 5, Uttara",01329520515,Paid,100,100,90.5,0.5,90,Yes,Exchange,"2026-01-13 05:35:05","Shingara Banani",Delivery,Parcel
DS120126RNJXQ3,"2026-01-12 10:02:14","Mocha quarter Zip XL size	1","""N/A"""," tamzid hasan","gandaria dhaka dhupkhola bazar",01796814126,Paid,1780,1780,78.9,8.9,70,Yes,Delivered,"2026-01-13 08:17:37","Shingara HQ",Delivery,Parcel
DS1201268QQCVK,"2026-01-12 10:00:53","LUCAS DENIM PANT L
MILES DENIM PANT L","""N/A""","Sairan Samin Khan ","39 House Haji Jalal Ahmed Road ,lalpur Fatullah,
Dhaka,Narayanganj,Fatullah",01605954844,Paid,3230,3230,152.3,32.3,120,Yes,Delivered,"2026-01-13 08:34:02","Shingara Banani",Delivery,Parcel
DS1201268BAR6H,"2026-01-12 09:59:50","DUNE HOODIE M
MILO HOODIE M
MUAVE HOODIE M , 200 ADVANCED","""N/A""","Mahfuj Sheikh ","Munshiganj sador Munshiganj ",01840506601,Paid,3230,3230,182.3,32.3,150,Yes,Delivered,"2026-01-14 07:28:02","Shingara HQ",Delivery,Parcel
DS120126NTM89K,"2026-01-12 09:50:35","Black zipper jacket M	1	","""N/A""",Mahdi,"House 19
Lane 04
Road 01
Block A 
Halishahar Housing Estate chittagong&quot;	",01814262131,Paid,2180,2180,141.8,21.8,120,Yes,Delivered,"2026-01-14 11:15:43","Shingara Banani",Delivery,Parcel
DS1201265JA28A,"2026-01-12 09:43:29","Jasper | Denim Jacket - XL","""6670""","MD lotifur rohman","Kurigram sadar Khalilgonj SS pamp",01776885402,Paid,2230,0,120,0,120,Yes,"Partial Delivery","2026-01-15 06:29:23","Shingara HQ",Delivery,Parcel
DS120126H5TLVY,"2026-01-12 09:41:28","Noah | Hoodie - S","""6668""",Farhana,"50 Nikunjo,2, Road,16 ,hours On",01768533077,Paid,1180,80,70.4,0.4,70,Yes,"Paid Return","2026-01-13 12:24:17","Shingara HQ",Delivery,Parcel
DS120126RQ5VQZ,"2026-01-12 09:41:05","Miles | Denim Pant - M, Lucas | Denim Pant - M","""6667""",sazin,"sector4 road4 house49 uttara",01819199939,Paid,3380,3380,106.9,16.9,90,Yes,Delivered,"2026-01-13 13:54:19","Shingara Banani",Delivery,Parcel
DS120126EWTCHE,"2026-01-12 09:39:56","Miles | Denim Pant - X","""6666""",zayeed,"72 Purana Paltan",01953852563,Paid,1730,1730,78.65,8.65,70,Yes,Delivered,"2026-01-13 11:37:13","Shingara Banani",Delivery,Parcel
DS1201264A697R,"2026-01-12 09:39:18","Ramy | Zipper Jacket - M","""6665""","Tasfia Islam","Banasree block C, Road:01, house:11, lift 2/B, , , ,",01767322104,Paid,2330,2330,81.65,11.65,70,Yes,Delivered,"2026-01-13 06:22:24","Shingara Banani",Delivery,Parcel
DS120126E5NYE5,"2026-01-12 09:39:01","Enric | Quarter-Zip - S, Mocha | Quarter-Zip - S","""6664""","Hubert Glen","2 Protap Das Lane, Shingtola Gate- 7 Goli, Luxmibazar,,Sutrapur Thana ,Dhaka-1100",01612353507,Paid,3480,3480,107.4,17.4,90,Yes,Delivered,"2026-01-13 08:20:15","Shingara HQ",Delivery,Parcel
DS120126X8GYUE,"2026-01-12 09:37:37","Miles | Denim Pant - S","""6663""",shiam,"Police Plaza Shopping Mall",01846009567,Paid,1730,0,70,0,70,Yes,Return,"2026-01-16 04:06:55","Shingara Banani",Delivery,Parcel
DS1201268N4AX4,"2026-01-12 09:37:15","Miles | Denim Pant - XL","""6662""",Mushfiq,"1207 House No.d3, Lift - 3, 4th Floor, Road-1, Shyamoli Housing, 2nd Project, Adabor, Dhaka, , , ,",01552322458,Paid,1730,0,78.65,8.65,70,Yes,Return,"2026-01-13 05:49:06","Shingara Banani",Delivery,Parcel
DS120126QP88ZM,"2026-01-12 09:36:54","Blanc | Hoodie - L","""6661""",Bashar,"Munaffer mor, rajshahi,boalia Thana",01776381657,Paid,1230,130,121.3,1.3,120,Yes,"Paid Return","2026-01-13 08:53:01","Shingara HQ",Delivery,Parcel
RE070126WBZL7B,"2026-01-11 16:06:05","Black   Mocha | Quarter-Zip -  S                                                 Mocha | Quarter-Zip - S","""N/A""","SHINGARA PRODUCTION (Shingara HQ)","254 (ROYAL HAFIZ GARDEN) , In front of ibrahimpur primary school, North Ibrahimpur, Dhaka",01731012345,Paid,0,0,60,0,60,No,"Returned To Merchant","2026-01-15 13:15:52","Reverse Logistics @ Pathao",Return,Parcel
RE171225LEXE6G,"2026-01-11 15:15:20","LUCAS DENIM PANT M	1 200 BDT PAID         ","""N/A""","SHINGARA PRODUCTION (Shingara HQ)","254 (ROYAL HAFIZ GARDEN) , In front of ibrahimpur primary school, North Ibrahimpur, Dhaka",01731012345,Paid,0,0,60,0,60,No,"Returned To Merchant","2026-01-15 13:15:52","Reverse Logistics @ Pathao",Return,Parcel
RS1001268ZSVGB,"2026-01-11 14:14:01","Miles | Denim Pant - L","""N/A""","SHINGARA PRODUCTION (Shingara HQ)","254 (ROYAL HAFIZ GARDEN) , In front of ibrahimpur primary school, North Ibrahimpur, Dhaka",01731012345,Paid,0,0,0,0,0,No,"Returned To Merchant","2026-01-12 15:27:32","Reverse Logistics @ Pathao",Return,Parcel
RE011225LRSGMH,"2026-01-11 13:04:42","DAKOTA | Cargo - XL, Hazel | Denim Jacket - XL exchanged product of DS011225LRSGMH","""6118""","SHINGARA PRODUCTION (Shingara HQ)","254 (ROYAL HAFIZ GARDEN) , In front of ibrahimpur primary school, North Ibrahimpur, Dhaka",01731012345,Paid,0,0,0,0,0,No,"Returned To Merchant","2026-01-12 15:27:32","Reverse Logistics @ Pathao",Return,Parcel
RE070126XXQKSH,"2026-01-11 11:34:50","Dune Hoodie XL exchanged product of DS070126XXQKSH","""N/A""","SHINGARA PRODUCTION (Shingara HQ)","254 (ROYAL HAFIZ GARDEN) , In front of ibrahimpur primary school, North Ibrahimpur, Dhaka",01731012345,Paid,0,0,0,0,0,No,"Returned To Merchant","2026-01-12 15:27:32","Reverse Logistics @ Pathao",Return,Parcel
DS1101263BNLL9,"2026-01-11 09:51:42","Miles | Denim Pant - M	1","""N/A""","Md. Raisul Hasan Ridoy","House: 289, Road: 19/B, New DOHS, Mohakhali, Dhaka - 1206",01735078058,Unpaid,1730,0,68.65,8.65,60,Yes,"Pickup Cancel","2026-01-11 18:10:49","Shingara Banani",Delivery,Parcel
DS11012668U5YL,"2026-01-11 09:50:41","Ashford denim pant M	1","""N/A""","Hasan Imam Chowdhury ","Coral Reef Amanat Khan tower 
Flat # 3- E, 3rd floor.
Pathantuli road 
Thana: Double Mooring
Dist: Chattogram &quot;",01766953793,Paid,1580,1580,135.8,15.8,120,Yes,Delivered,"2026-01-13 09:30:40","Shingara Banani",Delivery,Parcel
DS11012627JD9W,"2026-01-11 09:47:11","Black zipper jacket L	1","""N/A""",Zaarif,"uttara sec 4 road 2 house 10",01768588735,Paid,2220,2220,81.1,11.1,70,Yes,Delivered,"2026-01-13 09:08:48","Shingara Banani",Delivery,Parcel
DS110126J94CS3,"2026-01-11 09:43:43","Noah Hoodie L	1	","""N/A""","Abrar Hossen ","Bashundhara R/A, F block, Road 11, House 427, 5th Floor",01781267080,Paid,1180,1180,75.9,5.9,70,Yes,Delivered,"2026-01-12 09:01:25","Shingara HQ",Delivery,Parcel
DS110126335CJJ,"2026-01-11 09:42:23","Marlo zipper jacket L	1	","""N/A""",Sakib,"Uttar Badda, Abdullah bag mour",01736385278,Paid,0,0,70,0,70,No,Delivered,"2026-01-12 10:04:48","Shingara Banani",Delivery,Parcel
DS110126H9V32R,"2026-01-11 09:40:20","RAMY L","""N/A""","Mursalin Ashraf","Bashundhara R/A
Block:H
Road: Afroza Begum Road
House:272/B",01324438819,Paid,0,0,70,0,70,No,Delivered,"2026-01-12 08:00:23","Shingara Banani",Delivery,Parcel
DS110126RZR5RJ,"2026-01-11 09:38:18","Miles | Denim Pant - M","""6660""","Md. Raisul Hasan Ridoy","House: 289, Road: 19/B, New DOHS, Mohakhali, Dhaka - 1206, , , ,",01735078058,Paid,1730,80,70.4,0.4,70,Yes,"Paid Return","2026-01-12 12:17:48","Shingara Banani",Delivery,Parcel
DS110126W64MNN,"2026-01-11 09:38:06","Mauve | Hoodie - S,","""6659""",Tashfia,"5th floor plot 47 road 27 block A Banani Dhaka millennium Castle, , , ,",01621091141,Paid,1130,1130,65.65,5.65,60,Yes,Delivered,"2026-01-12 09:35:58","Shingara HQ",Delivery,Parcel
DS1101264GW4Y4,"2026-01-11 09:36:33","Noah | Hoodie - XL","""6658""",Md.Tanvir,"Tongi ,Borobari,joy bangla road, bogartec, , , ,",01629857744,Paid,1180,150,101.5,1.5,100,Yes,"Paid Return","2026-01-12 12:04:16","Shingara HQ",Delivery,Parcel
DS110126MARN7T,"2026-01-11 09:36:17","Navajo | Zipper Jacket - M","""6657""","Sumaiya Tasnim Adiba","House 13, Road 7, Dhanmondi, Dhaka, , , ,",01759640635,Paid,2330,2330,81.65,11.65,70,Yes,Delivered,"2026-01-12 09:53:24","Shingara Banani",Delivery,Parcel
DS1101262TMXS5,"2026-01-11 09:36:03","Noah | Hoodie - M","""6656""","MD redwan","Rahman kindergarden, Niketon Bazar gate, Dhaka, , , ,",01726737622,Paid,1124,1124,75.62,5.62,70,Yes,Delivered,"2026-01-12 10:04:51","Shingara HQ",Delivery,Parcel
DS110126L27QKU,"2026-01-11 09:35:34","Enric | Quarter-Zip - L, Noah | Hoodie - L, Diego | Denim Jacket - L,","""6655""",Nabil,"House 53 Road 2 banani dohs",01753131325,Paid,5200,5200,131,26,105,Yes,Delivered,"2026-01-12 10:21:36","Shingara HQ",Delivery,Parcel
DS110126ZL5NVQ,"2026-01-11 09:33:43","Miles | Denim Pant - L","""6654""","Md Abdullah Zarif","Flat-302,Building No-01,Japan Garden City, Ring Road, Adabor, Mohammadpur, Dhaka -1207, , , ,",01646312323,Paid,1730,1730,78.65,8.65,70,Yes,Delivered,"2026-01-12 07:56:09","Shingara Banani",Delivery,Parcel
DS110126RYX7KB,"2026-01-11 09:33:29","Black | Zipper Jacket - XL","""6653""",Riten,"Mirpur 10 shewrapara house no:256 east west school er pashe, , , ,",01577360292,Paid,2330,2330,81.65,11.65,70,Yes,Delivered,"2026-01-12 05:56:36","Shingara Banani",Delivery,Parcel
DS110126HJ4JGU,"2026-01-11 09:33:16","Miles | Denim Pant - S","""6652""","Ariyan Chowdhury","Mirpur 13, Baishteki, Ayna Mosque, Dream Palace, , , ,",01973157911,Paid,1730,0,78.65,8.65,70,Yes,Return,"2026-01-12 09:34:49","Shingara Banani",Delivery,Parcel
DS1101267T4PPC,"2026-01-11 09:33:03","Ashford | Denim Pant - M","""6651""",Mamun,"Dhaka Saar, , , ,",01652846485,Unpaid,1730,0,68.65,8.65,60,Yes,"Pickup Cancel","2026-01-11 09:34:49","Shingara Banani",Delivery,Parcel
DS1101265WKAQS,"2026-01-11 09:32:52","Mauve | Hoodie - S, Milo | Hoodie - S, Noah | Hoodie - S, Miles | Denim Pant - S","""6650""",Fai,"Modhumita Beltola Moshjid, Modhumita, Tongi",01763529567,Paid,4880,4880,193.8,48.8,145,Yes,Delivered,"2026-01-13 08:21:20","Shingara Banani",Delivery,Parcel
DS10012678FAME,"2026-01-10 13:57:49",,"""N/A""",Sumi,"B block, 3 no road, 4 no lane, Halisahar,  ctg.",01711135447,Paid,0,0,150,0,150,No,Delivered,"2026-01-11 08:40:58","Shingara HQ",Delivery,Parcel
DS100126XRSUN7,"2026-01-10 11:15:35","Mocha | Quarter-Zip - M	1","""N/A""",Nafi,"                      Noakhali science and technology University, Noakhali														",01717842348,Paid,1544,1544,135.44,15.44,120,Yes,Delivered,"2026-01-12 10:55:54","Shingara HQ",Delivery,Parcel
ES070126WBZL7B,"2026-01-10 10:25:28","Black   Mocha | Quarter-Zip -  S                                                 Mocha | Quarter-Zip - S","""N/A""",Mashoor,"5265 OR Nizam Road",01323927340,Paid,0,0,120,0,120,No,Exchange,"2026-01-11 08:50:03","Shingara HQ",Delivery,Parcel
ES011225LRSGMH,"2026-01-10 10:23:19","DAKOTA | Cargo - XL, Hazel | Denim Jacket - XL exchanged product of DS011225LRSGMH","""6118""",Sayem,"House 109, Road 4, Block C, Bashundhara R/A",01711108505,Paid,100,100,70.5,0.5,70,Yes,Exchange,"2026-01-11 07:53:07","Shingara HQ",Delivery,Parcel
ES311225J473G8,"2026-01-10 10:21:18","Diego Denim M   , Diego Denim M                          Diego Denim L  , Diego Denim XL                            Diego Denim XL , Diego Denim XL                                    Diego Denim XL  , Hazel Denim s	 exchanged product of DS311225J473G8","""N/A""","Taslim Khan","Shanta Forum Level 15 (Unilever Bangladesh Limited) 
187-188/B
Bit Uttam Mir Shawkat Sarak, Tejgaon&quot;",01322806902,Paid,2500,2500,162.5,12.5,150,Yes,Exchange,"2026-01-13 05:28:43","Shingara HQ",Delivery,Parcel
ES301225P4K4ZJ,"2026-01-10 10:19:55","Ashford | Denim Pant - M, Lucas | Denim Pant - S exchanged product of DS301225P4K4ZJ","""6543""","Mushfiqul Islam","1207 House 38-a1 (shah Villa), Road- Shekertek 2, Adabor Thana, Dhaka,",01793606717,Unpaid,100,0,90.5,0.5,90,Yes,"Pickup Failed","2026-01-12 23:59:59","Shingara Banani",Delivery,Parcel
ES070126XXQKSH,"2026-01-10 10:17:51","Dune Hoodie XL exchanged product of DS070126XXQKSH","""N/A""","sayem	","1/4 Norjahan road, Mohammad pur, Dhaka.",01604034455,Paid,100,100,70.5,0.5,70,Yes,Exchange,"2026-01-11 06:56:12","Shingara HQ",Delivery,Parcel
ES171225LEXE6G,"2026-01-10 10:16:11","LUCAS DENIM PANT M	1 200 BDT PAID         ","""N/A""","Pranto	","Fulbarigate,Kuet,Khulna",01713577163,Paid,130,130,121.3,1.3,120,Yes,Exchange,"2026-01-11 08:46:02","Shingara Banani",Delivery,Parcel
DS100126VJAAQR,"2026-01-10 10:14:58","NOAH HOODIE L","""N/A""","Tumul ","848 ibrahimpur bazar moshjid,kafrul,dhaka ",01687177307,Paid,1130,1130,75.65,5.65,70,Yes,Delivered,"2026-01-11 05:40:56","Shingara HQ",Delivery,Parcel
DS100126EX8GV9,"2026-01-10 10:12:50","MOCHA QUARTER ZIP M	","""N/A""","Munif ","1/51/1 south mugda bank colony ",01749720275,Paid,0,0,70,0,70,No,Delivered,"2026-01-11 12:52:18","Shingara HQ",Delivery,Parcel
DS100126AZBYC5,"2026-01-10 10:11:50","LUCAS DENIM PANT L","""N/A""","তানিমং মারমা ","গুইমারা বাজার ,উপজেলা গুইমারা , জেলা খাগড়াছড়ি &quot;",01603882130,Paid,1580,1580,135.8,15.8,120,Yes,Delivered,"2026-01-12 06:48:35","Shingara Banani",Delivery,Parcel
DS10012668L2U3,"2026-01-10 10:10:33","BLACK ZIPPER JACKET L","""N/A""","alha Adil Tayeb","Kapasia ,Brac office",01747387869,Paid,2270,2270,122.7,22.7,100,Yes,Delivered,"2026-01-11 09:04:25","Shingara Banani",Delivery,Parcel
DS100126DU9Y8S,"2026-01-10 10:09:14","HAZEL DENIM JACKET XL","""N/A""","Sujal Pandey","House 37 , Road 9A , Sector 5 Uttara , Dhaka",01911821096,Paid,2380,2380,81.9,11.9,70,Yes,Delivered,"2026-01-11 07:56:26","Shingara HQ",Delivery,Parcel
DS1001269CK2MF,"2026-01-10 10:08:21","BRUNO  ZIPPER JACKET M","""N/A""","Sezan Mahmud","Malir ongko Bazar, louhajang, Munshiganj",01613661957,Paid,2230,2230,142.3,22.3,120,Yes,Delivered,"2026-01-11 12:01:55","Shingara Banani",Delivery,Parcel
DS100126VJSEZ4,"2026-01-10 10:07:25","MARLO ZIPPER JACKET S","""N/A""","Sultan Ronnie","H 1312, R 18, Ave 2, Mirpur DOHS",01841555704,Paid,2330,2330,71.65,11.65,60,Yes,Delivered,"2026-01-12 10:30:55","Shingara Banani",Delivery,Parcel
DS100126CTWALB,"2026-01-10 10:06:27","BRUNO  ZIPPER JACKET L	","""N/A""","Tasnim Maisha ","Ruqayyah hall, university of Dhaka ",01821839921,Paid,2330,2330,81.65,11.65,70,Yes,Delivered,"2026-01-11 06:38:52","Shingara Banani",Delivery,Parcel
DS100126EC8ATS,"2026-01-10 10:05:27","ASHFORD DENIM PANT S	","""N/A""",shefa,"Block F,Road 20,House 617,Lift 4,Bashundhara R/A,Dhaka",01405503993,Paid,1650,1650,78.25,8.25,70,Yes,Delivered,"2026-01-11 08:46:52","Shingara Banani",Delivery,Parcel
DS1001264DANUB,"2026-01-10 10:04:35","LUCAS DENIM PANT L","""N/A""","Anika Sharmila","motaleb plaza, block A, basha 806 , hatirpool dhaka",01330997452,Paid,1730,1730,78.65,8.65,70,Yes,Delivered,"2026-01-13 09:25:18","Shingara Banani",Delivery,Parcel
DS1001266P2W7U,"2026-01-10 10:03:33","Navajo zipper jacket L	","""N/A""",Mehrab,"Maijdee Court, Noakhali",01400977403,Paid,2380,2380,143.8,23.8,120,Yes,Delivered,"2026-01-12 09:57:12","Shingara Banani",Delivery,Parcel
DS100126YP76CN,"2026-01-10 10:02:35","LUCAS DENIM PANT S                                                                                   JULIAN ZIPPER JACKET S	","""N/A""","Samaeen Chowdhury	","Advance not paid	House 25 (Lift 4) Road 2, Sector 5, Uttara",01329520515,Paid,3980,3980,109.9,19.9,90,Yes,Delivered,"2026-01-11 12:55:08","Shingara Banani",Delivery,Parcel
DS100126S7RM29,"2026-01-10 10:01:28","MOCHA QUARTER ZIP M","""N/A""","Mashfikur Rahman","17/1 Dc roy road,Mitford,Dhaka-1100",01732895828,Paid,1780,1780,78.9,8.9,70,Yes,Delivered,"2026-01-11 09:16:56","Shingara HQ",Delivery,Parcel
DS100126D6AZRQ,"2026-01-10 10:00:24","BRUNO ZIPPER JACKET M","""N/A""","Tazim Molla","gopalgonj, gopalgonj sadar",01913544726,Paid,2030,2030,140.3,20.3,120,Yes,Delivered,"2026-01-11 09:01:23","Shingara Banani",Delivery,Parcel
DS100126CTN5AY,"2026-01-10 09:59:30","DUNE HOODIE L","""N/A""","mim	","106/1 Etkhola Bazar , East Kazipara 
Dhaka 1216",01715159688,Paid,1180,1180,75.9,5.9,70,Yes,Delivered,"2026-01-11 07:54:03","Shingara HQ",Delivery,Parcel
DS100126QVHKWY,"2026-01-10 09:58:10","DUNE HOODIE S	","""N/A"""," imtiaz	","flat 5c, tawhid tower 3, tolarbagh, mirpur 1, dhaka",01912987819,Paid,1180,1180,75.9,5.9,70,Yes,Delivered,"2026-01-11 09:45:21","Shingara HQ",Delivery,Parcel
DS1001269QC5WW,"2026-01-10 09:57:11","Hazel | Denim Jacket - L","""N/A""","Salmi Rahman","BASTU SHAILY 1/A, Greenway road, Boro Mogbazar. Floor: A-4 (ওয়্যারলেস রে",01739123325,Paid,2270,2270,81.35,11.35,70,Yes,Delivered,"2026-01-11 06:31:44","Shingara HQ",Delivery,Parcel
DS100126WR8D64,"2026-01-10 09:56:13","Bruno | Zipper Jacket - M","""N/A""",Abid,"Bashundhara r/a tenement 5 lift 4 flat c4",01621912824,Paid,2330,2330,81.65,11.65,70,Yes,Delivered,"2026-01-12 06:27:31","Shingara Banani",Delivery,Parcel
DS1001268ZSVGB,"2026-01-10 09:55:15","Miles | Denim Pant - L","""N/A""","Mohammed Mainul Islam","House No :164(B1), Road No : 3, Mohakhali DOHS, Dhaka 1212.",01930541492,Paid,1650,80,70.4,0.4,70,Yes,"Paid Return","2026-01-11 09:58:53","Shingara Banani",Delivery,Parcel
DS100126ZGYKB8,"2026-01-10 09:54:09","Noah | Hoodie - XL","""N/A""",Fahamida,"House 24, Road 3, B block, Aftabnagar",01823550306,Paid,1130,1130,75.65,5.65,70,Yes,Delivered,"2026-01-11 06:25:34","Shingara HQ",Delivery,Parcel
DS100126K4EYNW,"2026-01-10 09:43:20","Lucas | Denim Pant - M","""N/A""",Sadad,"3 and 3/a paribagh, digonto tower, flat 12c",01924753649,Paid,1730,1730,78.65,8.65,70,Yes,Delivered,"2026-01-11 08:57:33","Shingara Banani",Delivery,Parcel
DS100126PAWKC6,"2026-01-10 09:42:14","Ashford | Denim Pant - XL                                      Lucas | Denim Pant - XL","""N/A""","Amran Ahmed","Landmark shopping complex, lalabazar, South surma, Sylhet",01794090080,Paid,3230,3230,182.3,32.3,150,Yes,Delivered,"2026-01-11 08:03:14","Shingara Banani",Delivery,Parcel
DS100126MMX63T,"2026-01-10 09:40:28","Lucas | Denim Pant - M","""N/A""","Kaif bhuiyan","226/2/thah, West Agargaon, Dhaka. Global school and college er pasher goli. house name: bhuiyan niketon",01713278940,Paid,1650,1650,78.25,8.25,70,Yes,Delivered,"2026-01-11 05:07:18","Shingara Banani",Delivery,Parcel
RS070126YTE8AM,"2026-01-10 04:36:09","Blanc | Hoodie - S","""6617""","SHINGARA PRODUCTION (Shingara HQ)","254 (ROYAL HAFIZ GARDEN) , In front of ibrahimpur primary school, North Ibrahimpur, Dhaka",01731012345,Paid,0,0,0,0,0,No,"Returned To Merchant","2026-01-11 16:10:52","Reverse Logistics @ Pathao",Return,Parcel
RE020126S5SNDW,"2026-01-09 12:38:06","Diego | Denim Jacket - S exchanged product of DS020126S5SNDW","""N/A""","SHINGARA PRODUCTION (Shingara HQ)","254 (ROYAL HAFIZ GARDEN) , In front of ibrahimpur primary school, North Ibrahimpur, Dhaka",01731012345,Paid,0,0,60,0,60,No,"Returned To Merchant","2026-01-13 15:02:43","Reverse Logistics @ Pathao",Return,Parcel
RE030126U2N39W,"2026-01-09 10:33:34","	RAMY ZIPPER JACKET M	1 exchanged product of DS030126U2N39W","""N/A""","SHINGARA PRODUCTION (Shingara HQ)","254 (ROYAL HAFIZ GARDEN) , In front of ibrahimpur primary school, North Ibrahimpur, Dhaka",01731012345,Paid,0,0,0,0,0,No,"Returned To Merchant","2026-01-10 12:52:04","Reverse Logistics @ Pathao",Return,Parcel
RS070126RQPU6Q,"2026-01-08 15:28:17","Lucas | Denim Pant - L","""6613""","SHINGARA PRODUCTION (Shingara HQ)","254 (ROYAL HAFIZ GARDEN) , In front of ibrahimpur primary school, North Ibrahimpur, Dhaka",01731012345,Paid,0,0,50,0,50,No,"Returned To Merchant","2026-01-10 12:52:04","Reverse Logistics @ Pathao",Return,Parcel
RE050126GGSXDQ,"2026-01-08 13:58:12","Noah | Hoodie - L, exchanged product of DS050126GGSXDQ","""6602""","SHINGARA PRODUCTION (Shingara HQ)","254 (ROYAL HAFIZ GARDEN) , In front of ibrahimpur primary school, North Ibrahimpur, Dhaka",01731012345,Paid,0,0,0,0,0,No,"Returned To Merchant","2026-01-10 12:52:04","Reverse Logistics @ Pathao",Return,Parcel
RS080126SSYQV8,"2026-01-08 13:37:27","No entry parcel","""N/A""","SHINGARA PRODUCTION (Shingara HQ)","dhaka banani",01731012345,Paid,0,0,0,0,0,No,"Returned To Merchant","2026-01-10 13:30:22","Reverse Logistics @ Pathao",Return,Parcel
DS080126SSYQV8,"2026-01-08 13:36:44","No entry parcel","""N/A""","No name","banani dhaka",01731012345,Paid,0,0,0,0,0,No,Return,"2026-01-08 13:37:26","Shingara Banani",Delivery,Parcel
RE050126FCGXHP,"2026-01-08 13:32:56","Blanc | Hoodie - S exchanged product of DS050126FCGXHP","""6598""","SHINGARA PRODUCTION (Shingara HQ)","254 (ROYAL HAFIZ GARDEN) , In front of ibrahimpur primary school, North Ibrahimpur, Dhaka",01731012345,Paid,0,0,0,0,0,No,"Returned To Merchant","2026-01-09 13:23:14","Reverse Logistics @ Pathao",Return,Parcel
RS0501265Y7H94,"2026-01-08 12:44:41","Blanc | Hoodie - XL","""6599""","SHINGARA PRODUCTION (Shingara HQ)","254 (ROYAL HAFIZ GARDEN) , In front of ibrahimpur primary school, North Ibrahimpur, Dhaka",01731012345,Paid,0,0,50,0,50,No,"Returned To Merchant","2026-01-11 16:10:52","Reverse Logistics @ Pathao",Return,Parcel
RS070126N29HUK,"2026-01-08 12:41:53","Blanc | Hoodie - S","""6612""","SHINGARA PRODUCTION (Shingara HQ)","254 (ROYAL HAFIZ GARDEN) , In front of ibrahimpur primary school, North Ibrahimpur, Dhaka",01731012345,Paid,0,0,0,0,0,No,"Returned To Merchant","2026-01-09 13:23:14","Reverse Logistics @ Pathao",Return,Parcel
DS080126AYM8T6,"2026-01-08 12:40:55","Miles | Denim Pant - M","""N/A""","Mohammad Fatin	","House-39, sheker tek-7, Mohammadpur",01732810058,Paid,1650,1650,78.25,8.25,70,Yes,Delivered,"2026-01-09 11:25:10","Shingara Banani",Delivery,Parcel
ES030126U2N39W,"2026-01-08 12:37:45","	RAMY ZIPPER JACKET M	1 exchanged product of DS030126U2N39W","""N/A""","Piash            (Mahfuz Ibn Alamgir) ","Memberbari Road( Rakib Store er samne) , Kuratoli, Kuril, Dhaka",01883882829,Paid,100,100,60.5,0.5,60,Yes,Exchange,"2026-01-09 08:19:06","Shingara HQ",Delivery,Parcel
DS080126DERM3H,"2026-01-08 12:36:25","ASHFORD DENIM PANT S	","""N/A""","dhrubo 	","dumuria, khulna...dumuria bus stand ",01980789019,Paid,1580,1580,135.8,15.8,120,Yes,Delivered,"2026-01-10 05:23:51","Shingara Banani",Delivery,Parcel
DS0801267FGHC8,"2026-01-08 12:35:22","HAZEL ZIPPER JACKET L","""N/A""","Lazmi Chowdhury ","82/A Tarek Villa1, Road no-03, Mohammadi Housing Limited, Mohammadpur Dhaka. ",01306006204,Paid,2330,2330,81.65,11.65,70,Yes,Delivered,"2026-01-09 05:07:32","Shingara Banani",Delivery,Parcel
RS070126TGX7YJ,"2026-01-08 11:42:01","Noah | Hoodie - S","""6615""","SHINGARA PRODUCTION (Shingara HQ)","254 (ROYAL HAFIZ GARDEN) , In front of ibrahimpur primary school, North Ibrahimpur, Dhaka",01731012345,Paid,0,0,0,0,0,No,"Returned To Merchant","2026-01-09 13:23:14","Reverse Logistics @ Pathao",Return,Parcel
RS070126QXUSEB,"2026-01-08 10:53:48","Ashford | Denim Pant - L","""6619""","SHINGARA PRODUCTION (Shingara HQ)","254 (ROYAL HAFIZ GARDEN) , In front of ibrahimpur primary school, North Ibrahimpur, Dhaka",01731012345,Paid,0,0,0,0,0,No,"Returned To Merchant","2026-01-10 12:52:04","Reverse Logistics @ Pathao",Return,Parcel
DS0801265RLNLX,"2026-01-08 09:59:48","Bruno | Zipper Jacket - M","""6639""",muntasir,"House #43, Road #09, Nikunja-2,khilkhet, Dhaka-1229",01743218126,Paid,2330,2330,81.65,11.65,70,Yes,Delivered,"2026-01-09 06:47:48","Shingara Banani",Delivery,Parcel
DS0801265GTTDL,"2026-01-08 09:59:14","Black | Zipper Jacket - M","""6635""","Rafee Tanzil","House 72 rode 14 sector 14 uttara 4th floor",01318186209,Paid,2220,2220,81.1,11.1,70,Yes,Delivered,"2026-01-09 10:36:42","Shingara Banani",Delivery,Parcel
DS0801264H9M2Q,"2026-01-08 09:58:32","Black | Zipper Jacket - L","""6634""","Sami Hassan","Uttara, Sector 6, Road 8, House 19",01708501282,Paid,2220,2220,81.1,11.1,70,Yes,Delivered,"2026-01-09 06:54:49","Shingara Banani",Delivery,Parcel
DS080126CSY9ST,"2026-01-08 09:57:51","Black | Zipper Jacket - L, Bruno | Zipper Jacket - L","""6633""","Sayed Md Taqwee","House:458. Road:31. New DOHS Mohakhali",01713336334,Paid,4590,4590,112.95,22.95,90,Yes,Delivered,"2026-01-09 10:49:57","Shingara Banani",Delivery,Parcel
DS080126Y3XR2V,"2026-01-08 09:56:56","Ashford | Denim Pant - M","""6632""","Tanvir hosen","Muktijoddha building,ajmirigonj.Habiganj",01928000390,Paid,1700,1700,137,17,120,Yes,Delivered,"2026-01-10 14:08:11","Shingara HQ",Delivery,Parcel
DS080126LRGFVZ,"2026-01-08 09:56:11","Lucas | Denim Pant - S","""6631""",Khaled,"Apartment-cd4,House-12,Road-135,Gulshan-1",01819404320,Paid,1730,1730,78.65,8.65,70,Yes,Delivered,"2026-01-09 13:11:55","Shingara HQ",Delivery,Parcel
DS080126RCMSU4,"2026-01-08 09:55:16","Ashford | Denim Pant - M","""6629""","Tazbid Hossain","Mirpur 1, Shah ali Police Station",01337592508,Paid,1730,1730,78.65,8.65,70,Yes,Delivered,"2026-01-09 06:08:26","Shingara Banani",Delivery,Parcel
DS08012633KRE6,"2026-01-08 09:54:44","Hazel Denim Jacket M
Mocha Quarter zip M
Black hoodie M
Jasper denim jacket M
Milo Hoodie S","""N/A""","Mahmud Shahriar","H699, road 21, block F, Bashundhara",01842408071,Paid,7950,7950,159.75,39.75,120,Yes,Delivered,"2026-01-09 09:02:41","Shingara HQ",Delivery,Parcel
DS0801262AAKZ5,"2026-01-08 09:52:07","Noah | Hoodie - XL","""6628""",Esteak,"Char Fashion, VHOLA. ",01755296214,Paid,1180,1180,131.8,11.8,120,Yes,Delivered,"2026-01-17 15:12:25","Shingara HQ",Delivery,Parcel
DS0801266LZQNS,"2026-01-08 09:50:47","Noah | Hoodie - XL","""6638""","Md. Shakhawat Alam","Akota Bhobon, Holding no. 91/3, Smithidhara, Japani Bazar, Sonir Akhra, Kodomtoli, Dhaka., , , ,",01715103746,Paid,1180,1180,75.9,5.9,70,Yes,Delivered,"2026-01-09 13:58:05","Shingara HQ",Delivery,Parcel
DS080126754Z5B,"2026-01-08 09:50:31","Mocha | Quarter-Zip - L","""6637""",fardin,"Full address: Rose Garden, Flat No. A7, B7, House No. 10, Main Road, Block B, Ati Model Town, Ati Bazar, Keraniganj Dhaka.",01825101314,Paid,1780,1780,117.8,17.8,100,Yes,Delivered,"2026-01-09 11:27:06","Shingara HQ",Delivery,Parcel
DS080126KTM4J2,"2026-01-08 09:36:11","Milo | Hoodie - M","""6636""","Minhajur Rahman Joy","205/3, Road 8, Block C, Niketon, Gulshan",01685630583,Paid,1180,1180,75.9,5.9,70,Yes,Delivered,"2026-01-09 06:21:05","Shingara HQ",Delivery,Parcel
RS040126UYTGCU,"2026-01-07 13:56:59","Diego Denim Jacket L","""N/A""","SHINGARA PRODUCTION (Shingara HQ)","254 (ROYAL HAFIZ GARDEN) , In front of ibrahimpur primary school, North Ibrahimpur, Dhaka",01731012345,Paid,0,0,0,0,0,No,"Returned To Merchant","2026-01-08 13:40:00","Reverse Logistics @ Pathao",Return,Parcel
RS060126988JD8,"2026-01-07 13:15:51","Miles | Denim Pant - S","""6609""","SHINGARA PRODUCTION (Shingara HQ)","254 (ROYAL HAFIZ GARDEN) , In front of ibrahimpur primary school, North Ibrahimpur, Dhaka",01731012345,Paid,0,0,0,0,0,No,"Returned To Merchant","2026-01-08 13:40:00","Reverse Logistics @ Pathao",Return,Parcel
ES020126S5SNDW,"2026-01-07 12:19:13","Diego | Denim Jacket - S exchanged product of DS020126S5SNDW","""N/A""","Mahmudul Hasan","Dadpur bajar, Mehendigonj, Barisal",01770617689,Paid,130,130,121.3,1.3,120,Yes,Exchange,"2026-01-09 06:07:59","Shingara HQ",Delivery,Parcel
ES050126FCGXHP,"2026-01-07 12:18:12","Blanc | Hoodie - S exchanged product of DS050126FCGXHP","""6598""","Sohael Muntashir Karim","2F/14,15 Pallabi Extension, Mirpur, Dhaka-1216",01797093183,Paid,0,0,70,0,70,No,Exchange,"2026-01-08 12:12:41","Shingara HQ",Delivery,Parcel
ES050126GGSXDQ,"2026-01-07 12:13:51","Noah | Hoodie - L, exchanged product of DS050126GGSXDQ","""6602""","Md Nizam Uddin","68, Richmond Concord, Level 7, Gulshan Avenue, Dhaka 1212",01682072299,Paid,100,100,70.5,0.5,70,Yes,Exchange,"2026-01-08 07:04:41","Shingara HQ",Delivery,Parcel
DS070126UPPWX5,"2026-01-07 12:11:27","BRUNO ZIPPER JACKET L","""N/A""","M Rahman Shohag","Bhula, gawsia, Rupganj, Narayanganj",01768925066,Paid,2140,2140,121.4,21.4,100,Yes,Delivered,"2026-01-08 07:47:35","Shingara Banani",Delivery,Parcel
DS070126USXGKK,"2026-01-07 12:10:22","NOAH HOODIE L","""N/A""","নির্মল চাকমা","খাজা স্টোর, আলফালহা গলি, ২ নং গেইট,নাসিরাবাদ,চট্টগ্রাম ",01540201148,Paid,1030,1030,130.3,10.3,120,Yes,Delivered,"2026-01-08 10:10:55","Shingara HQ",Delivery,Parcel
DS070126XXQKSH,"2026-01-07 12:09:15","Dune Hoodie XL","""N/A""","sayem	","1/4 Norjahan road, Mohammad pur, Dhaka.",01604034455,Paid,1180,1180,75.9,5.9,70,Yes,Delivered,"2026-01-08 07:40:46","Shingara HQ",Delivery,Parcel
DS070126WBZL7B,"2026-01-07 12:07:32","Black   Mocha | Quarter-Zip -  S                                                 Mocha | Quarter-Zip - S","""N/A""",Mashoor,"5265 OR Nizam Road",01323927340,Paid,4080,4080,190.8,40.8,150,Yes,Delivered,"2026-01-09 13:42:49","Shingara Banani",Delivery,Parcel
DS070126V56QN2,"2026-01-07 12:03:21","Lucas | Denim Pant - XL","""N/A""","Faisal Mahmud	","128,Crescent Road, Green Road,Dhaka",01833147972,Paid,1730,1730,78.65,8.65,70,Yes,Delivered,"2026-01-08 07:24:05","Shingara Banani",Delivery,Parcel
DS070126R54CSV,"2026-01-07 12:02:26","Bruno | Zipper Jacket - M	","""N/A""",Ahnaf,"House 456 Road 8 Baridhara DOHS Dhaka",01300499587,Unpaid,2218,0,71.09,11.09,60,Yes,"Pickup Cancel","2026-01-07 12:50:45","Shingara Banani",Delivery,Parcel
DS070126RRDDTN,"2026-01-07 12:01:28","Navajo | Zipper Jacket - S   ","""N/A""","Abdur Rafi Mahmud","House:19, Lane:04, Road:01, Block:A, Halishahar H/E, Chattogram",01633124721,Paid,2180,2180,141.8,21.8,120,Yes,Delivered,"2026-01-08 07:33:00","Shingara Banani",Delivery,Parcel
DS0701262FWQC3,"2026-01-07 09:49:16","Bruno | Zipper Jacket - M","""6624""",Ahnaf,"House 456 Road 8 Baridhara DOHS Dhaka",01300499587,Paid,2220,2220,81.1,11.1,70,Yes,Delivered,"2026-01-08 10:21:16","Shingara Banani",Delivery,Parcel
DS0701266M9H3W,"2026-01-07 09:48:56","Enric | Quarter-Zip - S","""6622""","Md Reefat Jalil","Road 11/A, House-79, Flat-F3, Dhanmondi R/A,",01755563162,Paid,1695,1695,78.48,8.48,70,Yes,Delivered,"2026-01-08 10:47:40","Shingara HQ",Delivery,Parcel
DS070126P8ZX88,"2026-01-07 09:48:37","Ashford | Denim Pant - M","""6621""",Alok,"Flat-D5, Building- Nayantara, Ruposhi(Behind PSC Convention Hall, Mirpur-13, Dhaka",01831889568,Paid,1650,1650,78.25,8.25,70,Yes,Delivered,"2026-01-08 11:18:15","Shingara Banani",Delivery,Parcel
DS070126K3RMWK,"2026-01-07 09:48:20","Blanc | Hoodie - L","""6620""","Sami Hassan","Uttara, Sector 6, Road 8, House 19",01708501282,Paid,1180,1180,75.9,5.9,70,Yes,Delivered,"2026-01-08 09:20:48","Shingara HQ",Delivery,Parcel
DS070126QXUSEB,"2026-01-07 09:47:57","Ashford | Denim Pant - L","""6619""","Shahriar Rahman Jibon","89/1, Water Works Road, Lalbagh, Dhaka, , , ,",01611231999,Paid,1730,80,70.4,0.4,70,Yes,"Paid Return","2026-01-08 07:33:33","Shingara Banani",Delivery,Parcel
DS070126YTE8AM,"2026-01-07 09:46:28","Blanc | Hoodie - S","""6617""","Marzan jannat","Bashundhara,C block",01345889117,Paid,1130,0,70,0,70,Yes,Return,"2026-01-10 04:33:16","Shingara HQ",Delivery,Parcel
DS070126X4PGBC,"2026-01-07 09:45:57","Blanc | Hoodie - S","""6616""","Abdur Rafi Mahmud","House:19, Lane:04, Road:01, Block:A, Halishahar H/E, Chattogram, , , ,",01633124721,Paid,1100,1100,131,11,120,Yes,Delivered,"2026-01-09 05:05:35","Shingara HQ",Delivery,Parcel
DS070126TGX7YJ,"2026-01-07 09:45:13","Noah | Hoodie - S","""6615""",Asif,"House 8 road 9 sector 6 uttara dhaka",01782302564,Paid,1180,80,70.4,0.4,70,Yes,"Paid Return","2026-01-08 10:14:52","Shingara HQ",Delivery,Parcel
DS0701269NTAUJ,"2026-01-07 09:44:56","Ashford | Denim Pant - L","""6614""",Zunayed,"117/7, Block B, Mirpur 12",01648901152,Paid,1650,1650,78.25,8.25,70,Yes,Delivered,"2026-01-08 08:09:46","Shingara Banani",Delivery,Parcel
DS070126RQPU6Q,"2026-01-07 09:44:37","Lucas | Denim Pant - L","""6613""",Raz,"Brac bank,ulukhola,kaligang,gazipur",01714202133,Paid,1730,120,101.2,1.2,100,Yes,"Paid Return","2026-01-08 14:43:04","Shingara HQ",Delivery,Parcel
DS070126N29HUK,"2026-01-07 09:44:06","Blanc | Hoodie - S","""6612""","Maine Uddin Shanto","Kurmitola high school road, khilkhet,Dhaka",01727307772,Paid,1180,80,70.4,0.4,70,Yes,"Paid Return","2026-01-08 10:29:52","Shingara HQ",Delivery,Parcel
DS070126URVTS7,"2026-01-07 05:50:55","Muave M","""N/A""",Onisha,"
Road 99, house 28, gulshan 2  
Size M",01627667263,Paid,1200,1200,126,6,120,Yes,Delivered,"2026-01-07 12:24:50","Shingara HQ",Delivery,Parcel
RE3112255XKQM9,"2026-01-06 12:18:08","HAZEL DENIM JACKET M","""N/A""","SHINGARA PRODUCTION (Shingara HQ)","254 (ROYAL HAFIZ GARDEN) , In front of ibrahimpur primary school, North Ibrahimpur, Dhaka",01731012345,Paid,0,0,60,0,60,No,"Returned To Merchant","2026-01-09 13:23:14","Reverse Logistics @ Pathao",Return,Parcel
RE311225UJJGV5,"2026-01-06 12:18:01","JULIAN ZIPPER JACKET M exchanged product of DS311225UJJGV5","""N/A""","SHINGARA PRODUCTION (Shingara HQ)","254 (ROYAL HAFIZ GARDEN) , In front of ibrahimpur primary school, North Ibrahimpur, Dhaka",01731012345,Paid,0,0,60,0,60,No,"Returned To Merchant","2026-01-09 13:23:14","Reverse Logistics @ Pathao",Return,Parcel
DS060126K6GQHC,"2026-01-06 11:39:02","Ramy | Zipper Jacket - L","""N/A""",Ishan,"Bashundhara L block road 54 boise 2867",01972215466,Paid,2220,2220,71.1,11.1,60,Yes,Delivered,"2026-01-07 09:46:35","Shingara Banani",Delivery,Parcel
DS060126RVRS2K,"2026-01-06 11:37:44","BRUNO ZIPPER JACKET M","""N/A""","Munif ","1/51/1 south mugda bank colony ",01749720275,Paid,2330,2330,81.65,11.65,70,Yes,Delivered,"2026-01-07 06:33:06","Shingara Banani",Delivery,Parcel
RS0301265YS3P6,"2026-01-06 10:07:55","Lucas | Denim Pant - M, Lucas | Denim Pant - L, Miles | Denim Pant - M, Ashford | Denim Pant - M,","""6564""","SHINGARA PRODUCTION (Shingara HQ)","254 (ROYAL HAFIZ GARDEN) , In front of ibrahimpur primary school, North Ibrahimpur, Dhaka",01731012345,Paid,0,0,72.5,0,72.5,No,"Returned To Merchant","2026-01-08 13:40:00","Reverse Logistics @ Pathao",Return,Parcel
DS060126LNP4FJ,"2026-01-06 09:58:15","NAVAJO ZIPPER JACKET L	1, 130 BDT PAID","""N/A""","Salman Shuvo ","Gaibandha bazar , Fariha Textile ltd. Chasara Narayanganj.",01872221780,Paid,2250,2250,122.5,22.5,100,Yes,Delivered,"2026-01-08 10:56:56","Shingara Banani",Delivery,Parcel
DS0601262W9B9Q,"2026-01-06 09:57:31","Ashford | Denim Pant -XL	1","""N/A""","Afia jahin"," House 33, road 09, DIT Project, Merul Badda",01757549447,Paid,1650,1650,78.25,8.25,70,Yes,Delivered,"2026-01-07 06:20:19","Shingara Banani",Delivery,Parcel
DS060126QSJW32,"2026-01-06 09:53:00","ASHFORD DENIM PANT  S	1	, 150 BDT PAID","""N/A""","	sirat ","Ukil para, Naogaon ,sadar ",01328394885,Paid,1550,1550,135.5,15.5,120,Yes,Delivered,"2026-01-08 10:17:43","Shingara Banani",Delivery,Parcel
DS06012693C4AS,"2026-01-06 09:50:23","HAZEL DENIM JACKET L	1, 200 BDT PAID","""N/A"""," Nibras noor ivan	","Paglar bazar, Bangladesh Agricultural University, Mymensingh ",01715390840,Paid,2000,2000,140,20,120,Yes,Delivered,"2026-01-08 12:55:52","Shingara HQ",Delivery,Parcel
DS0601267NN4SZ,"2026-01-06 09:49:48","Blanc hoodie M                  Blanc hoodie L, 200 BDT PAID	","""N/A""","Ishrat Chowdhiry","22 kalbakhani chashnipir road electric supply sylhet",01723362327,Paid,2130,2130,171.3,21.3,150,Yes,Delivered,"2026-01-08 07:20:05","Shingara HQ",Delivery,Parcel
DS0601268ZXYWN,"2026-01-06 09:48:39","Miles | Denim Pant - L, Lucas | Denim Pant - L","""6610""",Fahim,"House No.05, Road No.03 Dhanmomdi Dhaka.",01632493233,Paid,3230,3230,106.15,16.15,90,Yes,Delivered,"2026-01-07 13:15:11","Shingara HQ",Delivery,Parcel
DS060126988JD8,"2026-01-06 09:48:16","Miles | Denim Pant - S","""6609""",Rishad,"7 House Number 244 Bashundhara R/a Block D Road",01787161621,Paid,1730,70,70.35,0.35,70,Yes,"Paid Return","2026-01-07 11:02:40","Shingara HQ",Delivery,Parcel
DS060126XEJVWZ,"2026-01-06 09:47:23","Lucas | Denim Pant - L","""N/A""",Fardin,"
Ka/115/6/1, SEL Chayaneer, Dakkhin Para, Mohakhali.",01770180337,Paid,1730,1730,78.65,8.65,70,Yes,Delivered,"2026-01-07 08:47:12","Shingara HQ",Delivery,Parcel
RS050126C8E4TA,"2026-01-06 09:47:06","Mocha | Quarter-Zip - S","""6603""","SHINGARA PRODUCTION (Shingara HQ)","254 (ROYAL HAFIZ GARDEN) , In front of ibrahimpur primary school, North Ibrahimpur, Dhaka",01731012345,Paid,0,0,0,0,0,No,"Returned To Merchant","2026-01-07 16:04:50","Reverse Logistics @ Pathao",Return,Parcel
DS060126Y7B2MH,"2026-01-06 03:52:51","BRUNO ZIPPER JACKET M 1
","""N/A""","Munif 	","1/51/1 south mugda bank colony ",01749720273,Unpaid,2330,0,71.65,11.65,60,Yes,"Pickup Cancel","2026-01-08 05:00:13","Shingara Banani",Delivery,Parcel
RS030126FJSBLV,"2026-01-05 17:08:27","Miles | Denim Pant - XL","""6588""","SHINGARA PRODUCTION (Shingara HQ)","254 (ROYAL HAFIZ GARDEN) , In front of ibrahimpur primary school, North Ibrahimpur, Dhaka",01731012345,Paid,0,0,0,0,0,No,"Returned To Merchant","2026-01-06 12:45:33","Reverse Logistics @ Pathao",Return,Parcel
RS030126A5Z49T,"2026-01-05 14:49:41","Hazel | Denim Jacket - S, Roman | Zipper Jacket - S","""6570""","SHINGARA PRODUCTION (Shingara HQ)","254 (ROYAL HAFIZ GARDEN) , In front of ibrahimpur primary school, North Ibrahimpur, Dhaka",01731012345,Paid,0,0,0,0,0,No,"Returned To Merchant","2026-01-07 16:04:50","Reverse Logistics @ Pathao",Return,Parcel
RS010126PB8PXD,"2026-01-05 13:03:21","Bruno | Zipper Jacket - L	","""N/A""","SHINGARA PRODUCTION (Shingara HQ)","254 (ROYAL HAFIZ GARDEN) , In front of ibrahimpur primary school, North Ibrahimpur, Dhaka",01731012345,Paid,0,0,60,0,60,No,"Returned To Merchant","2026-01-08 13:40:00","Reverse Logistics @ Pathao",Return,Parcel
DS05012644GEBW,"2026-01-05 11:52:22","&quot;hazel zipper jacket
Black zipper jacket
Hazel Denim jacket
Julian zipper jacket","""N/A""","Mursalin Ashraf","Bashundhara R/A
Block:H
Road: Afroza Begum Road
House:272/B",01324438819,Paid,300,300,121.5,1.5,120,Yes,Delivered,"2026-01-06 09:38:36","Shingara HQ",Delivery,Parcel
DS050126PR57G3,"2026-01-05 11:50:40","HAZEL ZIPPER JACKET M	1, FULL ADVANCED          ","""N/A""","Ramisa kabir	","House 112, Road 2 er KA, Sugandha R/A, chittagong",01711092654,Paid,0,0,120,0,120,No,Delivered,"2026-01-07 09:30:20","Shingara HQ",Delivery,Parcel
DS050126RES3BX,"2026-01-05 11:49:37","ASHFORD DENIM M                                                 MILES DENIM M","""N/A""","Main Islam","Boshudha Blues, Flat B5, 1/A, Khulshi Green Housing Society, Khulshi, Chittagong.",01684592838,Paid,3230,3230,182.3,32.3,150,Yes,Delivered,"2026-01-07 07:18:33","Shingara HQ",Delivery,Parcel
DS050126L7YAR3,"2026-01-05 11:49:01","JULIAN ZIPPER JACKET M	1","""N/A""","Jannatul Tajree","39/40 usha mohol zigatola  mitali road
City: Dhaka&quot;",01764221507,Paid,2330,2330,81.65,11.65,70,Yes,Delivered,"2026-01-06 10:05:32","Shingara HQ",Delivery,Parcel
DS050126XQ8KCB,"2026-01-05 11:48:10","BRUNO ZIPPER JACKET M	1","""N/A""","Munif 	","1/51/1 south mugda bank colony ",01749720273,Unpaid,2330,0,71.65,11.65,60,Yes,"Pickup Cancel","2026-01-08 05:00:13","Shingara HQ",Delivery,Parcel
RE020126HCGQC9,"2026-01-05 11:19:04","Dune | Hoodie - XL","""N/A""","SHINGARA PRODUCTION (Shingara HQ)","254 (ROYAL HAFIZ GARDEN) , In front of ibrahimpur primary school, North Ibrahimpur, Dhaka",01731012345,Paid,0,0,50,0,50,No,"Returned To Merchant","2026-01-07 16:04:50","Reverse Logistics @ Pathao",Return,Parcel
DS0501263C9E46,"2026-01-05 09:45:44","Lucas | Denim Pant - L","""6607""",Fardin,"Ka/115/6/1, SEL Chayaneer, Dakkhin Para, Mohakhali.",01770180337,Unpaid,1730,0,68.65,8.65,60,Yes,"Pickup Cancel","2026-01-05 11:52:45","Shingara Banani",Delivery,Parcel
DS050126S9U6DT,"2026-01-05 09:45:11","Hazel | Zipper Jacket - M, Bruno | Zipper Jacket - M","""6604""",Alif,"Badda, Adorshonagar, 7th Floor Munshi Bari (jolil Mahumd Soroni Beside New Panir Pump), , , ,",01610025629,Paid,4370,4370,111.85,21.85,90,Yes,Delivered,"2026-01-06 12:47:21","Shingara Banani",Delivery,Parcel
DS050126VR5SSG,"2026-01-05 09:44:39","Bruno | Zipper Jacket - XL, Ramy | Zipper Jacket - XL","""6601""",Sagor,"47/B samata tower road no 2 chan miya housing mohammadpur",01738606158,Paid,4370,4370,111.85,21.85,90,Yes,Delivered,"2026-01-06 11:49:37","Shingara Banani",Delivery,Parcel
DS050126RDAC3A,"2026-01-05 09:42:48","Henri Quarter Zip L 	1","""N/A""","mohammd rafi","Bashundhara r/a block c road 6",01869496306,Paid,1780,1780,78.9,8.9,70,Yes,Delivered,"2026-01-06 05:42:40","Shingara HQ",Delivery,Parcel
DS050126NJP2KF,"2026-01-05 09:42:20","Dune Hoodie M                     Milo Hoodie M","""N/A""","Nushrika        (Mahmud Shahriar)","H699, road 21, block F, Bashundhara",01842408071,Paid,2290,2290,101.45,11.45,90,Yes,Delivered,"2026-01-06 08:44:58","Shingara HQ",Delivery,Parcel
DS05012695AF5W,"2026-01-05 09:38:09","Noah | Hoodie - S","""6606""",farhan,"54/4 Rayer Bazar Godhighor",01914211243,Paid,1180,1180,75.9,5.9,70,Yes,Delivered,"2026-01-06 09:02:45","Shingara HQ",Delivery,Parcel
DS050126C8E4TA,"2026-01-05 09:37:25","Mocha | Quarter-Zip - S","""6603""",Usha,"Aftab nagar, block:E, sector:2, road:3",01779815524,Paid,1780,80,70.4,0.4,70,Yes,"Paid Return","2026-01-06 06:06:09","Shingara HQ",Delivery,Parcel
DS050126GGSXDQ,"2026-01-05 09:36:58","Noah | Hoodie - L,","""6602""","Md Nizam Uddin","68, Richmond Concord, Level 7, Gulshan Avenue, Dhaka 1212",01682072299,Paid,1130,1130,75.65,5.65,70,Yes,Delivered,"2026-01-06 06:47:21","Shingara HQ",Delivery,Parcel
DS050126RCTJAM,"2026-01-05 09:35:48","Mocha | Quarter-Zip - XL","""6600""","Nusaiba Walizia","Road 14/A, House 25, Flat 8D, Dhanmondi Dhaka",01707076800,Paid,1780,1780,78.9,8.9,70,Yes,Delivered,"2026-01-06 10:56:29","Shingara HQ",Delivery,Parcel
DS0501265Y7H94,"2026-01-05 09:35:24","Blanc | Hoodie - XL","""6599""",Rafi,"Club math, Hemayetpur, savar, dhaka",01706696042,Paid,1200,0,112,12,100,Yes,Return,"2026-01-08 12:44:34","Shingara HQ",Delivery,Parcel
DS050126FCGXHP,"2026-01-05 09:34:46","Blanc | Hoodie - S","""6598""","Sohael Muntashir Karim","2F/14,15 Pallabi Extension, Mirpur, Dhaka-1216",01797093183,Paid,1130,1130,75.65,5.65,70,Yes,Delivered,"2026-01-06 09:33:06","Shingara HQ",Delivery,Parcel
RS030126YP3B8M,"2026-01-05 04:34:08","NOAH HOODIE L	1","""N/A""","SHINGARA PRODUCTION (Shingara HQ)","254 (ROYAL HAFIZ GARDEN) , In front of ibrahimpur primary school, North Ibrahimpur, Dhaka",01731012345,Paid,0,0,0,0,0,No,"Returned To Merchant","2026-01-06 12:45:33","Reverse Logistics @ Pathao",Return,Parcel
RE030126PE63F5,"2026-01-04 14:01:43",,"""6534""","SHINGARA PRODUCTION (Shingara HQ)","254 (ROYAL HAFIZ GARDEN) , In front of ibrahimpur primary school, North Ibrahimpur, Dhaka",01731012345,Paid,0,0,0,0,0,No,"Returned To Merchant","2026-01-06 12:45:33","Reverse Logistics @ Pathao",Return,Parcel
RS030126MNEZTH,"2026-01-04 11:13:47","Lucas | Denim Pant - S","""6578""","SHINGARA PRODUCTION (Shingara HQ)","254 (ROYAL HAFIZ GARDEN) , In front of ibrahimpur primary school, North Ibrahimpur, Dhaka",01731012345,Paid,0,0,60,0,60,No,"Returned To Merchant","2026-01-06 12:45:33","Reverse Logistics @ Pathao",Return,Parcel
DS040126XR788C,"2026-01-04 11:06:11","Ramy Zipper Jacket L ","""N/A""","Mostafa Mahit","Technical mor muzzafornagar R/A Road No -3, bayzid , Chittagong",01339264650,Paid,2380,2380,143.8,23.8,120,Yes,Delivered,"2026-01-06 08:20:52","Shingara HQ",Delivery,Parcel
ES020126HCGQC9,"2026-01-04 10:14:17","Dune | Hoodie - XL","""N/A""","Robiul Karim	","Ambagan Bazar, Jahangirnagar University ,Savar, Dhaka",01884549588,Paid,100,100,101,1,100,Yes,Exchange,"2026-01-05 09:26:14","Shingara HQ",Delivery,Parcel
DS040126AWHRQH,"2026-01-04 10:13:37","Blanc | Hoodie - S	","""N/A""","Md Nahid Khan","Ecb chottor Dhaka Cantonment Dhaka 1206",01742174334,Paid,1180,1180,75.9,5.9,70,Yes,Delivered,"2026-01-05 08:48:39","Shingara HQ",Delivery,Parcel
DS040126H7LU6V,"2026-01-04 10:12:42","Milo | Hoodie - S	","""N/A""","Shihab	","113/B Love Rd, Tejgaon Industrial Area, Dhaka 1208, 1208 Dhaka, Bangladesh",01735735305,Paid,1130,1130,75.65,5.65,70,Yes,Delivered,"2026-01-05 08:42:11","Shingara HQ",Delivery,Parcel
DS040126UYTGCU,"2026-01-04 09:52:24","Diego Denim Jacket L","""N/A""","Sajid Khan","ROAD NO 11 , house no 22 , DIT Project , Merul Badda , Dhaka",01335122603,Paid,2380,0,70,0,70,Yes,Return,"2026-01-07 12:11:11","Shingara HQ",Delivery,Parcel
DS040126UZNGQY,"2026-01-04 09:51:26","MILES DENIM S","""N/A""","saif khan","Station road, Dinajpur sadar, Dinajpur",01788091599,Paid,1580,1580,135.8,15.8,120,Yes,Delivered,"2026-01-06 11:34:56","Shingara HQ",Delivery,Parcel
DS0401267LZXCW,"2026-01-04 09:50:23","BRUNO ZIPPER JACKET L","""N/A""","Ahamed Estieak Esty","Bagbari, Lakshmipur Pouro 1no ward, Lakshmipur Sadar",01776779140,Paid,2180,2180,141.8,21.8,120,Yes,Delivered,"2026-01-05 13:00:14","Shingara HQ",Delivery,Parcel
DS0401265KE99N,"2026-01-04 09:49:18","Marlo | Zipper Jacket - S","""N/A""","Wafee	","House 64, Road 9A, Dhanmondi, Dhaka",01324438673,Paid,2330,2330,81.65,11.65,70,Yes,Delivered,"2026-01-05 10:46:22","Shingara HQ",Delivery,Parcel
DS0401265R4FCD,"2026-01-04 09:48:19","Lucas | Denim Pant - XL	","""N/A""",Enayet,"9, D, Dilkhusha, Motijheel, Agrani Bank",01612601567,Paid,1730,1730,78.65,8.65,70,Yes,Delivered,"2026-01-05 07:05:18","Shingara HQ",Delivery,Parcel
DS040126SMRCQZ,"2026-01-04 09:46:56","Ramy | Zipper Jacket - M","""N/A""","Sadin hasan","H_47 R_7 Block A Mirpur 12 Dhaka 1216",01672855917,Paid,2330,2330,81.65,11.65,70,Yes,Delivered,"2026-01-05 09:24:36","Shingara HQ",Delivery,Parcel
DS030126F98BY2,"2026-01-03 11:58:21","JULIAN M","""N/A""","HASIBUR RAHMAN (Tohfa Jannat)","Lift-3, Left Side Apartment, House No. 7, Road 36, Block - Ta, Mirpur 12",01906755373,Paid,2330,2330,71.65,11.65,60,Yes,Delivered,"2026-01-05 11:00:46","Shingara HQ",Delivery,Parcel
DS030126JM6AVA,"2026-01-03 11:54:24","JASPER M","""N/A""","Rownakul Haque","House-203, Road-W4, Block-D, Eastern Housing, Pallabi 2nd Phase, Rupnagar, Dhaka-1216.",01790527815,Paid,2380,2380,81.9,11.9,70,Yes,Delivered,"2026-01-05 11:00:24","Shingara HQ",Delivery,Parcel
DS0301263AK8ZS,"2026-01-03 11:53:24","FARRO ZIPPER JACKET XL	1, 80 BDT PAID","""N/A"""," ismail      (Sharmin)","814-south dania goyal bari more dhaka",01306599945,Paid,2140,2140,80.7,10.7,70,Yes,Delivered,"2026-01-05 06:01:11","Shingara HQ",Delivery,Parcel
DS030126Z58ZXJ,"2026-01-03 11:52:25","DUNE HOODIE XL , ENRIC QUARTER ZIP XL,  2880 FULL PAID","""N/A""","Antika Bushra","House no 43,
Road no 9 Main road
Under Garrison Overbridge 
Opposite CSD Tower 
Dhaka Cantonment 
Dhaka&quot;",01775772984,Paid,0,0,90,0,90,No,Delivered,"2026-01-05 06:04:29","Shingara HQ",Delivery,Parcel
DS030126B5N3KJ,"2026-01-03 11:51:29","MARLO ZIPPER JACKET L	1	","""N/A"""," fahim","mirpur sare 11, eastern housing, gharwar more, block B, building 190",01316587717,Paid,2180,2180,80.9,10.9,70,Yes,Delivered,"2026-01-05 06:48:29","Shingara HQ",Delivery,Parcel
DS030126YP3B8M,"2026-01-03 11:50:55","NOAH HOODIE L	1","""N/A""","Tumul ","848 ibrahimpur bazar moshjid,kafrul,dhaka ",01687177307,Paid,1130,0,75.65,5.65,70,Yes,Return,"2026-01-05 04:34:05","Shingara HQ",Delivery,Parcel
DS0301265GT5RG,"2026-01-03 11:50:18","ASHFORD DENIM M	1	","""N/A""","Basmah Zora","B1, house 164, road 3, Mohakhali DOHS",01727454513,Paid,1730,1730,78.65,8.65,70,Yes,Delivered,"2026-01-04 09:41:34","Shingara HQ",Delivery,Parcel
DS030126U2N39W,"2026-01-03 11:49:37","	RAMY ZIPPER JACKET M	1","""N/A""","Piash            (Mahfuz Ibn Alamgir) ","Memberbari Road( Rakib Store er samne) , Kuratoli, Kuril, Dhaka",01883882829,Paid,2330,2330,71.65,11.65,60,Yes,Delivered,"2026-01-04 09:49:18","Shingara HQ",Delivery,Parcel
ES030126PE63F5,"2026-01-03 11:47:33",,"""6534""","Aiyanur Rahman","232 House, Ecospace Baridhara, Fasherteq Panirpump road, vatara , Dhaka 1212, , , ,",01887522849,Paid,0,0,70,0,70,No,Exchange,"2026-01-04 09:35:25","Shingara Banani",Delivery,Parcel
DS0301265YS3P6,"2026-01-03 11:45:44","Lucas | Denim Pant - M, Lucas | Denim Pant - L, Miles | Denim Pant - M, Ashford | Denim Pant - M,","""6564""",Ruhan,"Rajfulbaria, RAJAGHAT,SAVAR",01911402476,Paid,6400,100,146,1,145,Yes,"Paid Return","2026-01-06 07:39:01","Shingara Banani",Delivery,Parcel
DS030126A5Z49T,"2026-01-03 11:44:47","Hazel | Denim Jacket - S, Roman | Zipper Jacket - S","""6570""",Ravi,"Tolarbag 3 no gate mirpur 1",01757822434,Paid,4410,2350,101.75,11.75,90,Yes,"Partial Delivery","2026-01-05 10:05:20","Shingara Banani",Delivery,Parcel
DS030126UPSRCY,"2026-01-03 11:43:49","Marlo | Zipper Jacket - XL","""6571""",Samin,"House Name: Southern-park 1, Dhaka Bangladesh, south banasree, baganbari main road, , , ,",01341770415,Paid,2218,2218,81.09,11.09,70,Yes,Delivered,"2026-01-04 14:02:53","Shingara Banani",Delivery,Parcel
DS030126LT42QU,"2026-01-03 11:38:40","Miles | Denim Pant - XL","""6576""","Jisan sardR","Mohammadia housing society Mohammadpur road 1/1 house 134",01400847665,Paid,1650,1650,78.25,8.25,70,Yes,Delivered,"2026-01-05 06:54:34","Shingara Banani",Delivery,Parcel
DS0301264FLZ5G,"2026-01-03 11:38:23","Bruno | Zipper Jacket - XL","""6577""","Samahat Islam","Dhanmondi 11a House 86a Flat A1",01819229542,Paid,2330,2330,81.65,11.65,70,Yes,Delivered,"2026-01-05 08:04:21","Shingara Banani",Delivery,Parcel
DS030126MNEZTH,"2026-01-03 11:38:05","Lucas | Denim Pant - S","""6578""","Arko Imtiaz","Chondiber Mollah Bari, Bhairab, Kishoreganj",01614830674,Paid,1500,0,120,0,120,Yes,"Paid Return","2026-01-04 06:52:28","Shingara Banani",Delivery,Parcel
DS030126D8BK4C,"2026-01-03 11:37:41","Miles | Denim Pant - M","""6579""",Rakib,"House-716, Road-10, Baitul Aman Housing, Adabor, Mohammadpur, Dhaka",01775266661,Paid,1730,1730,78.65,8.65,70,Yes,Delivered,"2026-01-04 12:07:14","Shingara Banani",Delivery,Parcel
DS0301262T6SL7,"2026-01-03 11:37:23","Ashford | Denim Pant - M","""6580""","Imran hasan","446, Pwd staff Quater, Shaheed Tajuddin Ahmed ave, Tejgaon",01755903768,Paid,1730,1730,78.65,8.65,70,Yes,Delivered,"2026-01-04 14:15:01","Shingara Banani",Delivery,Parcel
DS0301268SQX76,"2026-01-03 11:36:57","Miles | Denim Pant - M","""6581""","Rakib khan","Koborsthan Road, Polli biddut, ashulia, savar, Dhaka",01616064145,Paid,1730,1730,117.3,17.3,100,Yes,Delivered,"2026-01-05 08:45:43","Shingara Banani",Delivery,Parcel
DS030126JXLD5G,"2026-01-03 11:36:36","Julian | Zipper Jacket - M","""6584""","Rafee Tanzil","House 72 rode 14 sector 14 uttara 4th floor",01318186209,Paid,2220,2220,71.1,11.1,60,Yes,Delivered,"2026-01-05 07:29:45","Shingara Banani",Delivery,Parcel
DS030126T37NCM,"2026-01-03 11:35:56","Lucas | Denim Pant - XL,","""6585""",Shahed,"South Mugda 22/1,mayer Achol Building,flat 9c/d",01603452056,Paid,1730,1730,78.65,8.65,70,Yes,Delivered,"2026-01-04 10:13:29","Shingara Banani",Delivery,Parcel
DS030126GV6EEF,"2026-01-03 11:35:19","Miles | Denim Pant - M,","""6586""","Yeaman Sadan","Singra Technical Training Institute. Singra. Natore",01925015899,Paid,1500,1500,135,15,120,Yes,Delivered,"2026-01-05 10:22:00","Shingara Banani",Delivery,Parcel
DS030126FJSBLV,"2026-01-03 11:34:50","Miles | Denim Pant - XL","""6588""",Arshad,"House22 Road 1 Dutabash Road Baridhara",01795675588,Paid,1730,80,70.4,0.4,70,Yes,"Paid Return","2026-01-05 10:30:27","Shingara Banani",Delivery,Parcel
DS030126G6WZHC,"2026-01-03 11:34:17",,"""6589""",Tawsif,"House-509, Road-06, Block-H,Bashundhara R/A,Dhaka",01773225599,Paid,3280,3280,106.4,16.4,90,Yes,Delivered,"2026-01-04 09:10:54","Shingara Banani",Delivery,Parcel
DS0301263QZ4RB,"2026-01-03 09:41:51","Farro Xl","""N/A""",ismail,"814-south dania goyal bari mor dhaka",01306599945,Unpaid,2250,0,71.25,11.25,60,Yes,"Pickup Cancel","2026-01-03 12:22:45","Shingara Banani",Delivery,Parcel
RS020126YG28DV,"2026-01-03 09:18:00","Milo | Hoodie - M	","""N/A""","SHINGARA PRODUCTION (Shingara HQ)","254 (ROYAL HAFIZ GARDEN) , In front of ibrahimpur primary school, North Ibrahimpur, Dhaka",01731012345,Paid,0,0,0,0,0,No,"Returned To Merchant","2026-01-05 12:17:15","Reverse Logistics @ Pathao",Return,Parcel
RE281225E439PZ,"2026-01-02 14:11:03"," exchanged product of DS281225E439PZ","""6534""","SHINGARA PRODUCTION (Shingara HQ)","254 (ROYAL HAFIZ GARDEN) , In front of ibrahimpur primary school, North Ibrahimpur, Dhaka",01731012345,Paid,0,0,0,0,0,No,"Returned To Merchant","2026-01-03 13:47:16","Reverse Logistics @ Pathao",Return,Parcel
RE291225FYC5BN,"2026-01-02 13:57:54","BRUNO ZIPPER JACKET S	1","""N/A""","SHINGARA PRODUCTION (Shingara HQ)","254 (ROYAL HAFIZ GARDEN) , In front of ibrahimpur primary school, North Ibrahimpur, Dhaka",01731012345,Paid,0,0,0,0,0,No,"Returned To Merchant","2026-01-04 12:43:34","Reverse Logistics @ Pathao",Return,Parcel
RE3012254X3HH7,"2026-01-02 11:59:24","Ashford | Denim Pant - L exchanged product of DS3012254X3HH7","""6551""","SHINGARA PRODUCTION (Shingara HQ)","254 (ROYAL HAFIZ GARDEN) , In front of ibrahimpur primary school, North Ibrahimpur, Dhaka",01731012345,Paid,0,0,0,0,0,No,"Returned To Merchant","2026-01-03 13:47:16","Reverse Logistics @ Pathao",Return,Parcel
ES3112255XKQM9,"2026-01-02 07:35:10","HAZEL DENIM JACKET M","""N/A""","জয় প্রকাশ ","ঘাটিয়া বাজার , হবিগঞ্জ সদর ",01675870935,Paid,0,0,120,0,120,No,Exchange,"2026-01-06 12:07:28","Shingara HQ",Delivery,Parcel
DS020126WY34SC,"2026-01-02 07:33:25","BRUNO ZIPPER JACKET S	","""N/A""","Muyib Bin Hassan","Niralakuthir,Ganakpara Munshiganj Sadar,Munshiganj&quot;",01760768226,Paid,2330,2180,141.8,21.8,120,Yes,Delivered,"2026-01-04 13:17:46","Shingara HQ",Delivery,Parcel
DS020126Q7VD3T,"2026-01-02 07:32:31","MILES DENIM L	1	","""N/A""","Abdullah Al Adel","Amble Snowdrop 82/JA, comilla para road, Gulshan Badda Link road, Dhaka.",01738390861,Paid,1730,1730,78.65,8.65,70,Yes,Delivered,"2026-01-03 08:51:46","Shingara HQ",Delivery,Parcel
DS020126L2AVDC,"2026-01-02 07:31:25","ASHFORD DENIM PANT XL","""N/A""","leon chowdhury ","জেলা : কুড়িগ্রাম : উপজেলা : উলিপুর 
উলিপুর বাজার এ এসে আমার নাম্বার এ কল দিলে হবে
&quot;",01739570882,Paid,1580,1580,135.8,15.8,120,Yes,Delivered,"2026-01-06 07:29:39","Shingara HQ",Delivery,Parcel
DS020126QQ9M3B,"2026-01-02 07:30:26","Miles | Denim Pant - L  2","""N/A""",Rishad,"1216 House 14, Road 16 , Block - D , Muslimbazar , Pallabi , Mirpur 12 , Dhaka",01874423031,Paid,3380,3380,106.9,16.9,90,Yes,Delivered,"2026-01-03 07:12:56","Shingara HQ",Delivery,Parcel
DS020126S5SNDW,"2026-01-02 07:29:32","Diego | Denim Jacket - S","""N/A""","Mahmudul Hasan","Dadpur bajar, Mehendigonj, Barisal",01770617689,Paid,2430,2430,144.3,24.3,120,Yes,Delivered,"2026-01-05 06:00:56","Shingara HQ",Delivery,Parcel
DS020126PWZG88,"2026-01-02 07:28:37","Blanc | Hoodie - L   
Blanc | Hoodie - M","""N/A""","Muktasid Mahdee Zeyon","House no-7. Road-9, Sector-6, Uttara, Dhaka",01902320822,Paid,2168,2168,100.84,10.84,90,Yes,Delivered,"2026-01-03 08:08:26","Shingara HQ",Delivery,Parcel
DS020126YG28DV,"2026-01-02 07:27:31","Milo | Hoodie - M	","""N/A""","Iktider Somhan","uttara sector 4 ,road 11,house 47,2nd floor",01819151185,Paid,1124,80,70.4,0.4,70,Yes,"Paid Return","2026-01-03 08:41:58","Shingara HQ",Delivery,Parcel
DS02012684LA8Z,"2026-01-02 07:26:24","Blanc | Hoodie - XL","""N/A""","Abu Nayem	","33/34 Station Road /Sheikh Bari/Tejgaon",01576815883,Paid,1124,1124,75.62,5.62,70,Yes,Delivered,"2026-01-04 08:47:09","Shingara HQ",Delivery,Parcel
DS020126HCGQC9,"2026-01-02 07:25:12","Dune | Hoodie - XL","""N/A""","Robiul Karim	","Ambagan Bazar, Jahangirnagar University ,Savar, Dhaka",01884549588,Paid,1124,1124,111.24,11.24,100,Yes,Delivered,"2026-01-04 09:09:49","Shingara HQ",Delivery,Parcel
DS020126S6LE5W,"2026-01-02 07:24:10","Noah | Hoodie - M","""N/A""","Rafikul Islam Khan","Khanbari Chourasta Demra",01928638406,Paid,1180,1180,75.9,5.9,70,Yes,Delivered,"2026-01-04 07:56:30","Shingara HQ",Delivery,Parcel
DS020126AJYMGP,"2026-01-02 07:21:20","NOAH HOODIE S","""N/A""",Arafat,"Dhaka Mirpur 12, D - block, Road - 14, House - 17 ",01764636997,Paid,1180,1180,75.9,5.9,70,Yes,Delivered,"2026-01-03 05:48:24","Shingara HQ",Delivery,Parcel
DS020126T5CVFB,"2026-01-02 07:20:26","JASPER DENIM JACKET M","""N/A""","Tonmoy Banik","Ahsanullah hall, BUET ",01731928804,Paid,2380,2380,81.9,11.9,70,Yes,Delivered,"2026-01-03 08:06:43","Shingara HQ",Delivery,Parcel
DS0201263A6DX6,"2026-01-02 07:19:24","Henri | Quarter-Zip L","""N/A""","Mohammad Nishan ","Raipur,haiderganj bazar(Rosim uddin high school), Lakshmipur",01323231983,Paid,0,0,120,0,120,No,Delivered,"2026-01-04 14:12:32","Shingara HQ",Delivery,Parcel
RS301225TDRBUE,"2026-01-02 06:45:36","Miles | Denim Pant - S","""N/A""","SHINGARA PRODUCTION (Shingara HQ)","254 (ROYAL HAFIZ GARDEN) , In front of ibrahimpur primary school, North Ibrahimpur, Dhaka",01731012345,Paid,0,0,0,0,0,No,"Returned To Merchant","2026-01-03 13:47:16","Reverse Logistics @ Pathao",Return,Parcel
RS3112258CZBLK,"2026-01-01 15:01:40","Blanc | Hoodie - S, Milo | Hoodie - M, Dune | Hoodie - XL","""6559""","SHINGARA PRODUCTION (Shingara HQ)","254 (ROYAL HAFIZ GARDEN) , In front of ibrahimpur primary school, North Ibrahimpur, Dhaka",01731012345,Paid,0,0,87.5,0,87.5,No,"Returned To Merchant","2026-01-04 12:43:34","Reverse Logistics @ Pathao",Return,Parcel
RE3012252QCZE7,"2026-01-01 13:02:23","Miles | Denim Pant - S exchanged product of DS3012252QCZE7","""6546""","SHINGARA PRODUCTION (Shingara HQ)","254 (ROYAL HAFIZ GARDEN) , In front of ibrahimpur primary school, North Ibrahimpur, Dhaka",01731012345,Paid,0,0,0,0,0,No,"Returned To Merchant","2026-01-04 12:43:34","Reverse Logistics @ Pathao",Return,Parcel
RS311225VXMJMZ,"2026-01-01 12:43:44","Miles | Denim Pant - L","""6556""","SHINGARA PRODUCTION (Shingara HQ)","254 (ROYAL HAFIZ GARDEN) , In front of ibrahimpur primary school, North Ibrahimpur, Dhaka",01731012345,Paid,0,0,0,0,0,No,"Returned To Merchant","2026-01-03 13:47:16","Reverse Logistics @ Pathao",Return,Parcel
DS010126PB8PXD,"2026-01-01 11:24:28","Bruno | Zipper Jacket - L	","""N/A""",Arham," Brahmanbaria Upazila Nabinagar purbo para",01816935189,Paid,2180,0,141.8,21.8,120,Yes,Return,"2026-01-05 10:06:43","Shingara Banani",Delivery,Parcel
ES3012254X3HH7,"2026-01-01 11:23:06","Ashford | Denim Pant - L exchanged product of DS3012254X3HH7","""6551""","Nafisul Haque Sajid","Sector 7, Road 16, House 3, Flat 4B, Uttara, Dhaka,",01890331431,Paid,100,100,70.5,0.5,70,Yes,Exchange,"2026-01-02 09:55:52","Shingara Banani",Delivery,Parcel
ES311225UJJGV5,"2026-01-01 11:22:25","JULIAN ZIPPER JACKET M exchanged product of DS311225UJJGV5","""N/A"""," Mehedi Hasan","Patuakhali, kalapara, Radar station",01994490861,Paid,0,0,120,0,120,No,Exchange,"2026-01-06 06:37:21","Shingara Banani",Delivery,Parcel
ES291225FYC5BN,"2026-01-01 11:20:55","BRUNO ZIPPER JACKET S	1","""N/A""","Sumaiya Adbiah Shupti","178/4,Dewanpara, Dhaka Cantonment",01976321932,Paid,100,0,70,0,70,Yes,Exchange,"2026-01-02 08:40:46","Shingara Banani",Delivery,Parcel
DS010126Z3LP4K,"2026-01-01 11:03:51","Ramy | Zipper Jacket - L","""N/A""",Warith,"Merul badda, D/4 anandanagar",01609780166,Unpaid,2330,0,71.65,11.65,60,Yes,"Pickup Cancel","2026-01-01 11:04:52","Shingara Banani",Delivery,Parcel
RS311225XJD3XW,"2026-01-01 10:19:31","BLANC HOODIE L ","""N/A""","SHINGARA PRODUCTION (Shingara HQ)","254 (ROYAL HAFIZ GARDEN) , In front of ibrahimpur primary school, North Ibrahimpur, Dhaka",01731012345,Paid,0,0,60,0,60,No,"Returned To Merchant","2026-01-04 12:43:34","Reverse Logistics @ Pathao",Return,Parcel
RS3112255QHTAR,"2026-01-01 09:49:41","MILES DENIM L","""N/A""","SHINGARA PRODUCTION (Shingara HQ)","254 (ROYAL HAFIZ GARDEN) , In front of ibrahimpur primary school, North Ibrahimpur, Dhaka",01731012345,Paid,0,0,0,0,0,No,"Returned To Merchant","2026-01-03 13:47:16","Reverse Logistics @ Pathao",Return,Parcel
DS010126HDNH7C,"2026-01-01 09:45:29","Ramy | Zipper Jacket - L,","""6562""",Warith,"Merul badda, D/4 anandanagar",01609780166,Paid,2330,2330,81.65,11.65,70,Yes,Delivered,"2026-01-02 06:52:45","Shingara Banani",Delivery,Parcel
ES281225E439PZ,"2026-01-01 09:39:28"," exchanged product of DS281225E439PZ","""6534""","Aiyanur Rahman","232 House, Ecospace Baridhara, Fasherteq Panirpump road, vatara , Dhaka 1212, , , ,",01887522849,Paid,100,0,70.5,0.5,70,Yes,Return,"2026-01-02 09:29:04","Shingara HQ",Delivery,Parcel
DS01012623TC4C,"2026-01-01 09:38:05","Milo | Hoodie - M","""6563""","Anisuzaman Rahi","Santi Nibas, Road-1, Lane-1, B-Block, Halishahar, Chattogram",01717282454,Paid,1030,1030,130.3,10.3,120,Yes,Delivered,"2026-01-03 08:25:17","Shingara HQ",Delivery,Parcel
